date,prior_close,open,high,low,close,gap_pct,direction,outcome,session_pct,close_vs_prior_pct,extension_beyond_open_pct,retrace_fraction,volume
2024-07-30,463.9,465.85,466.561,454.15,457.53,0.42034921319251684,up,full_reversal,-1.7859826124289047,-1.3731407630954928,0.15262423526885005,5.999999999999884,41296810
2024-07-31,457.53,467.87,472.79,466.41,471.07,2.259961095447305,up,continuation,0.683950670057909,2.9593687845605787,1.0515741552140634,0.14119922630560688,44519684
2024-08-01,471.07,471.76,475.55,455.98,459.66,0.14647504617149032,up,full_reversal,-2.5648634899101186,-2.422145328719716,0.8033745972528372,22.86956521739134,56568500
2024-08-02,459.66,450.89,453.57,444.47,448.75,-1.9079319497019576,down,continuation,-0.4746168688593677,-2.3734934516816852,1.4444169460255951,0.3055872291904213,65746444
2024-08-05,448.75,424.71,442.29,423.45,435.37,-5.357103064066859,down,partial_retrace,2.5099479644934197,-2.9816155988857895,0.29755579171093505,0.7312811980033289,87168352
2024-08-06,435.37,437.23,447.07,434.56,439.53,0.42722282196752115,up,continuation,0.5260389268805898,0.955509107196173,2.250531756741303,1.43548387096774,62486579
2024-08-07,439.53,446.49,449.0,434.37,434.77,1.5835096580438357,up,full_reversal,-2.6249188111715838,-1.082974996018471,0.5621626464198615,1.7413793103448192,54587013
2024-08-08,434.77,441.06,448.99,437.15,448.07,1.446741955516706,up,continuation,1.589352922504883,3.0590887135726996,1.7979413231759889,0.6216216216216236,47518271
2024-08-09,448.07,446.74,452.06,445.61,450.41,-0.2968286205280335,down,full_reversal,0.8215069167748723,0.5222398285982255,0.2535849734072393,4.000000000000043,33572076
2024-08-12,450.41,451.39,454.37,448.5546,451.38,0.21757953864256496,up,partial_retrace,-0.0022153791621404295,0.21535933926866146,0.6601829903188028,2.8932653061225557,27795006
2024-08-13,451.38,455.82,462.85,455.68,462.58,0.9836501395719788,up,continuation,1.4830415514896167,2.4812796313527397,1.5422754596112531,0.031531531531528476,39889837
2024-08-14,462.58,463.51,465.1093,458.4,462.73,0.20104630550390468,up,partial_retrace,-0.1682811589825417,0.032426823468378885,0.34504109943691574,5.494623655913953,34636496
2024-08-15,462.73,468.76,474.82,468.38,474.42,1.3031357379033048,up,continuation,1.207440907927304,2.5263112398158816,1.292772420855015,0.06301824212271927,38252215
2024-08-16,474.42,472.62,476.41,471.65,475.03,-0.3794106487922111,down,full_reversal,0.5099234056959112,0.12857805320178883,0.20566097741969713,2.1055555555555534,38382123
2024-08-19,475.03,475.17,481.31,473.37,481.27,0.02947182283226102,up,continuation,1.283751078561357,1.3136012462370728,1.2921691184207829,12.857142857138971,23613074
2024-08-20,481.27,480.35,482.94,478.55,480.26,-0.1911608868202741,down,continuation,-0.01873633808682218,-0.20986140835704825,0.37613624490648867,2.815217391304446,29059040
2024-08-21,480.26,481.05,484.37,479.32,482.5,0.16449423229085713,up,continuation,0.3014239684024478,0.4664140257360616,0.6901569483421577,2.1898734177214854,25580787
2024-08-22,482.5,484.84,485.54,473.81,474.85,0.48497409326424545,up,full_reversal,-2.060473558287257,-1.5854922279792683,0.14437752660672043,4.713675213675252,37678976
2024-08-23,474.85,479.24,482.74,475.28,480.0,0.9245024744656272,up,continuation,0.15858442534011363,1.0845530167421291,0.7303230114347636,0.9020501138952275,36047508
2024-08-26,480.0,479.45,480.38,473.24,475.34,-0.11458333333334014,down,continuation,-0.8572322452810588,-0.970833333333343,1.3122305806778867,1.6909090909090683,27318041
2024-08-27,475.34,473.69,477.84,471.71,476.76,-0.3471199562418481,down,full_reversal,0.6481031898498912,0.2987335380990386,0.4197494223145526,2.515151515151536,27472003
2024-08-28,476.76,476.29,477.02,467.89,471.35,-0.09858209581340427,down,continuation,-1.0371832287051963,-1.1347428475543153,1.7952937656286805,1.5531914893617176,37272236
2024-08-29,471.35,473.28,477.93,469.372,470.66,0.4094621830911027,up,full_reversal,-0.5535835023664504,-0.1463880343693602,0.9825050709939331,2.0248704663212744,40664015
2024-08-30,470.66,475.04,476.9,470.51,476.27,0.930608082267459,up,continuation,0.25892556416300394,1.1919432286576104,0.39154597507577993,1.0342465753424737,32706373
2024-09-03,476.27,473.2,473.33,459.4101,461.81,-0.6445923530770337,down,continuation,-2.4070160608622104,-3.036092972473592,3.001653642355695,0.04234527687296278,44971619
2024-09-04,461.81,458.67,464.45,457.73,460.61,-0.6799333059050228,down,partial_retrace,0.42296204242702196,-0.2598471232758026,0.2053612391584636,1.8407643312101905,32427852
2024-09-05,460.61,458.97,465.36,457.939,461.04,-0.35604958641800577,down,full_reversal,0.45100986992614445,0.09335446473155429,0.225139156088483,3.8963414634146583,34378785
2024-09-06,461.04,460.33,461.22,448.19,448.69,-0.15399965295853635,down,continuation,-2.5286207720548237,-2.6787263577997655,2.7086726611481815,1.25352112676056,50603785
2024-09-09,448.69,453.06,455.46,449.823428,454.46,0.9739463772314938,up,continuation,0.30900984417074895,1.2859658115848216,0.529731161435576,0.7406343249427965,32917419
2024-09-10,454.46,456.24,459.17,452.23,458.66,0.39167363464331917,up,continuation,0.5304225846046062,0.924173744664003,0.6422058565667133,2.2528089887640026,29651319
2024-09-11,458.66,459.91,469.37,451.28,468.62,0.27253303100336357,up,continuation,1.89384879650365,2.1715431910347416,2.056924180817976,6.904000000000042,57842992
2024-09-12,468.62,468.65,474.04,466.8491,473.22,0.00640177542570175,up,continuation,0.9751413634908834,0.9816055652767774,1.1501120238984308,60.03000000005313,39930456
2024-09-13,473.22,472.48,476.53,472.25,475.34,-0.15637547018300113,down,full_reversal,0.605316627158814,0.44799459025399724,0.04870301746955352,5.472972972972844,28922849
2024-09-16,475.34,473.19,473.8599,469.89,473.24,-0.45230782176967077,down,partial_retrace,0.010566580020721084,-0.4417890352168885,0.702292025793283,0.31158139534883317,22581546
2024-09-17,473.24,476.29,477.6,470.97,473.49,0.6444932803651549,up,partial_retrace,-0.58787713367906,0.05282731806270924,0.27504251611414343,1.7442622950819584,30000988
2024-09-18,473.49,474.7,478.83,470.83,471.44,0.2555492196244957,up,full_reversal,-0.686749526016428,-0.4329552894464572,0.8700231725300211,3.1983471074380745,39632465
2024-09-19,471.44,482.61,486.23,480.49,483.36,2.3693365009333167,up,continuation,0.15540498539192704,2.5284235533683974,0.7500880628250606,0.1897940913160252,51886523
2024-09-20,483.36,482.49,483.69,478.3,482.44,-0.17999006951340268,down,continuation,-0.010362909075833926,-0.19033432638199121,0.8760192347898821,1.3793103448275659,34403263
2024-09-23,482.44,482.95,484.14,481.6,483.04,0.10571262747698373,up,continuation,0.01863546951030859,0.12436779703175471,0.2464023190806408,2.647058823529392,24704372
2024-09-24,483.04,484.46,486.33,480.17,485.37,0.2939715137462606,up,continuation,0.18783800520167926,0.48236170917521637,0.385996779919906,3.0211267605634418,25949637
2024-09-25,485.37,484.74,487.79,484.56,485.82,-0.12979788614870813,down,full_reversal,0.2227998514667595,0.09271277582050264,0.03714710252600284,4.841269841269894,26549866
2024-09-26,485.82,493.37,493.7,485.8,489.47,1.554073525173938,up,partial_retrace,-0.7904817885157178,0.7513070684615819,0.06688692056671108,1.0026490066225142,32012781
2024-09-27,489.47,490.5,490.64,485.56,486.75,0.21043169142132,up,full_reversal,-0.7645259938837912,-0.555703107442751,0.028542303771650346,4.796116504854494,22848120
2024-09-30,486.75,485.78,488.41,482.92,488.07,-0.19928094504366722,down,full_reversal,0.47140680966692994,0.2711864406779618,0.5922305972003494,2.7113402061855445,30330605
2024-10-01,488.07,487.7,488.0,477.4,481.27,-0.07580879791833084,down,continuation,-1.3184334631945904,-1.393242772553116,2.1575198994553846,0.8108108108108316,42559474
2024-10-02,481.27,480.36,483.88,477.72,481.95,-0.1890830510939745,down,full_reversal,0.3310017486884753,0.14129282938890597,0.5526249686008455,3.8681318681319836,23668849
2024-10-03,481.95,479.74,484.545,478.99,481.59,-0.4585537918871174,down,partial_retrace,0.38562554717138653,-0.07469654528478031,0.1565794692999889,2.1742081447964035,25329070
2024-10-04,481.59,487.45,487.88,482.385,487.32,1.216802674474149,up,partial_retrace,-0.02666940198994272,1.1898087584875094,0.08821417581290625,0.8643344709897587,30732759
2024-10-07,487.32,485.39,486.57,480.87,482.1,-0.3960436674053991,down,continuation,-0.6778054760089747,-1.0711647377493194,0.9399629837586021,0.6113989637305713,24972649
2024-10-08,482.1,484.66,489.99,483.845,489.3,0.5310101638664078,up,continuation,0.9573721784343681,1.4934660858743065,1.0997400239342925,0.31835937499999883,28252117
2024-10-09,489.3,489.0,493.73,487.95,493.15,-0.06131207847945852,down,full_reversal,0.8486707566462082,0.7868383404864066,0.21518598217029616,15.76666666666613,24994950
2024-10-10,493.15,490.85,494.47,489.53,492.59,-0.4663895366521231,down,partial_retrace,0.35448711418966106,-0.113555713271829,0.26964639552224945,1.573913043478294,25747446
2024-10-11,492.59,490.74,494.39,490.17,493.36,-0.3755658864369904,down,full_reversal,0.5338875983209146,0.15631661219270843,0.11628618642511857,1.972972972972997,20439497
2024-10-14,493.36,495.77,498.83,495.26,497.5,0.48848710880491364,up,continuation,0.3489521350626301,0.839143830063227,0.6172216955443011,0.21161825726140981,25720145
2024-10-15,497.5,497.83,498.5,488.68,490.85,0.06633165829146304,up,full_reversal,-1.4020850491131442,-1.336683417085427,0.13458409497217882,27.727272727273995,34695156
2024-10-16,490.85,491.18,491.69,487.57,490.91,0.06723031476010277,up,partial_retrace,-0.054969664888626646,0.012223693592749996,0.10383158923408242,10.939393939394508,22962776
2024-10-17,490.91,496.44,496.49,491.1901,491.25,1.1264793954085306,up,partial_retrace,-1.0454435581339183,0.06925913100159775,0.010071710579317994,0.949349005424964,27154758
2024-10-18,491.25,494.06,495.57,493.3,494.47,0.572010178117055,up,continuation,0.08298587216128972,0.6554707379134994,0.30563089503299334,0.2704626334519538,24758980
2024-10-21,494.47,493.25,496.23,491.31,495.42,-0.24672882075758018,down,full_reversal,0.4399391789153606,0.19212490140958494,0.3948627139687799,2.4426229508196324,30336549
2024-10-22,495.42,492.73,497.445,491.97,495.96,-0.5429736385289208,down,full_reversal,0.6555314269478085,0.10899842557829942,0.15448096428642977,1.7527881040892115,26648041
2024-10-23,495.96,493.59,494.25,485.05,488.36,-0.4778611178320791,down,continuation,-1.0595838651512257,-1.5323816436809357,1.7606432326564114,0.2784810126582379,39309565
2024-10-24,488.36,492.11,493.0,489.44,492.32,0.7678761569334114,up,continuation,0.04267338603156645,0.8108772217216842,0.18085387413382392,0.7120000000000043,21805230
2024-10-25,492.32,495.14,500.28,494.43,495.32,0.5727981800454973,up,continuation,0.03635335460678846,0.6093597660058458,1.0380902371046608,0.25177304964538344,38464943
2024-10-28,495.32,498.46,498.52,495.1,495.4,0.6339336186707456,up,partial_retrace,-0.6138907836135354,0.016151174997980355,0.012037074188508967,1.0700636942675068,20438778
2024-10-29,495.4,495.72,501.35,493.85,500.16,0.06459426725879958,up,continuation,0.8956669087388125,0.9608397254743828,1.1357217784232931,5.843749999999101,27896959
2024-10-30,500.16,499.39,500.35,495.89,496.38,-0.15395073576456308,down,continuation,-0.6027353371112709,-0.755758157389641,0.7058016898908948,1.2467532467532314,29755960
2024-10-31,496.38,492.38,492.43,483.75,483.85,-0.8058342398968521,down,continuation,-1.7324018034851063,-2.5242757564768903,1.7839793281653638,0.012500000000002842,41111248
2024-11-01,483.85,485.5,490.7507,485.2,487.43,0.3410147773070138,up,continuation,0.3975283213182301,0.7398987289449099,1.0815036045314086,0.1818181818181912,33623457
2024-11-04,487.43,486.82,489.38,484.2545,486.01,-0.1251461748353666,down,continuation,-0.1663859331991313,-0.29132388240362683,0.5297834093436427,4.1967213114753195,23221580
2024-11-05,486.01,487.61,492.88,487.52,492.21,0.3292113331001545,up,continuation,0.9433768790631847,1.2756939157630542,1.080781772318029,0.0562500000000191,23962675
2024-11-06,492.21,500.56,506.41,499.6,505.58,1.6964303854046126,up,continuation,1.0028767780086323,2.7163202698035294,1.1686910660060779,0.11497005988023676,42682198
2024-11-07,505.58,508.4,514.33,508.34,513.54,0.5577752284504855,up,continuation,1.0110149488591569,1.5744293682503185,1.1664044059795486,0.021276595744681708,32648320
2024-11-08,513.54,513.035,514.9175,512.41,514.14,-0.09833703314250375,down,full_reversal,0.2153849152591869,0.1168360789811862,0.12197263909758949,3.7277227722773603,22894483
2024-11-11,514.14,515.37,515.58,510.92,513.84,0.23923444976077235,up,full_reversal,-0.29687409045927593,-0.0583498657953041,0.04074742418069821,3.617886178861726,24056679
2024-11-12,513.84,513.77,514.66,509.83,512.91,-0.013622917639743992,down,continuation,-0.1673900772719339,-0.1809901914993084,0.7728066218151142,12.714285714276434,25814288
2024-11-13,512.91,512.4,514.98,509.95,512.25,-0.09943264900275084,down,continuation,-0.029274004683832455,-0.12867754576825208,0.48043925875085325,5.058823529411935,24491812
2024-11-14,512.25,511.91,512.79,507.77,508.69,-0.06637384089799303,down,continuation,-0.6290168193627821,-0.6949731576378682,0.815329775291973,2.588235294117657,28379519
2024-11-15,508.69,502.94,503.33,494.49,496.57,-1.1303544398356569,down,continuation,-1.2665526702986485,-2.38259057579272,1.7088313211591766,0.06782608695651937,51293304
2024-11-18,496.57,498.13,502.14,496.73,500.02,0.31415510401353597,up,continuation,0.37941902716158715,0.6947660954145451,0.8050107401682327,0.8974358974358816,27177662
2024-11-19,500.02,497.42,503.9536,497.08,503.46,-0.5199792008319548,down,full_reversal,1.2142656105504246,0.6879724811007515,0.06839945280439075,2.5129230769231015,24514520
2024-11-20,503.46,503.16,503.48,496.555,503.17,-0.05958765343819783,down,partial_retrace,0.0019874393830887627,-0.057601398323592345,1.3301648357181062,1.0666666666668057,29549991
2024-11-21,503.17,506.24,506.96,497.56,504.98,0.6101317646123539,up,partial_retrace,-0.2488938053097356,0.3597193791362807,0.14222503160554734,2.8273615635179237,34521738
2024-11-22,504.98,504.42,506.53,502.78,505.79,-0.11089548100915447,down,full_reversal,0.27159906427183245,0.1604023921739417,0.32618640359600715,3.7678571428570504,23816444
2024-11-25,505.79,509.9,511.4525,504.2625,506.59,0.8125902054212153,up,partial_retrace,-0.6491468915473586,0.1581684098143299,0.30447146499312794,1.3716545012165566,26374916
2024-11-26,506.59,508.08,510.14,507.23,509.31,0.29412345289090425,up,continuation,0.24208786017949624,0.5369233502438009,0.4054479609510331,0.5704697986576918,26433061
2024-11-27,509.31,508.17,508.24,501.93,505.3,-0.22383224362372278,down,continuation,-0.5647716315406281,-0.7873397341501276,1.243201243201253,0.061403508771924575,24753441
2024-11-29,505.3,505.93,510.34,505.31,509.74,0.12467840886603021,up,continuation,0.7530686063289327,0.8786859291509908,0.871662087640579,0.9841269841269984,15333968
2024-12-02,509.74,511.01,516.26,510.62,515.29,0.249146623768981,up,continuation,0.8375569949707451,1.088790363714831,1.0273771550458832,0.30708661417322203,25147165
2024-12-03,515.29,513.95,517.15,513.37,516.87,-0.2600477401074941,down,full_reversal,0.5681486525926482,0.3066234547536517,0.11297894306252498,2.388059701492632,18597900
2024-12-04,516.87,520.32,523.52,519.6,523.26,0.6674792501015769,up,continuation,0.5650369003689981,1.2362876545359613,0.6150061500614923,0.2086956521739182,25919972
2024-12-05,523.26,523.31,524.0399,521.42,521.81,0.009555479111722498,up,full_reversal,-0.2866369838145699,-0.27710889423996354,0.13947755632417458,37.8000000000341,18146132
2024-12-06,521.81,522.48,526.72,522.35,526.48,0.12839922577183582,up,continuation,0.7655795437145896,0.8949617676932364,0.8115143163374583,0.1940298507462408,23748361
2024-12-09,526.48,525.55,526.35,521.22,522.38,-0.17664488679532964,down,continuation,-0.6031776234420971,-0.7787570278073308,0.8307432562065786,0.8602150537634553,20674405
2024-12-10,522.38,523.62,525.38,519.16,520.6,0.237375090929981,up,full_reversal,-0.5767541346778149,-0.3407481143994695,0.33612161491156645,3.59677419354839,24237090
2024-12-11,520.6,525.0,530.61,524.59,529.92,0.8451786400307304,up,continuation,0.9371428571428586,1.7902420284287235,1.068571428571441,0.09318181818181143,32098579
2024-12-12,529.92,527.68,528.96,526.02,526.5,-0.4227053140096637,down,continuation,-0.22362037598543383,-0.6453804347826053,0.31557735447320656,0.5714285714286077,23492804
2024-12-13,526.5,530.46,533.1661,527.3001,530.53,0.7521367521367672,up,continuation,0.013196093956180377,0.7654320987654284,0.510142140783465,0.7979545454545365,28656855
2024-12-16,530.53,533.08,539.15,533.0,538.17,0.48065142404767336,up,continuation,0.9548285435581727,1.4400693645976625,1.1386658662864813,0.03137254901962305,31918863
2024-12-17,538.17,536.36,537.48,534.13,535.8,-0.3363249530817347,down,continuation,-0.10440748750839557,-0.44038129215675514,0.41750135734746063,0.6187845303867615,28106770
2024-12-18,535.8,535.15,536.8799,515.01,516.47,-0.12131392310563704,down,continuation,-3.49061010931514,-3.6076894363568313,3.910603677598501,2.661384615384775,54521255
2024-12-19,516.47,521.19,521.7599,513.83,514.17,0.9138962572850406,up,full_reversal,-1.3469176308064434,-0.4453308033380621,0.10934591991402787,1.559322033898299,46005404
2024-12-20,514.17,510.44,524.82,509.29,518.66,-0.7254410020032243,down,full_reversal,1.6103753624324035,0.8732520372639385,0.22580455143434985,3.8552278820375876,60086561
2024-12-23,518.66,519.55,523.25,516.13,522.87,0.17159603593877026,up,continuation,0.63901453180637,0.8117070913507884,0.7121547493022851,3.842696629213496,29346800
2024-12-24,522.87,524.83,530.05,524.19,529.96,0.37485417025264756,up,continuation,0.9774593677952748,1.355977585250634,0.9946077777565954,0.32653061224488494,17486215
2024-12-26,529.96,528.32,531.24,526.31,529.6,-0.30945731753340144,down,partial_retrace,0.24227740763174133,-0.06792965506831061,0.381904200946237,1.7804878048780386,18668994
2024-12-27,529.6,526.01,526.45,517.86,522.56,-0.677870090634447,down,continuation,-0.6558810668998771,-1.329305135951675,1.5737844204997353,0.12256267409472163,33839555
2024-12-30,522.56,515.51,519.36,511.83,515.61,-1.3491273729332454,down,partial_retrace,0.019398265795045333,-1.3299908144519201,0.7189887267256667,0.5460992907801486,34559078
2024-12-31,515.61,516.9,517.66,510.26,511.23,0.2501890964100806,up,full_reversal,-1.096923969820074,-0.8494792575784005,0.1470303733797529,5.147286821705561,29099028
2025-01-02,511.23,514.3,516.64,505.71,510.23,0.600512489486138,up,full_reversal,-0.7913669064748108,-0.1956066740997242,0.4549873614621891,2.7980456026059133,36209583
2025-01-03,510.23,513.35,519.6454,512.53,518.58,0.6114889363620257,up,continuation,1.0187980909710737,1.6365168649432604,1.2263368072465086,0.2628205128205285,29049295
2025-01-06,518.58,524.02,527.92,522.03,524.54,1.0490184735238328,up,continuation,0.09923285370787571,1.1492922981989118,0.7442464028090567,0.3658088235294174,36037329
2025-01-07,524.54,525.59,525.99,513.28,515.18,0.20017539177186183,up,full_reversal,-1.9806312905496837,-1.7844206352232495,0.07610494872427598,11.723809523808818,36427692
2025-01-08,515.18,515.08,516.9199,510.57,515.27,-0.01941069140880547,down,full_reversal,0.03688747379047008,0.017469622267940466,0.8833264782498018,18.399000000016166,30481577
2025-01-10,515.27,511.48,511.58,503.92,507.19,-0.7355367089098896,down,continuation,-0.8387424728239612,-1.5681099229530093,1.5002381330369907,0.026385224274397587,40399695
2025-01-13,507.19,501.2,506.02,499.7,505.56,-1.1810169758867506,down,partial_retrace,0.8699122106943458,-0.3213785760760257,0.3001801080648292,0.8046744574290461,31271060
2025-01-14,505.56,508.74,510.155,501.59,505.08,0.6290054592926753,up,full_reversal,-0.7194244604316613,-0.09494422027059857,0.27813814522152924,2.2484276729559807,33388237
2025-01-15,505.08,513.03,517.85,511.46,516.7,1.5740080779282462,up,continuation,0.7153577763483687,2.3006256434624284,0.9395162076291985,0.19748427672955918,34926704
2025-01-16,516.7,518.98,519.0599,512.95,513.08,0.4412618540739155,up,full_reversal,-1.136845350495197,-0.7005999612928249,0.015395583644828292,2.644736842105283,28162057
2025-01-17,513.08,522.85,524.0733,513.1086,521.74,1.9041864816402798,up,partial_retrace,-0.21229798221287233,1.6878459499493292,0.23396767715406774,0.9970726714431952,51485591
2025-01-21,521.74,524.48,525.97,520.06,524.8,0.5251657913903474,up,continuation,0.06101281269066394,0.5864990225016298,0.28409090909091717,1.613138686131408,23613846
2025-01-22,524.8,529.57,533.82,529.26,531.51,0.9089176829268464,up,continuation,0.36633495099795965,1.2785823170731847,0.8025379081141315,0.0649895178197176,33527488
2025-01-23,531.51,529.04,532.76,528.45,532.64,-0.4647137400989654,down,full_reversal,0.6804778466656725,0.2126018325149026,0.11164727031884869,1.5060728744939216,23042213
2025-01-24,532.64,533.02,533.79,528.15,529.63,0.07134274556923614,up,full_reversal,-0.635998649206404,-0.5651096425352997,0.14445987017372985,12.815789473684376,19657301
2025-01-27,529.63,511.0,517.99,510.15,514.21,-3.5175499877272753,down,partial_retrace,0.6281800391389591,-2.9114664954779657,0.16661766147212376,0.37520128824476706,60337855
2025-01-28,514.21,515.22,523.0,511.78,521.81,0.19641780595476277,up,continuation,1.2790652536780245,1.4779953715407856,1.5100345483482824,3.4059405940594907,32545114
2025-01-29,521.81,522.46,522.59,516.8988,520.83,0.1245664130622437,up,full_reversal,-0.31198560655361085,-0.18780782277072472,0.0248822876392385,8.555692307691087,26628511
2025-01-30,520.83,523.71,526.095,518.21,523.05,0.5529635389666554,up,partial_retrace,-0.1260239445494804,0.42624272795344087,0.45540470871283656,1.9097222222222252,27327102
2025-01-31,523.05,526.92,531.5178,521.19,522.29,0.7398910238026968,up,full_reversal,-0.8786912624307308,-0.14530159640570028,0.8725802778410507,1.4806201550387332,38721367
2025-02-03,522.29,513.47,520.8496,511.05,518.11,-1.6887169963047177,down,partial_retrace,0.9036555202835528,-0.8003216603802432,0.4735348791703453,0.8366893424036321,40506685
2025-02-04,518.11,518.63,525.11,518.23,524.47,0.10036478740036436,up,continuation,1.1260436149085118,1.2275385535890138,1.2494456548984845,0.7692307692307524,25919283
2025-02-05,524.47,521.82,527.01,520.62,526.85,-0.5052719888649415,down,full_reversal,0.9639339235751665,0.45379144660324666,0.23049441051055108,1.9584905660377303,21077130
2025-02-06,526.85,527.36,529.81,525.7413,529.6,0.09680174622757054,up,continuation,0.42475728155340065,0.5219702002467574,0.4645782766990125,3.1739215686274878,19317204
2025-02-07,529.6,530.14,532.1,522.19,522.92,0.10196374622355453,up,full_reversal,-1.3619044026106364,-1.2613293051359609,0.3697136605425033,14.722222222223088,29398120
2025-02-10,522.92,527.22,530.3571,526.75,529.25,0.8223055151839853,up,continuation,0.38503850385038785,1.2105102118870947,0.5950267440536949,0.10930232558139996,20629934
2025-02-11,529.25,525.96,529.92,525.83,527.99,-0.621634388285297,down,partial_retrace,0.3859609095748784,-0.23807274444969106,0.024722819162081855,1.2036474164133637,19296600
2025-02-12,527.99,522.3,529.19,521.95,528.3,-1.0776719256046619,down,full_reversal,1.148765077541647,0.058713233205165416,0.06705623143976602,1.210896309314593,25009362
2025-02-13,528.3,529.98,536.22,529.19,535.9,0.31800113571835986,up,continuation,1.1170232838974892,1.4385765663448735,1.177402920864945,0.47023809523805576,28521549
2025-02-14,535.9,536.005,538.84,535.67,538.15,0.019593207688006764,up,continuation,0.40018283411535904,0.41985445045717995,0.5289129765580602,3.190476190475984,17517572
2025-02-18,538.15,539.73,540.0,536.04,539.37,0.2935984390969093,up,partial_retrace,-0.06670001667500314,0.22670259221406752,0.05002501250626068,2.335443037974658,20501528
2025-02-19,539.37,538.57,540.81,536.46,539.52,-0.1483211895359271,down,full_reversal,0.17639304083032492,0.027810223037993964,0.39331916638705167,2.8000000000000282,19664961
2025-02-20,539.52,538.73,539.1,532.46,537.23,-0.1464264531435333,down,continuation,-0.2784326100272905,-0.42445136417555984,1.1775532434361136,0.46835443037977414,26550753
2025-02-21,537.23,538.38,538.4,525.71,526.08,0.21406101669676492,up,full_reversal,-2.2846316727961558,-2.075461161885961,0.0037148482484372636,11.017391304348008,46470000
2025-02-24,526.08,527.88,529.069,519.53,519.87,0.3421532846715314,up,full_reversal,-1.5173903159809043,-1.1804288321167977,0.2252405849814343,4.638888888889019,39210392
2025-02-25,519.87,519.24,519.32,509.44,513.32,-0.12118414218939,down,continuation,-1.1401278792080638,-1.2599303672071738,1.9236809045226178,0.12698412698419287,48882425
2025-02-26,513.32,515.53,519.66,511.37,514.56,0.4305306631340988,up,partial_retrace,-0.18815587841639614,0.24156471596663565,0.8011172967625546,1.882352941176522,34436618
2025-02-27,514.56,518.13,519.0699,500.05,500.27,0.6937966417910557,up,full_reversal,-3.447011367803454,-2.7771299751243705,0.18140235076138378,5.0644257703080475,52396966
2025-02-28,500.27,500.13,508.78,496.93,508.17,-0.027984888160392796,down,full_reversal,1.6075820286725495,1.579147260479341,0.6439538768035824,61.78571428572015,47635893
2025-03-03,508.17,511.52,513.04,493.58,497.05,0.659228211031726,up,full_reversal,-2.8288238974038094,-2.188244091544167,0.29715358148263427,5.355223880597069,44280926
2025-03-04,497.05,494.18,503.74,487.735,495.55,-0.5774066995272165,down,partial_retrace,0.27722692136469274,-0.3017805049793765,1.3214142925974226,3.331010452961668,67153652
2025-03-05,495.55,496.2,503.63,491.26,502.01,0.13116738976894915,up,continuation,1.1708988311164958,1.303602058319031,1.4973800886739275,7.6000000000002625,46175375
2025-03-06,502.01,493.69,498.58,486.2,488.2,-1.6573375032369886,down,continuation,-1.1120338674066699,-2.750941216310432,1.5405183052241922,0.5877403846153835,57517132
2025-03-07,488.2,487.16,493.28,480.53,491.79,-0.21302744776729998,down,full_reversal,0.9504064373101251,0.735354362966012,1.3797265519322588,5.8846153846155405,54629026
2025-03-10,491.79,483.45,483.97,468.66,472.73,-1.695845787836281,down,continuation,-2.217395801013544,-3.8756379755586767,3.155805914735632,0.06235011990408114,76248929
2025-03-11,472.73,472.35,478.805,467.01,471.6,-0.08038415162989754,down,continuation,-0.15878056525880924,-0.23903708247836608,1.1434444658572795,16.98684210526332,68628849
2025-03-12,471.6,479.16,481.06,471.79,476.92,1.6030534351145098,up,partial_retrace,-0.46748476500543257,1.128074639525023,0.39652725603138705,0.9748677248677252,46926032
2025-03-13,476.92,476.25,476.2801,466.43,468.34,-0.14048477732114817,down,continuation,-1.6608923884514515,-1.7990438647991325,2.1053534292391207,0.044925373134333944,46455949
2025-03-14,468.34,473.73,480.56,473.12,479.66,1.1508732971772684,up,continuation,1.2517678846600377,2.4170474441645107,1.4417495197686314,0.11317254174397194,43238234
2025-03-17,479.66,479.61,485.84,477.8,482.77,-0.010424050369017834,down,full_reversal,0.6588686641229247,0.6483759329525052,0.37881958978651653,124.59999999997089,41744354
2025-03-18,482.77,479.41,479.61,472.41,474.54,-0.6959835946724002,down,continuation,-1.0158319601176413,-1.7047455309981863,1.4817637221904656,0.059523809523806905,39034565
2025-03-19,474.54,476.81,485.33,474.87,480.89,0.4783579887891465,up,continuation,0.8556867515362443,1.3381379862603682,1.7868752752668637,0.8546255506607988,40416034
2025-03-20,480.89,476.88,484.55,476.18,479.26,-0.8338705317224249,down,partial_retrace,0.4990773360174394,-0.33895485454054075,0.14700323407115246,1.9127182044887863,36717549
2025-03-21,479.26,474.08,481.61,472.905,480.84,-1.0808329507991488,down,full_reversal,1.4259196760040505,0.3296749154947154,0.24846427929499093,1.4536679536679575,42223124
2025-03-24,480.84,487.74,491.51,484.4,490.66,1.4349887696531116,up,continuation,0.5986796243900416,2.0422593794193533,0.7729528027227595,0.484057971014495,34466436
2025-03-25,490.66,491.39,493.62,490.42,493.46,0.14877919536948614,up,continuation,0.4212539937727744,0.57065992744465,0.4538146889436101,1.3287671232877012,25564241
2025-03-26,493.46,492.3,493.16,482.82,484.38,-0.23507477809751043,down,continuation,-1.6087751371115178,-1.8400680906253797,1.9634646452094007,0.7413793103448597,34865857
2025-03-27,484.38,482.41,486.5799,480.25,481.62,-0.4067054791692448,down,continuation,-0.16376111606309918,-0.5698005698005715,0.4497657470067695,2.116700507614237,33426767
2025-03-28,481.62,479.81,480.52,468.05,468.94,-0.3758149578505843,down,continuation,-2.265480085867322,-2.6327810306880917,2.5125520777694588,0.3922651933701539,46220997
2025-03-31,468.94,461.92,469.86,457.33,468.92,-1.4969932187486656,down,partial_retrace,1.515413924489084,-0.004264937945153147,1.003651630113933,1.1310541310541338,52974803
2025-04-01,468.92,467.3,473.63,464.42,472.7,-0.34547470783928835,down,full_reversal,1.1555745773592863,0.8061076516250099,0.620128332113179,3.9074074074073866,41156226
2025-04-02,472.7,466.12,479.56,465.86,476.15,-1.3920033848106583,down,full_reversal,2.151806401784939,0.7298497990268604,0.05581075859699691,2.0425531914893664,49888489
2025-04-03,476.15,456.44,460.07,450.14,450.66,-4.139451853407539,down,continuation,-1.2663219700289163,-5.353355035177976,1.3995645799084855,0.18417047184170468,70429088
2025-04-04,450.66,438.14,440.37,422.67,422.67,-2.778147605733816,down,continuation,-3.5308348929565803,-6.2108906936493185,3.660065772351939,0.1781150159744418,116954541
2025-04-07,422.67,408.66,443.14,402.39,423.69,-3.314642629001341,down,full_reversal,3.6778740273087474,0.2413230179572734,1.5581898158502971,2.461099214846537,161163420
2025-04-08,423.69,438.16,443.1384,409.79,416.06,3.4152328353277195,up,full_reversal,-5.0438196092751575,-1.8008449573980956,1.1362059521635937,1.9606081548030374,101092460
2025-04-09,416.06,415.57,467.83,415.43,466.0,-0.11777147526799148,down,full_reversal,12.135139687657915,12.003076479353947,0.033700021664295754,106.6530612244878,142752078
2025-04-10,466.0,453.56,455.59,432.63,446.18,-2.669527896995705,down,continuation,-1.6271276126642586,-4.2532188841201695,4.837852206273263,0.16318327974276312,104859092
2025-04-11,446.18,444.65,455.79,441.33,454.4,-0.34291093280739426,down,full_reversal,2.192735859664907,1.8423057958671274,0.7522715428364357,7.281045751633875,52312529
2025-04-14,454.4,464.46,465.05,452.63,457.48,2.213908450704216,up,partial_retrace,-1.5028204796968425,0.6778169014084678,0.12702923825518297,1.175944333996022,43941179
2025-04-15,457.48,458.54,462.38,456.15,457.99,0.23170411821282766,up,partial_retrace,-0.11994591529638221,0.11148028329106552,0.8374405722510581,2.2547169811321113,35344810
2025-04-16,457.99,449.03,452.62,437.76,444.18,-1.9563745933317445,down,continuation,-1.0801060062802015,-3.0153496801240243,2.5744700292397615,0.4006696428571448,48946652
2025-04-17,444.18,447.17,447.75,441.36,444.1,0.6731505245621161,up,full_reversal,-0.6865397947089513,-0.018010716376237745,0.1297045866225366,1.943143812709025,44818947
2025-04-21,444.1,438.23,439.08,427.93,433.11,-1.3217743751407385,down,continuation,-1.168336261780345,-2.474667867597391,2.4069357137849634,0.14480408858602475,44055313
2025-04-22,433.11,438.82,447.58,437.62,444.48,1.318371776223115,up,continuation,1.2898227063488532,2.625199141095802,1.9962627045257753,0.210157618213659,52249288
2025-04-23,444.48,458.17,463.38,452.88,454.56,3.0800035997120334,up,partial_retrace,-0.7879171486566139,2.2678185745140356,1.1371325054019277,0.3864134404674961,55038188
2025-04-24,454.56,456.48,467.66,455.83,467.35,0.42238648363253084,up,continuation,2.381265334735372,2.813709961281252,2.449176305643186,0.3385416666666816,45638636
2025-04-25,467.35,466.97,473.09,465.39,472.56,-0.08130951107306883,down,full_reversal,1.1970790414801646,1.1147961912913118,0.33950020412987225,16.105263157894793,38665413
2025-04-28,472.56,473.03,474.808,466.03,472.41,0.09945826984931738,up,full_reversal,-0.131069910999293,-0.031742001015744314,0.3758746802528412,14.893617021277532,33510678
2025-04-29,472.41,470.17,476.4243,469.59,475.53,-0.47416439110095077,down,full_reversal,1.1400131867196794,0.6604432590334497,0.12351199982965078,2.792098214285703,30613120
2025-04-30,475.53,467.13,477.2,462.43,475.47,-1.7664500662418758,down,partial_retrace,1.7853702395478788,-0.01261750047314436,1.0163700451960356,1.1988095238095262,46520810
2025-05-01,475.47,483.41,487.18,480.74,481.68,1.6699265989442047,up,partial_retrace,-0.35787426821952684,1.306076093128894,0.7798762954841498,0.3362720403022691,43293539
2025-05-02,481.68,486.54,490.91,484.83,488.83,1.0089686098654793,up,continuation,0.4706704484728874,1.4843879754193656,0.8981789780901916,0.35185185185185835,39183282
2025-05-05,488.83,484.6,489.03,484.1,485.93,-0.865331505840472,down,partial_retrace,0.27445315724308195,-0.5932532782357836,0.10328444536253922,1.0472813238770664,28267150
2025-05-06,485.93,479.56,485.05,478.19,481.41,-1.3108883995637255,down,partial_retrace,0.3857702894319859,-0.9301751281048709,0.28649699910077153,0.8618524332810055,32786310
2025-05-07,481.41,482.08,485.8,476.782,483.3,0.13917450821543387,up,continuation,0.25307002987056126,0.39259674705551806,0.7716561566545099,7.90746268656765,38109864
2025-05-08,483.3,488.53,492.7,484.17,488.29,1.0821435961100745,up,partial_retrace,-0.04912697275498701,1.0324849989654439,0.8535811516181324,0.8336520076481815,39577592
2025-05-09,488.29,490.21,491.54,486.195,487.97,0.3932089536955452,up,full_reversal,-0.4569470227045458,-0.0655348256159205,0.27131229473082996,2.091145833333371,27767416
2025-05-12,487.97,506.99,507.89,501.48,507.85,3.897780601266465,up,continuation,0.16962859227993565,4.074020943910495,0.17751829424643706,0.2896950578338589,45090616
2025-05-13,507.85,509.16,517.39,508.42,515.59,0.25795018214038734,up,continuation,1.2628643255558236,1.5240720685241627,1.6163877759446832,0.564885496183212,53269573
2025-05-14,515.59,516.77,519.2279,515.75,518.68,0.22886401986073057,up,continuation,0.3696034986550911,0.5993134079403939,0.4756274551541262,0.8644067796610382,47014516
2025-05-15,518.68,516.52,521.93,515.17,519.25,-0.4164417367162776,down,full_reversal,0.5285371331216648,0.10989434718902125,0.2620494205796131,2.504629629629652,50153275
2025-05-16,519.25,520.66,521.7,517.1,521.51,0.2715454983148735,up,continuation,0.16325433104138476,0.4352431391429823,0.199746475627105,2.5248226950354793,48394603
2025-05-19,521.51,514.24,522.53,514.24,522.01,-1.3940288776821075,down,full_reversal,1.5109676415681284,0.09587543863012193,0.0,1.140302613480053,52536154
2025-05-20,522.01,519.47,520.93,516.66,520.27,-0.486580716844498,down,partial_retrace,0.15400311856315074,-0.3333269477596268,0.5438779855224007,0.574803149606277,42517561
2025-05-21,520.27,516.27,523.0,511.24,513.04,-0.7688315682241931,down,continuation,-0.6256416216321004,-1.389663059565227,0.983882325326646,1.6825000000000045,71292831
2025-05-22,513.04,513.66,517.71,512.3,514.0,0.12084827693747968,up,continuation,0.06619164427832391,0.18711991267739148,0.7884592921387767,2.1935483870967802,55607169
2025-05-23,514.0,506.18,511.84,505.58,509.24,-1.5214007782101135,down,partial_retrace,0.6045280335058578,-0.9260700389105092,0.11867558052138794,0.7237851662404058,58368075
2025-05-27,509.24,516.15,521.71,514.59,521.22,1.3569240436729135,up,continuation,0.982272595175826,2.3525253318670947,1.0772062384965642,0.2257597684515127,47226323
2025-05-28,521.22,522.18,523.68,518.39,518.91,0.184183262346016,up,full_reversal,-0.6262208433873373,-0.4431909750201579,0.2872572676088758,3.9479166666669467,46637175
2025-05-29,518.91,526.33,526.48,517.32,519.93,1.4299204100904017,up,partial_retrace,-1.215967168886456,0.19656587847602935,0.02849923052077319,1.214285714285701,58724069
2025-05-30,519.93,519.44,520.68,511.93,519.11,-0.09424345584980731,down,continuation,-0.06352995533652761,-0.15771353836092628,1.4669974410564057,2.5306122448982857,67662836
2025-06-02,519.11,517.24,523.45,515.97,523.21,-0.36023193542794596,down,full_reversal,1.1542030778748824,0.789813334360745,0.24613834137643398,3.3208556149732735,44762817
2025-06-03,523.21,523.56,528.74,522.69,527.3,0.06689474589551825,up,continuation,0.7143402857361147,0.7817128877505963,0.9893803957521596,2.4857142857146197,44070330
2025-06-04,527.3,528.01,529.84,525.9694,528.77,0.1346482078513178,up,continuation,0.14393666786614023,0.27877868386119165,0.34658434499348356,2.8740845070421632,41359322
2025-06-05,528.77,530.18,533.05,522.66,524.79,0.2666565803657539,up,full_reversal,-1.0166358595194103,-0.7526902055714269,0.541325587536301,5.3333333333334405,61286623
2025-06-06,524.79,530.0,531.8,528.21,529.92,0.9927780636064032,up,partial_retrace,-0.015094339622645503,0.9775338706911274,0.33962264150941834,0.3435700575815645,42467021
2025-06-09,529.92,530.14,532.35,529.01,530.7,0.04151570048309683,up,continuation,0.1056324744407311,0.14719202898552108,0.41687101520353487,5.1363636363629785,33688671
2025-06-10,530.7,531.17,534.9,528.89,534.21,0.08856227623892376,up,continuation,0.5723214789992159,0.6613906161673233,0.7022233936404554,4.8510638297880675,40664795
2025-06-11,534.21,535.62,536.78,530.11,532.41,0.2639411467400432,up,full_reversal,-0.5993054777640894,-0.33694614477454143,0.21657144990852029,3.907801418439798,53701033
2025-06-12,532.41,531.09,534.6438,530.84,533.66,-0.2479292274750522,down,full_reversal,0.4839104483232548,0.23478146541200395,0.047095169919364466,2.6922727272728753,34104887
2025-06-13,533.66,527.68,531.87,525.73,526.96,-1.120563654761464,down,continuation,-0.1364463311097519,-1.2554810178765363,0.3709128259753003,0.7006688963210772,55814443
2025-06-16,526.96,530.5,535.37,530.45,534.29,0.6717777440412798,up,continuation,0.7144203581526787,1.3909974191589347,0.9180018850141414,0.014124293785298035,37622051
2025-06-17,534.29,531.71,533.325,527.91,529.08,-0.48288382713506106,down,continuation,-0.4946305316808064,-0.9751258679743025,0.719819666231003,0.6259689922480832,42180866
2025-06-18,529.08,530.1,532.55,527.4,528.99,0.19278748015423286,up,full_reversal,-0.20939445387663236,-0.01701066001361662,0.46217694774568496,2.6470588235295036,43983522
2025-06-20,528.99,532.26,533.56,524.88,526.83,0.6181591334429637,up,full_reversal,-1.020178108443237,-0.40832529915498794,0.2442415360913719,2.2568807339449655,61643519
2025-06-23,526.83,526.81,532.17,523.65,531.65,-0.0037962910236832847,down,full_reversal,0.918737305669981,0.9149061367044187,0.6034565072090103,267.999999998721,50666146
2025-06-24,531.65,536.89,540.7,536.27,539.78,0.9856108341954384,up,continuation,0.538285309839992,1.5292015423681082,0.7096425711039522,0.11832061068702357,45441982
2025-06-25,539.78,542.06,543.31,539.38,541.16,0.4223943087924731,up,partial_retrace,-0.16603328044865195,0.25565971321650505,0.23060177840090734,1.1754385964912202,44804168
2025-06-26,541.16,543.35,546.67,541.52,546.22,0.4046862295809195,up,continuation,0.5282046562988807,0.9350284573878431,0.6110242017115963,0.8356164383561623,43811432
2025-06-27,546.22,547.26,549.99,544.545,548.09,0.19039947273991054,up,continuation,0.15166465665314988,0.34235289809967373,0.49884881043744667,2.610576923077045,57577147
2025-06-30,548.09,551.26,552.8,549.01,551.64,0.5783721651553497,up,continuation,0.06893298987773466,0.6477038442591398,0.27936001160975277,0.7097791798107347,45548742
2025-07-01,551.64,549.73,550.71,544.66,546.99,-0.34624030164599473,down,continuation,-0.49842650028195656,-0.8429410485098932,0.9308559468292232,0.5130890052356202,56166736
2025-07-02,546.99,546.16,551.0,546.12,550.8,-0.15173951991810375,down,full_reversal,0.8495678921927707,0.6965392420336558,0.007324397568297947,5.83132530120457,36538281
2025-07-03,550.8,553.18,557.2,553.18,556.22,0.43209876543208736,up,continuation,0.5495498752666528,0.9840232389252135,0.7267074008460384,0.0,26444199
2025-07-07,556.22,553.52,554.34,549.58,552.03,-0.48541943835174184,down,continuation,-0.26918629859806753,-0.7532990543310247,0.7169110957458313,0.30370370370371713,45349323
2025-07-08,552.03,553.38,554.01,551.1,552.34,0.24455192652572677,up,partial_retrace,-0.18793595720841827,0.056156368313331484,0.11384582023201695,1.6888888888888403,36153258
2025-07-09,552.34,554.48,557.63,553.1,556.25,0.38744251729008194,up,continuation,0.3192180060597183,0.7078973096281249,0.5680998412927352,0.6448598130841141,43045534
2025-07-10,556.25,556.89,557.3,552.75,555.45,0.11505617977527471,up,full_reversal,-0.25857889349780727,-0.1438202247190934,0.07362315717645007,6.468750000000116,34710913
2025-07-11,555.45,553.3,555.79,552.05,554.2,-0.3870735439733708,down,partial_retrace,0.16266040122900893,-0.22504275812403884,0.22642876551037805,1.1581395348836763,39618635
2025-07-14,554.2,553.99,556.945,551.63,556.21,-0.03789245759654447,down,full_reversal,0.40072925504071044,0.36268495128113365,0.42782299729891005,14.07142857142633,36453314
2025-07-15,556.21,560.25,560.8,556.66,556.72,0.726344366336451,up,partial_retrace,-0.630075858991519,0.09169198683949276,0.09817045961624249,0.8886138613861545,43277661
2025-07-16,556.72,557.28,560.21,551.56,557.29,0.10058916510991,up,continuation,0.0017944300890082587,0.10238540020117703,0.5257680160781097,10.214285714286758,52314711
2025-07-17,557.29,558.02,562.31,557.21,561.8,0.1309910459545316,up,continuation,0.6773950754453306,0.809273448294423,0.768789649116508,1.109589041095788,40423778
2025-07-18,561.8,563.12,564.7262,559.98,561.26,0.2349590601637752,up,full_reversal,-0.3303025998011133,-0.09611961552152826,0.28523227731209744,2.378787878787778,50484704
2025-07-21,561.26,562.09,566.06,562.06,564.17,0.14788155222178467,up,continuation,0.37004750128981634,0.5184762855004799,0.7062925865964464,0.03614457831335533,39595214
2025-07-22,564.17,564.3,564.35,558.61,561.25,0.023042699895414742,up,full_reversal,-0.5404926457557968,-0.5175744899586943,0.008860535176347106,43.76923076923185,43270647
2025-07-23,561.25,562.34,563.85,559.58,563.81,0.19420935412026719,up,continuation,0.2614076892982764,0.4561247216035458,0.2685208237009684,2.532110091743037,40215259
2025-07-24,563.81,565.13,566.24,563.295,565.01,0.2341214238839484,up,partial_retrace,-0.021234052341945198,0.21283765807631472,0.19641498416294034,1.39015151515149,42275541
2025-07-25,565.01,564.93,567.695,564.27,566.37,-0.01415904143290403,down,full_reversal,0.2548988370240757,0.24070370435922417,0.11696528257747474,34.56249999998357,30630813
2025-07-28,566.37,567.74,569.04,566.87,568.14,0.24189134311491944,up,continuation,0.07045478564131624,0.3125165527835039,0.22897805333426113,0.6350364963503662,31498739
2025-07-29,568.14,570.76,572.11,566.53,567.26,0.461153940930048,up,full_reversal,-0.613217464433391,-0.15489140000704005,0.2365267362814505,1.6145038167938972,45463317
2025-07-30,567.26,568.18,570.62,565.05,568.02,0.16218312590345896,up,partial_retrace,-0.028160090112283598,0.13397736487676948,0.4294413742124137,3.4021739130436246,43433777
2025-07-31,568.02,574.54,574.63,563.87,565.01,1.1478469067990549,up,full_reversal,-1.6587182789709942,-0.529910918629628,0.015664705677598256,1.6365030674846608,64613590
2025-08-01,565.01,558.83,559.02,551.68,553.88,-1.0937859506911285,down,continuation,-0.885779217293281,-1.96987663935152,1.2960411832946717,0.03074433656956997,69400789
2025-08-04,553.88,559.05,564.315,558.95,564.1,0.9334151801834167,up,continuation,0.9033181289687997,1.845165017693362,0.9417762275288677,0.019342359767874243,47669751
2025-08-05,564.1,565.39,566.5607,559.73,560.27,0.2286828576493427,up,full_reversal,-0.9055696068200669,-0.6789576316256096,0.20706061302817602,4.3875968992249055,48666640
2025-08-06,560.27,561.11,567.76,560.63,567.32,0.14992771342388078,up,continuation,1.1067348648215125,1.2583218805219065,1.1851508616848694,0.5714285714285714,41823677
2025-08-07,567.32,571.67,573.32,565.11,569.24,0.7667630261580571,up,partial_retrace,-0.42507040775271454,0.33843333568355227,0.2886280546469333,1.5080459770115133,44462972
2025-08-08,569.24,570.45,574.77,570.15,574.55,0.21256412058183738,up,continuation,0.7187308265404369,0.93282271098305,0.7572968708913885,0.24793388429756957,35255472
2025-08-11,574.55,574.69,576.8,571.57,572.85,0.02436689583154017,up,full_reversal,-0.32017261480102865,-0.2958837350970245,0.3671544658859327,22.285714285698393,33112917
2025-08-12,572.85,575.16,580.35,572.485,580.05,0.4032469232783331,up,continuation,0.8501982057166568,1.256873527101332,0.9023576048404092,1.1580086580086657,42271441
2025-08-13,580.05,582.76,583.3199,578.94,580.34,0.46720110335316534,up,partial_retrace,-0.41526528931291606,0.049995690026727324,0.09607728739102761,1.409594095940917,41209294
2025-08-14,580.34,578.28,581.88,577.91,579.89,-0.354964331254104,down,partial_retrace,0.27841184201424785,-0.07754075197299315,0.06402380993579815,1.7475728155339414,45425043
2025-08-15,579.89,579.8,579.84,575.5743,577.34,-0.01552018486264961,down,continuation,-0.42428423594341735,-0.4397385711083057,0.7341710705290216,0.4444444444451462,49480161
2025-08-18,577.34,576.44,577.765,575.2412,577.11,-0.15588734541170934,down,partial_retrace,0.1162306571369065,-0.03983787716077547,0.2083995374462022,1.4722222222221837,29830957
2025-08-19,577.11,576.39,576.56,568.25,569.28,-0.12475957789677139,down,continuation,-1.233539790766669,-1.356760409627289,1.4324681038275333,0.23611111111104532,53752635
2025-08-20,569.28,568.33,568.45,558.84,565.9,-0.16687745924675035,down,continuation,-0.4275684901377863,-0.5937324339516548,1.698160475270205,0.12631578947369806,76781087
2025-08-21,565.9,564.35,566.49,560.98,563.28,-0.2738999823290289,down,continuation,-0.18959865331799053,-0.4629793249690817,0.6007344290348993,1.3806451612903543,46436899
2025-08-22,563.28,564.67,573.99,563.27,571.97,0.24676892486863444,up,continuation,1.2927904793950562,1.5427496094304827,1.6505215435564269,1.00719424460431,51502129
2025-08-25,571.97,570.4,573.2871,569.16,570.32,-0.2744899208000473,down,continuation,-0.014025245441784406,-0.2884766683567297,0.2178649237472685,1.8389171974521912,34044749
2025-08-26,570.32,569.83,572.92,568.8,572.61,-0.0859166783560128,down,full_reversal,0.48786480178297786,0.4015289661944088,0.18108298171590764,6.306122448979308,34103014
2025-08-27,572.61,571.59,574.405,570.37,573.49,-0.1781317126840265,down,full_reversal,0.3324060952780705,0.15368226192347123,0.21389624278977948,2.7598039215686185,36927144
2025-08-28,573.49,574.11,578.0,572.46,577.08,0.1081099931995233,up,continuation,0.5173224643361118,0.6259917348166555,0.6775705004267385,2.661290322580589,46787857
2025-08-29,577.08,574.655,575.03,568.54,570.4,-0.420219033756164,down,continuation,-0.7404442665599364,-1.157551812573654,1.0755619657367932,0.1546391752577276,56030409
2025-09-02,570.4,561.31,565.965,559.535,565.62,-1.593618513323991,down,partial_retrace,0.7678466444567267,-0.8380084151472622,0.3172276979992228,0.5121012101210198,65876765
2025-09-03,565.62,569.23,571.695,566.725,570.07,0.6382376860790018,up,continuation,0.14756776698348073,0.786747286163858,0.4330411257312594,0.6939058171745114,54230213
2025-09-04,570.07,570.74,575.6,569.025,575.23,0.11752942621081619,up,continuation,0.7866979710551281,0.9051519988773293,0.8515260889371712,2.5597014925375174,47526280
2025-09-05,575.23,580.49,581.12,571.53,576.06,0.9144168419588761,up,partial_retrace,-0.7631483746490142,0.1442901100429328,0.10852900136091304,1.703422053231949,68342532
2025-09-08,576.06,578.37,580.84,577.77,578.87,0.4009998958441896,up,continuation,0.08644985044174991,0.48779641009617514,0.4270622611822983,0.25974025974026294,46371354
2025-09-09,578.87,579.67,580.94,577.04,580.51,0.1382002867655885,up,continuation,0.1449100350199295,0.2833105878694564,0.21909017199441827,3.2875000000001813,44007592
2025-09-10,580.51,583.74,583.77,578.55,580.7,0.5564072970319245,up,partial_retrace,-0.5207797992256791,0.03272984100188836,0.005139274334453603,1.6068111455108438,49307959
2025-09-11,580.7,583.24,584.88,581.62,584.08,0.4374031341484397,up,continuation,0.1440230436869916,0.5820561391424173,0.2811878471984164,0.6377952755905621,44745766
2025-09-12,584.08,585.04,587.86,584.1,586.66,0.16436104643198224,up,continuation,0.2769041433064334,0.44172031228597586,0.48201832353345075,0.979166666666684,50745886
2025-09-15,586.66,588.44,591.79,588.295,591.68,0.30341253877885777,up,continuation,0.550608388280871,0.8556915419493327,0.5693018829447283,0.08146067415735307,44360315
2025-09-16,591.68,592.61,592.86,590.49,591.18,0.15717955651703974,up,full_reversal,-0.24130541165354735,-0.0845051379123829,0.042186260778587226,2.279569892472967,36942130
2025-09-17,591.18,591.1,591.75,584.365,590.0,-0.01353225751884457,down,continuation,-0.18609372356623854,-0.19960079840318778,1.1525330914753606,8.125000000007105,69384820
2025-09-18,590.0,594.91,598.14,592.96,595.32,0.8322033898304992,up,continuation,0.0689179875947854,0.9016949152542475,0.542939268124587,0.39714867617106814,61069294
2025-09-19,595.32,597.33,600.05,595.85,599.35,0.3376335416246601,up,continuation,0.33817152997506206,0.6769468521131472,0.4553596839268037,0.7363184079602114,58196109
2025-09-22,599.35,597.74,602.87,597.72,602.2,-0.26862434303829286,down,full_reversal,0.746143808344768,0.4755151414031822,0.003346048316932304,3.1863354037266785,57154769
2025-09-23,602.2,602.37,602.57,596.98,598.2,0.02822982397874263,up,full_reversal,-0.6922655510732567,-0.6642311524410527,0.033202184703751136,31.70588235294873,64635486
2025-09-24,598.2,599.58,599.9,593.36,596.1,0.23069207622867793,up,full_reversal,-0.580406284399082,-0.35105315947844273,0.05337069281829976,4.507246376811628,49850301
2025-09-25,596.1,592.2,595.115,588.5,593.53,-0.6542526421741246,down,partial_retrace,0.2245862884160621,-0.4311357154839879,0.6287170773152218,0.7474358974358924,70920209
2025-09-26,593.53,594.35,596.3,591.06,595.97,0.13815645375971908,up,continuation,0.27256666947084174,0.41109969167523186,0.328089509548235,4.012195121951069,54337416
2025-09-29,595.97,599.11,602.05,597.41,598.73,0.5268721579945179,up,partial_retrace,-0.06342741733571522,0.46311055925634115,0.490727913071054,0.5414012738853672,48332934
2025-09-30,598.73,598.43,600.71,596.1,600.37,-0.05010605782239663,down,full_reversal,0.324181608542351,0.27391311609572533,0.39087401442710057,7.59999999999856,46533814
2025-10-01,600.37,597.17,603.79,596.34,603.25,-0.533004647134272,down,full_reversal,1.0181355392936853,0.4797041824208481,0.1391823456417418,2.068749999999972,46899612
2025-10-02,603.25,607.06,607.16,602.93,605.73,0.6315789473684053,up,partial_retrace,-0.219088722696259,0.41110650642355306,0.016472836292957815,1.0839895013123504,43765410
2025-10-03,605.73,606.51,607.3255,601.385,603.18,0.12877024416819705,up,full_reversal,-0.5490428847010009,-0.42097964439602453,0.13445779954164294,6.57051282051305,46482098
2025-10-06,603.18,608.45,609.36,605.97,607.71,0.8737027089757765,up,partial_retrace,-0.12162051113485672,0.7510195961404786,0.1495603582874372,0.4705882352941126,41962115
2025-10-07,607.71,609.02,609.71,603.03,604.51,0.21556334435832714,up,full_reversal,-0.7405339726117344,-0.5265669480508883,0.11329677186300291,4.572519083969663,58209463
2025-10-08,604.51,605.41,611.75,605.26,611.44,0.14888091181286534,up,continuation,0.9960192266398105,1.1463830209591297,1.047224195173535,0.16666666666664562,50629754
2025-10-09,611.44,611.48,611.61,607.48,610.7,0.006541933795634058,up,full_reversal,-0.1275593641656303,-0.12102577521915237,0.0212598940276143,100.00000000009095,45550958
2025-10-10,610.7,611.4,613.18,589.05,589.5,0.11462256427050566,up,full_reversal,-3.581943081452399,-3.471426232192576,0.2911350997710116,31.92857142857457,97614783
2025-10-13,589.5,599.68,602.95,597.23,602.01,1.7268871925360418,up,continuation,0.3885405549626464,2.12213740458016,0.5452908217716379,0.24066797642435597,65872584
2025-10-14,602.01,595.31,602.69,590.13,598.0,-1.1129383232836743,down,partial_retrace,0.45186541465791485,-0.6661018919951522,0.8777726941521236,1.1014925373134417,69203187
2025-10-15,598.0,604.01,606.7,595.93,602.22,1.0050167224080253,up,partial_retrace,-0.29635270939222247,0.7056856187291016,0.445356864952573,1.3444259567387775,62805456
2025-10-16,602.22,605.11,608.31,595.5,599.99,0.47989106970873774,up,full_reversal,-0.8461271504354606,-0.3702965693600402,0.5288294690221518,3.325259515570955,70981963
2025-10-17,599.99,597.95,605.51,596.37,603.93,-0.34000566676111177,down,full_reversal,1.0000836190316775,0.6566776112935102,0.2649361973271702,3.7058823529412157,72024872
2025-10-20,603.93,607.14,612.8,607.065,611.54,0.5315185534747524,up,continuation,0.7247092927496146,1.2600798105740774,0.9322396811278999,0.023364485981286896,45761697
2025-10-21,611.54,611.64,612.7213,609.32,611.38,0.01635216012034757,up,full_reversal,-0.042508665227913855,-0.026163456192562773,0.17678699888823424,23.199999999994088,44538161
2025-10-22,611.38,610.82,611.41,599.74,605.49,-0.09159606136934784,down,continuation,-0.8725974918961432,-0.9633942883313096,1.8474672358021804,1.053571428571385,61478802
2025-10-23,605.49,604.91,611.37,604.52,610.58,-0.09579018646056481,down,full_reversal,0.9373295200939102,0.8406414639382964,0.06451399457421125,11.137931034482035,42844298
2025-10-24,610.58,615.99,618.42,615.13,617.1,0.8860427789970204,up,continuation,0.1801977304826341,1.067837138458505,0.3944869234890014,0.15896487985212915,47632473
2025-10-27,617.1,624.52,628.55,624.03,628.09,1.2023983146977724,up,continuation,0.5716390187664233,1.780910711391992,0.6452955870108301,0.0660377358490582,54098611
2025-10-28,628.09,630.36,634.68,629.25,632.92,0.36141317327134104,up,continuation,0.4061171394123875,0.768998073524485,0.6853226727584039,0.48898678414097907,61195733
2025-10-29,632.92,635.59,637.01,630.25,635.77,0.42185426278202875,up,continuation,0.028320143488724803,0.45029387600328263,0.22341446529994258,1.9999999999999574,67422576
2025-10-30,635.77,632.17,633.5,625.94,626.05,-0.5662425090834811,down,continuation,-0.9680940253412817,-1.5288547745253789,0.995303064191444,0.36944444444445346,61628511
2025-10-31,626.05,634.17,634.2,626.69,629.07,1.2970210047120956,up,partial_retrace,-0.8042007663560113,0.4823895854963789,0.0047305927432850226,0.92118226600984,66305047
2025-11-03,629.07,635.11,635.82,629.85,632.08,0.9601475193539599,up,partial_retrace,-0.477082710081711,0.47848411146613756,0.11179165813797187,0.8708609271523217,37154267
2025-11-04,632.08,623.28,626.95,618.455,619.25,-1.3922288317934517,down,continuation,-0.6465793864715685,-2.029806353626129,0.7801699396075668,0.4170454545454596,63830768
2025-11-05,619.25,618.49,626.6,617.21,623.28,-0.12272910779168589,down,full_reversal,0.7744668466749705,0.6507872426322114,0.20738484470439467,10.671052631579093,48688484
2025-11-06,623.28,621.79,622.04,610.3,611.67,-0.2390578873058713,down,continuation,-1.6275591437623693,-1.8627262225645036,1.8826806488612124,0.16778523489932784,72115048
2025-11-07,611.67,608.31,609.95,598.67,609.74,-0.5493158075432825,down,partial_retrace,0.23507750982230124,-0.3155296156424181,1.6102360231847301,0.4880952380952659,81835388
2025-11-10,609.74,618.92,624.31,616.89,623.23,1.5055597467773074,up,continuation,0.6963743294771563,2.212418407845962,0.8708718412718808,0.22113289760348406,55919731
2025-11-11,623.23,620.57,622.72,617.52,621.57,-0.42680872230155265,down,partial_retrace,0.16114217574165757,-0.26635431542126886,0.49391112838452766,0.8082706766917305,44868841
2025-11-12,621.57,624.84,624.86,617.81,621.08,0.5260871663690381,up,full_reversal,-0.6017540490365514,-0.07883263349260927,0.003200819409765465,2.149847094801262,47444384
2025-11-13,621.08,617.54,618.12,606.08,608.4,-0.5699748824628204,down,continuation,-1.480066068594743,-2.0416049462227193,1.8908394931361983,0.1638418079096125,71333614
2025-11-14,608.4,599.55,613.35,597.17,608.86,-1.4546351084812614,down,full_reversal,1.5528312901342822,0.07560815253122577,0.39854647755246386,1.5593220338983087,80087131
2025-11-17,608.86,606.3,612.48,599.87,603.66,-0.42045790493711044,down,continuation,-0.43542800593765474,-0.8540551194034851,1.071898911430802,2.414062499999969,63850367
2025-11-18,603.66,599.62,602.31,591.34,596.31,-0.6692509028260907,down,continuation,-0.5520162769754311,-1.217572805884115,1.400209693239085,0.6658415841584072,83326649
2025-11-19,596.31,597.07,606.16,594.59,599.87,0.1274504871627391,up,continuation,0.4689567387408333,0.5970049135516797,1.5224345554122554,3.263157894736417,73111387
2025-11-20,599.87,611.62,614.03,584.75,585.67,1.958757730841687,up,full_reversal,-4.242830515679675,-2.3671795555703756,0.3940355122461714,2.286808510638298,117742495
2025-11-21,585.67,587.47,596.98,580.74,590.07,0.30734031109671545,up,continuation,0.4425757911042272,0.7512763160141489,1.6188060666927573,3.7388888888887575,103343883
2025-11-24,590.07,595.28,606.68,595.16,605.16,0.8829460911417231,up,continuation,1.6597231554898562,2.557323707356751,1.9150651794113571,0.023032629558542482,60167462
2025-11-25,605.16,603.51,610.2601,597.32,608.89,-0.2726551655760412,down,full_reversal,0.8914516743715906,0.6163659197567561,1.0362954530235058,4.090969696969738,57560587
2025-11-26,608.89,612.51,616.19,610.39,614.27,0.5945244625465973,up,continuation,0.2873422474735099,0.8835750299725831,0.6008065174446298,0.5856353591160226,42393378
2025-11-28,614.27,616.11,619.32,615.4174,619.25,0.2995425464372481,up,continuation,0.5096492509454542,0.810718413726863,0.521010858450599,0.37641304347823823,23034364
2025-12-01,619.25,613.63,619.4401,612.52,617.17,-0.9075494549858676,down,partial_retrace,0.5768948715023647,-0.335890189745669,0.18121857245478878,1.033825622775806,40957588
2025-12-02,617.17,619.46,623.75,617.59,622.0,0.37104849555229524,up,continuation,0.41003454621766355,0.7826044687849532,0.6925386627062213,0.8165938864628565,54541834
2025-12-03,622.0,619.62,624.22,618.03,623.52,-0.3826366559485539,down,full_reversal,0.6294180304057262,0.24437299035369175,0.25726906460852295,1.9327731092437108,47841627
2025-12-04,623.52,624.93,624.94,619.54,622.94,0.2261354888375644,up,full_reversal,-0.3184356647944364,-0.09302027200409624,0.0016001792200848186,3.8226950354610696,47067751
2025-12-05,622.94,624.38,628.92,623.71,625.48,0.23116190965422057,up,continuation,0.17617476536724297,0.40774392397340264,0.7271213043338998,0.46527777777776846,53614169
2025-12-08,625.48,627.21,628.84,621.69,624.28,0.27658758073798584,up,full_reversal,-0.4671481640917796,-0.19185265715930822,0.2598810605698221,3.190751445086661,43462406
2025-12-09,624.28,623.01,625.87,621.0,625.05,-0.20343435637854013,down,full_reversal,0.3274425771656819,0.12334209008777464,0.3236714975845434,2.251968503937051,37155999
2025-12-10,625.05,623.85,629.21,620.99,627.61,-0.19198464122869296,down,full_reversal,0.6027089845315414,0.4095672346212442,0.46055492036909396,4.466666666666932,55031384
2025-12-11,627.61,623.82,625.78,617.72,625.58,-0.603878204617514,down,partial_retrace,0.2821326664742996,-0.3234492758241503,0.98750242828467,0.5171503957783486,58269850
2025-12-12,625.58,622.08,623.54,611.36,613.62,-0.5594808018159148,down,continuation,-1.359953703703709,-1.9118258256338172,1.7534676786181702,0.41714285714283506,75157377
2025-12-15,613.62,618.37,618.42,609.32,610.54,0.7740947165998602,up,full_reversal,-1.2662321910830165,-0.5019393109742198,0.008085773889421333,1.9052631578947272,49538197
2025-12-16,610.54,608.26,613.51,606.9101,611.75,-0.37343990565728014,down,full_reversal,0.5737677966658916,0.19818521309005188,0.22242173923285868,2.302631578947396,55152809
2025-12-17,611.75,613.06,613.65,600.28,600.41,0.21413976297506299,up,full_reversal,-2.063419567415914,-1.8536984062116901,0.09623854108897767,9.75572519084008,70654327
2025-12-18,600.41,609.8,612.93,606.92,609.11,1.5639313136023736,up,partial_retrace,-0.11315185306657316,1.449009843273763,0.5132830436208602,0.30670926517571884,78875728
2025-12-19,609.11,611.95,617.62,611.87,617.05,0.4662540427837314,up,continuation,0.8334014216847541,1.3035412322897288,0.9265462864613161,0.02816901408452114,60369829
2025-12-22,617.05,621.35,621.65,617.77,619.21,0.6968641114982743,up,partial_retrace,-0.3444113623561562,0.3500526699619311,0.04828196668542617,0.83255813953488,43694486
2025-12-23,619.21,618.2,622.41,617.78,622.11,-0.16311106086788207,down,full_reversal,0.632481397605944,0.46833868962063985,0.06798536695913349,4.168316831683129,41110429
2025-12-24,622.11,621.99,624.28,621.72,623.93,-0.01928919322949918,down,full_reversal,0.3119021206128725,0.2925527639806358,0.04342790966993526,19.083333333332305,18468707
2025-12-26,623.93,624.66,625.515,623.14,623.89,0.11700030452135302,up,full_reversal,-0.12326705727915277,-0.006410975590209755,0.13687445970609335,2.082191780821841,28959778
2025-12-29,623.89,620.1,622.78,618.73,620.87,-0.6074788824953048,down,partial_retrace,0.12417352039992835,-0.4840596900094529,0.22142129846620673,0.7071240105540832,32458308
2025-12-30,620.87,619.84,622.18,619.215,619.43,-0.16589624236957867,down,continuation,-0.06614610221994388,-0.23193261069145432,0.10093424739388013,2.2718446601941555,31226754
2025-12-31,619.43,619.65,619.96,614.05,614.31,0.035516523255263444,up,full_reversal,-0.8617768094892342,-0.8265663593949313,0.05002824174937803,25.4545454545424,40746527
2026-01-02,614.31,620.06,622.85,610.15,613.12,0.93600950660091,up,full_reversal,-1.119246524529871,-0.19371327180087716,0.44995645582686095,1.7234782608695596,61859163
2026-01-05,613.12,619.32,620.81,616.72,617.99,1.0112212943632626,up,partial_retrace,-0.21475166311438754,0.7942980167014557,0.2405864496544341,0.419354838709678,46828359
2026-01-06,617.99,619.23,624.0213,618.54,623.42,0.20065049596271756,up,continuation,0.6766468032879391,0.8786549944173716,0.773751271740708,0.5564516129032657,43137520
2026-01-07,623.42,623.04,627.94,622.56,624.02,-0.0609540919444318,down,full_reversal,0.15729327170006524,0.09624330307016482,0.07710100231304029,12.894736842105656,44880339
2026-01-08,624.02,623.03,623.42,617.8,620.47,-0.15864876125765148,down,continuation,-0.4108951414859563,-0.5688920226915695,0.8465522822920013,0.39393939393937655,50435941
2026-01-09,620.47,621.41,627.89,619.06,626.65,0.15149805792382676,up,continuation,0.8432435911877922,0.9960191467758284,1.0427897845223022,2.5000000000001816,49688734
2026-01-12,626.65,622.31,628.845,622.26,627.17,-0.6925716109471014,down,full_reversal,0.7809612572512226,0.08298093034388998,0.008035226432667741,1.5057603686636023,37388651
2026-01-13,627.17,627.27,629.47,623.695,626.24,0.015944640209197836,up,full_reversal,-0.16420361247947435,-0.14828515394549324,0.3507261625775193,35.74999999999119,44481380
2026-01-14,626.24,622.24,623.45,614.56,619.55,-0.6387327542156318,down,continuation,-0.43230907688353026,-1.0682805314256583,1.2496745639156481,0.3025000000000091,72598700
2026-01-15,619.55,626.6,630.0,620.75,621.78,1.1379226858203584,up,partial_retrace,-0.7692307692307776,0.3599386651601977,0.5426109160548975,0.8297872340425484,53934892
2026-01-16,621.78,625.5,626.08,618.88,621.26,0.5982823506706536,up,full_reversal,-0.6778577138289332,-0.08363086622277249,0.09272581934454127,1.7795698924731065,61058094
2026-01-20,621.26,610.53,615.055,607.05,608.06,-1.7271351768985643,down,continuation,-0.4045665241675267,-2.1247142903132454,0.5732641462812049,0.42171481826653956,81988898
2026-01-21,608.06,609.47,620.42,607.8635,616.28,0.23188501134758788,up,continuation,1.1173642673142137,1.351840278919858,1.796642984888508,1.1393617021275813,79837881
2026-01-22,616.28,622.35,622.46,617.78,620.76,0.9849419095216527,up,partial_retrace,-0.2554832489756631,0.7269422989550245,0.017674941753043072,0.7528830313014847,42254757
2026-01-23,620.76,619.73,625.3999,618.65,622.72,-0.16592563953862216,down,full_reversal,0.4824681716231183,0.3157419936851591,0.1745736684716892,5.504757281553529,43645825
2026-01-26,622.72,623.21,627.61,622.12,625.46,0.0786870503597159,up,continuation,0.3610340013799451,0.4400051387461579,0.7060220471430068,2.224489795918391,35983008
2026-01-27,625.46,628.91,632.0427,627.34,631.13,0.551594026796276,up,continuation,0.35299168402473935,0.9065327918651889,0.49811578763256925,0.4550724637681065,38997212
2026-01-28,631.13,635.46,636.6,631.81,633.22,0.6860710154801719,up,partial_retrace,-0.35250055078210885,0.33115206058973445,0.17939760173733,0.8429561200923917,50691691
2026-01-29,633.22,632.65,633.67,618.27,629.43,-0.09001610814567407,down,continuation,-0.5089702046945477,-0.5985281576703305,2.3258446956831103,1.7894736842103374,79944047
2026-01-30,629.43,625.71,628.256,619.2975,621.87,-0.5910109146370357,down,continuation,-0.6137028335810535,-1.2010866974881962,1.0354474222808996,0.6844086021505362,65650714
2026-02-02,621.87,618.7,628.49,618.66,626.14,-0.5097528422339015,down,full_reversal,1.2025214158719821,0.6866386865421958,0.006465586913662058,3.0883280757098075,49020292
2026-02-03,626.14,628.3,629.98,610.96,616.52,0.3449707733094831,up,full_reversal,-1.874900525226797,-1.536397610757978,0.26738819035494465,8.027777777777859,81233969
2026-02-04,616.52,615.02,615.1,600.47,605.75,-0.2433011094530646,down,continuation,-1.5072680563233631,-1.74690196587296,2.4231019035089174,0.05333333333336062,81850748
2026-02-05,605.75,600.21,604.81,594.76,597.03,-0.914568716467179,down,continuation,-0.5298145649022978,-1.4395377631035933,0.916336001076079,0.8303249097472815,89354492
2026-02-06,597.03,600.19,611.41,598.77,609.65,0.5292866355124604,up,continuation,1.5761675469434522,2.113796626635178,1.869408020793406,0.4493670886076063,78019338
2026-02-09,609.65,607.54,616.46,605.07,614.32,-0.3461002214385278,down,full_reversal,1.1159759028212202,0.7660132863118285,0.4082172310641674,4.227488151658775,56797557
2026-02-10,614.32,615.305,617.02,611.01,611.47,0.16033988800623344,up,full_reversal,-0.6232681353149916,-0.4639275947388999,0.27872355986056085,4.36040609137096,53938859
2026-02-11,611.47,616.38,617.52,607.69,613.11,0.8029829754525819,up,partial_retrace,-0.5305168889321532,0.26820612622042717,0.18495084201304302,1.7698574338085533,58575101
2026-02-12,613.11,614.71,615.81,599.5699,600.64,0.260964590367152,up,full_reversal,-2.288884189292517,-2.03389277617394,0.1789461697385697,9.462562499999912,81378903
2026-02-13,600.64,600.43,606.48,596.42,601.92,-0.03496270644646193,down,full_reversal,0.24815548856653713,0.21310602024506853,0.6723449917843016,28.809523809519142,69237547
2026-02-17,601.92,598.375,603.95,593.34,601.3,-0.5889486975013236,down,partial_retrace,0.4888238980572224,-0.10300372142477698,0.848585970944149,1.5726375176304965,69013763
2026-02-18,601.3,602.11,609.771,600.72,605.79,0.13470813237985713,up,continuation,0.6111840029230375,0.7467154498586481,1.2723588713025702,1.7160493827159073,64250668
2026-02-19,605.79,602.81,605.815,600.75,603.47,-0.4919196421202088,down,partial_retrace,0.1094872347837672,-0.38297099654994726,0.34290470245526006,1.008389261744997,60960839
2026-02-20,603.47,600.12,610.35,599.23,608.81,-0.5551228727194379,down,full_reversal,1.4480437245883993,0.8848824299467983,0.14852393905511185,3.053731343283567,74127323
2026-02-23,608.81,606.605,608.01,599.05,601.41,-0.3621819615315047,down,continuation,-0.8564057335498476,-1.2154859479969082,1.261163508889096,0.6371882086167887,63859111
2026-02-24,601.41,602.4,608.99,599.73,607.87,0.1646131590761657,up,continuation,0.9080345285524594,1.0741424319515858,1.0939575033200644,2.696969696969631,55023732
2026-02-25,607.87,611.07,616.83,611.0,616.68,0.5264283481665633,up,continuation,0.9180617605184294,1.4493230460460138,0.9426088664146404,0.02187500000001532,55710653
2026-02-26,616.68,615.59,615.59,603.98,609.24,-0.17675293507165568,down,continuation,-1.0315307266199891,-1.2064604008561908,1.9222490810953952,0.0,96178870
2026-02-27,609.24,602.98,608.32,602.19,607.29,-1.0275096841967035,down,partial_retrace,0.7147832432253143,-0.32007090801655647,0.13118783108321264,0.8530351437699744,68125196
2026-03-02,607.29,598.86,609.92,597.99,608.09,-1.3881341698364746,down,full_reversal,1.5412617306215237,0.13173278005567113,0.14548738273214568,1.3119810201660749,75264644
2026-03-03,608.09,596.33,603.96,591.87,601.58,-1.9339242546333568,down,partial_retrace,0.880385021716168,-1.0705652123863207,0.7535438525351879,0.648809523809524,97015532
2026-03-04,601.58,604.16,612.88,603.43,610.75,0.428870640646295,up,continuation,1.0907706567796716,1.5243192925296745,1.4433262711864403,0.2829457364341236,70943888
2026-03-05,610.75,607.4,612.76,602.26,608.91,-0.5485059353254274,down,partial_retrace,0.24860059269016244,-0.30126893164142965,0.8534519974761734,1.5999999999999932,89602407
2026-03-06,608.91,600.31,606.0,598.33,599.75,-1.4123597904452279,down,continuation,-0.09328513601305488,-1.5043274047067623,0.3309210636270876,0.6616279069767488,86302307
2026-03-09,599.75,594.225,609.27,591.33,607.76,-0.9212171738224195,down,full_reversal,2.2777567419748346,1.3355564818674504,0.4895743493480875,2.7230769230769267,93068170
2026-03-10,607.76,607.78,613.29,605.42,607.77,0.0032907726734254794,up,partial_retrace,-0.0016453321925680164,0.0016453863367127397,0.9065780381058985,118.000000000108,64078867
2026-03-11,607.77,608.95,612.43,605.03,607.69,0.19415239317506217,up,full_reversal,-0.20691353969948256,-0.013162874113548106,0.5714754905985497,3.322033898304967,60114800
2026-03-12,607.69,602.76,604.14,597.05,597.26,-0.8112689035528087,down,continuation,-0.9124693078505497,-1.7163356316543088,0.9563688133322312,0.27991886409735856,71836629
2026-03-13,597.26,599.73,603.5999,592.57,593.72,0.4135552355758021,up,full_reversal,-1.0021176195954884,-0.5927066939021453,0.6452737065012704,2.8987854251011695,63145490
2026-03-16,593.72,600.04,603.86,599.11,600.38,1.064474836623308,up,continuation,0.05666288914072393,1.1217408879606428,0.6366242250516629,0.14715189873417078,49077155
2026-03-17,600.38,603.14,605.9,601.87,603.31,0.45970885106099146,up,continuation,0.028185827502724692,0.48802425130749505,0.45760519945616807,0.4601449275362268,47100343
2026-03-18,603.31,601.49,603.16,594.56,594.9,-0.3016691253252768,down,continuation,-1.0956125621373602,-1.3939765626294842,1.1655678148546844,0.9175824175824272,56127962
2026-03-19,594.9,589.51,595.8,587.08,593.02,-0.9060346276685172,down,partial_retrace,0.5954097470780795,-0.31601949907547056,0.4139129249846718,1.1669758812615918,75597578
2026-03-20,593.02,591.06,591.17,578.54,582.06,-0.3305116184951662,down,continuation,-1.522688051974419,-1.848167009544377,2.164068171604372,0.056122448979597755,92854572
2026-03-23,582.06,590.52,595.08,585.96,588.0,1.4534584063498723,up,partial_retrace,-0.4267425320056861,1.0205133491392626,0.7722007722007929,0.5390070921985728,89936118
2026-03-24,588.0,584.81,587.93,581.93,583.98,-0.5425170068027341,down,continuation,-0.14192643764640023,-0.6836734693877466,0.4949048854673288,0.9780564263322731,57750895
2026-03-25,583.98,589.14,591.37,585.69,587.82,0.8835919038323148,up,partial_retrace,-0.22405540279050173,0.6575567656426751,0.3785178395627531,0.6686046511627816,60475491
2026-03-26,587.82,582.6,584.63,573.43,573.79,-0.8880269470246005,down,continuation,-1.512186749055966,-2.3867850702596227,1.599148980695131,0.3888888888888816,81492124
2026-03-27,573.79,570.81,571.02,561.57,562.58,-0.5193537705432294,down,continuation,-1.4418107601478436,-1.9536764321441469,1.6453870399059545,0.0704697986577299,82702240
2026-03-30,562.58,567.38,568.05,555.6,558.28,0.8532119876284217,up,full_reversal,-1.6038633719905548,-0.7643357389171435,0.11808664387182866,2.4541666666666844,70602622
2026-03-31,558.28,564.29,578.64,564.21,577.18,1.0765207422798628,up,continuation,2.284286448457351,3.3853980081679502,2.5430186606177685,0.013311148086510377,95877997
2026-04-01,577.18,581.48,587.739,580.42,584.31,0.7450015593055914,up,continuation,0.4866891380614913,1.2353165390346144,1.07639127743,0.24651162790698658,79435132
2026-04-02,584.31,573.97,586.05,571.92,584.98,-1.7696085981756093,down,full_reversal,1.9182187222328784,0.11466516061680032,0.35844174010353225,1.16827852998066,50941709
2026-04-06,584.98,586.23,590.61,584.69,588.5,0.2136825190604874,up,continuation,0.3872200330928166,0.6017299736743142,0.7471470242055078,1.231999999999971,35108496
2026-04-07,588.5,585.64,588.98,578.4001,588.59,-0.4859813084112208,down,full_reversal,0.5037224233317428,0.015293118096870728,1.2517114018479658,1.1678321678321735,49948195
2026-04-08,588.59,608.71,609.9,602.12,606.09,3.4183387417387356,up,partial_retrace,-0.43041842585138657,2.9732071560848894,0.19549539189431808,0.3275347912524866,63085996
2026-04-09,606.09,605.93,610.5,603.03,610.19,-0.026398719662112935,down,full_reversal,0.7030515075999055,0.6764671913412235,0.4809047642737374,28.5624999999857,37819937
2026-04-10,610.19,611.84,613.67,609.58,611.07,0.2704075779675241,up,partial_retrace,-0.1258498953974896,0.1442173749160114,0.2990978033472702,1.369696969696983,34034102
2026-04-13,611.07,609.48,626.74,608.11,617.39,-0.26019932249988775,down,full_reversal,1.2978276563627933,1.0342513950938326,0.22528818799230077,10.855345911949463,32964167
2026-04-14,617.39,620.22,628.6,620.1,628.6,0.4583812501012474,up,continuation,1.351133468769139,1.8157080613550702,1.351133468769139,0.04240282685512467,49921081
2026-04-15,628.6,629.08,637.83,628.2,637.4,0.07636016544703139,up,continuation,1.3225662872766497,1.3999363665287978,1.3909200737584948,1.8333333333332544,50102386
2026-04-16,637.4,639.21,642.18,635.255,640.47,0.2839661123313464,up,continuation,0.1971183179236835,0.48164417947913485,0.4646360351058254,2.185082872928128,42320581
2026-04-17,640.47,645.59,650.0,644.07,648.85,0.7994129311287068,up,continuation,0.5049644511222251,1.3084141333707944,0.6830960826530674,0.29687499999999617,53488871
2026-04-20,648.85,648.04,648.76,642.52,646.79,-0.12483624874779498,down,continuation,-0.19288932781926782,-0.3174847807659753,0.859117225922934,0.8888888888888578,37320957
2026-04-21,646.79,648.41,650.2,642.21,644.33,0.2504676943057227,up,full_reversal,-0.6292315047577768,-0.3803398320938678,0.2760599003716946,3.8271604938271078,39554881
2026-04-22,644.33,650.15,655.33,648.52,655.11,0.903263855477765,up,continuation,0.7629008690302364,1.6730557323110684,0.796739214027542,0.28006872852233905,37368402
2026-04-23,655.11,653.55,656.92,645.52,651.42,-0.23812794797820613,down,continuation,-0.3259123249942597,-0.5632641846407549,1.2439583591522974,2.1602564102563315,40099827
2026-04-24,651.42,658.51,664.51,656.5301,663.88,1.0883915139234368,up,continuation,0.8154773655677294,1.9127444659359671,0.9111478944890727,0.27925246826516703,45630613
2026-04-27,663.88,663.4,664.43,660.69,664.23,-0.07230222329337455,down,full_reversal,0.12511305396443184,0.052720371151426804,0.4101772389471403,2.1458333333331954,32450723
2026-04-28,664.23,657.41,659.64,653.81,657.55,-1.0267527814160848,down,partial_retrace,0.0212956906648909,-1.005675744847423,0.5506186812682667,0.32697947214076273,34141652
2026-04-29,657.55,658.63,661.72,656.5899,661.57,0.16424606493803395,up,continuation,0.4463811244553195,0.6113603528248968,0.4691556716214018,1.8889814814814583,31724860
2026-04-30,661.57,665.35,668.9,657.56,667.74,0.5713681091947809,up,continuation,0.35920943864131694,0.9326299560137086,0.5335537686931513,2.060846560846596,40622179
2026-05-01,667.74,669.16,675.97,668.8,674.15,0.21265762122981702,up,continuation,0.7457110407077527,0.9599544732979748,1.017693825094157,0.2535211267605803,39172607
2026-05-04,674.15,674.66,676.73,668.9,672.88,0.07565081955054342,up,full_reversal,-0.26383659917588176,-0.188385374174882,0.30682121364835613,11.294117647059007,34541788
2026-05-05,672.88,677.96,682.7734,677.51,681.61,0.7549637379621998,up,continuation,0.5383798454186017,1.2974081559862016,0.7099828898460059,0.08858267716536257,37101063
2026-05-06,681.61,687.78,695.93,686.48,695.77,0.9052097240357382,up,continuation,1.1617086859170067,2.0774343099426273,1.184971938701329,0.21069692058346243,38777330
2026-05-07,695.77,696.58,701.24,691.77,694.94,0.1164177817382317,up,full_reversal,-0.23543598725199733,-0.11929229486754567,0.6689827442648344,5.938271604937912,43779087
2026-05-08,694.94,699.92,711.23,699.5,711.23,0.716608628082982,up,continuation,1.6158989598811457,2.3440872593317286,1.6158989598811457,0.08433734939758376,44320421
2026-05-11,711.23,710.36,714.59,708.91,713.29,-0.12232329907343464,down,full_reversal,0.4124669181823304,0.28963907596697425,0.2045393632478021,4.862068965517237,36019146
2026-05-12,713.29,708.22,710.18,696.64,707.24,-0.7107908424343501,down,continuation,-0.13837508118946795,-0.8481823662184973,1.6622645842903072,0.3865877712031454,45873010
2026-05-13,707.24,709.96,716.65,704.83,714.71,0.38459363158191984,up,continuation,0.669051777564933,1.0562185396753687,0.9423066088230181,1.8860294117646852,40012526
2026-05-14,714.71,714.62,722.03,714.22,719.79,-0.012592520043097633,down,full_reversal,0.7234614200554157,0.7107777979879826,0.05600515247401461,82.33333333330386,33327545
2026-05-15,719.79,710.14,715.13,705.55,708.93,-1.340668806179579,down,continuation,-0.17038893739262928,-1.5087733922394042,0.6505563035929418,0.517098445595857,51792656
2026-05-18,708.93,711.54,712.07,698.85,705.88,0.36816046718293194,up,full_reversal,-0.7954577395508311,-0.4302258332980591,0.0744863254349859,4.862068965517193,49834549
2026-05-19,705.88,699.81,706.49,695.25,701.53,-0.8599195330651122,down,partial_retrace,0.24578099769938522,-0.6162520541735161,0.65587918015102,1.1004942339373984,46906124
2026-05-20,701.53,705.29,713.15,703.79,713.15,0.5359713768477548,up,continuation,1.1144351968693789,1.656379627385851,1.1144351968693789,0.39893617021276695,36779222
2026-05-21,713.15,708.99,717.12,706.77,714.51,-0.5833274907102282,down,full_reversal,0.7785723352938589,0.19070321811680557,0.31410501294621973,1.954326923076937,36303643
2026-05-22,714.51,718.07,722.12,715.95,717.54,0.4982435515248351,up,partial_retrace,-0.07380896012925131,0.4240668430112837,0.5640118651384807,0.5955056179775194,33118575
2026-05-26,717.54,725.96,731.17,724.16,730.28,1.1734537447389837,up,continuation,0.5950741087663136,1.775510772918576,0.7176703950630747,0.21377672209026755,34254692
2026-05-27,730.28,732.96,733.32,725.44,729.45,0.36698252724982616,up,full_reversal,-0.47888015717092447,-0.11365503642437602,0.04911591355598599,2.8059701492536577,35148552
2026-05-28,729.45,729.73,736.6,726.41,735.6,0.03838508465281443,up,continuation,0.8044071094788441,0.8431009664815914,0.9414440957614456,11.857142857144192,32839950
2026-05-29,735.6,737.84,741.63,735.25,738.31,0.30451332245786666,up,continuation,0.06369944703457087,0.3684067427949911,0.513661498427842,1.1562500000000095,37541668
2026-06-01,738.31,737.04,745.65,735.99,742.74,-0.17201446546842858,down,full_reversal,0.7733637251709613,0.6000189622245466,0.1426649818611514,6.779527559055226,33890559
2026-06-02,742.74,742.4,746.44,739.23,746.16,-0.045776449363177374,down,full_reversal,0.5064655172413834,0.460457225947164,0.4288245877467123,11.882352941175585,30097551
2026-06-03,746.16,747.31,748.65,741.01,744.21,0.15412244022730004,up,full_reversal,-0.4148211585553452,-0.26133805082019235,0.1793097911174879,5.478260869565286,40270198
2026-06-04,744.21,735.48,743.4988,732.62,740.61,-1.1730559922602524,down,partial_retrace,0.6975036710719529,-0.48373442979804393,0.3903797330130132,0.9185337915234737,40782580
2026-06-05,740.61,730.06,731.69,704.32,705.06,-1.4245014245014342,down,continuation,-3.4243760786784705,-4.8000972171588385,3.654588823262128,0.15450236966825578,99606571
2026-06-08,705.06,717.81,723.03,713.07,716.07,1.808356735596961,up,partial_retrace,-0.24240397876873487,1.5615692281508053,0.7272119363062712,0.3717647058823447,47401451
2026-06-09,716.07,722.98,725.66,686.37,707.83,0.9649894563380723,up,full_reversal,-2.0954936512766587,-1.150725487731652,0.3706879858363932,5.298118668596263,91932171
2026-06-10,707.83,701.66,711.28,692.93,693.69,-0.8716782278230806,down,continuation,-1.1358777755608007,-1.9976548041196307,1.2598675190856223,1.5591572123176485,65334283
2026-06-11,693.69,699.29,718.3721,695.0,717.12,0.8072770257607775,up,continuation,2.549729010853863,3.3775894131384154,2.728782050365375,0.7660714285714345,71798857
2026-06-12,717.12,717.61,724.01,711.28,721.34,0.06832887103971341,up,continuation,0.5197809395075303,0.5884649709950951,0.8918493332032762,12.91836734693862,51236021
2026-06-15,721.34,738.1,744.7599,737.38,744.0,2.3234535725178196,up,continuation,0.799349681614947,3.14137577286715,0.9023032109470197,0.04295942720763888,46710216
2026-06-16,744.0,742.25,744.22,729.64,729.86,-0.23521505376343788,down,continuation,-1.669248905355336,-1.9005376344086056,1.7282495477221715,1.1257142857143012,45348675
2026-06-17,729.86,735.19,735.68,720.85,722.51,0.7302770394322255,up,full_reversal,-1.7247242209496916,-1.0070424464965866,0.06664943756033992,2.6904315196997977,51669322
2026-06-18,722.51,737.2,741.82,732.51,740.62,2.033189852043571,up,continuation,0.46391752577319423,2.5065397018726454,0.626695604991867,0.31926480599047224,50154595
2026-06-22,740.62,742.02,745.45,734.39,737.95,0.1890308120223505,up,full_reversal,-0.5485027357753025,-0.36050876292834655,0.4622516913290742,5.450000000000085,43518595
2026-06-23,737.95,715.74,723.61,712.1101,713.65,-3.009689003320015,down,continuation,-0.29200547684914424,-3.2929060234433316,0.5097385923890085,0.35434488968932876,53354151
2026-06-24,713.65,715.37,719.93,704.45,710.62,0.2410145029075883,up,full_reversal,-0.6639920600528426,-0.42457787430812965,0.6374323776507262,6.348837209302201,52485058
2026-06-25,710.62,725.9,726.83,705.3,716.38,2.150235006051049,up,partial_retrace,-1.3114754098360604,0.8105597928569352,0.12811682049869155,1.3481675392670196,50144089
2026-06-26,716.38,707.13,715.555,702.81,706.52,-1.2912141600826432,down,continuation,-0.08626419470253444,-1.3763644992880852,0.614675374567808,0.910810810810806,47081821
2026-06-29,706.52,713.99,724.58,705.172,724.08,1.0572949102644058,up,continuation,1.4131850586142747,2.485421502576024,1.4832140506169544,1.1804551539491233,44939090
2026-06-30,724.08,724.18,737.62,723.91,736.4,0.013810628659793878,up,continuation,1.6874257781214652,1.7014694508894035,1.8558921815018392,2.700000000002274,42121829
2026-07-01,736.4,729.19,731.92,724.6,725.17,-0.9790874524714721,down,continuation,-0.5512966442216882,-1.5249864204236907,0.6334529395528588,0.37864077669901997,40802903
2026-07-02,725.17,725.58,730.83,707.56,712.6,0.056538466842259716,up,full_reversal,-1.788913696628902,-1.7333866541638376,0.7235590837674666,43.95121951218658,51086080
2026-07-06,712.6,719.93,726.08,718.45,722.82,1.0286275610440487,up,continuation,0.40142791660302546,1.4341846758349819,0.8542497187226772,0.20190995907229456,30220428
2026-07-07,722.82,714.17,716.35,704.9,709.43,-1.196701806812217,down,continuation,-0.6637075206183396,-1.8524667275393703,1.3150801532132217,0.25202312138728794,42483079
2026-07-08,709.43,704.95,712.2599,700.91,711.44,-0.6314928886570814,down,full_reversal,0.920632668983612,0.2833260504912616,0.5763935455336711,1.6316741071428853,35603179
2026-07-09,711.44,718.33,724.23,715.125,723.28,0.9684583380186629,up,continuation,0.6890983252822336,1.664230293489255,0.8213495190232845,0.46516690856314186,33654712
2026-07-10,723.28,720.7,726.39,717.0,725.51,-0.3567083287246864,down,full_reversal,0.6674066879422735,0.30831766397523275,0.5160390516039115,2.2054263565891867,26418301
2026-07-13,725.51,717.72,718.74,710.08,711.74,-1.0737274468994196,down,continuation,-0.8331940032324625,-1.8979752174332565,1.0759351059035582,0.13093709884467095,36552362
2026-07-14,711.74,720.22,722.29,714.34,719.69,1.1914463146654786,up,partial_retrace,-0.07358862569769586,1.1169809199988778,0.2874121796117679,0.6933962264150924,29204130
2026-07-15,719.69,723.85,724.36,710.23,717.74,0.5780266503633502,up,full_reversal,-0.8440975340194834,-0.27094999235782735,0.07045658630930873,3.274038461538488,32627583
2026-07-16,717.74,712.01,713.599,702.61,705.94,-0.7983392314765858,down,continuation,-0.8525161163466688,-1.6440493772117981,1.337868803461384,0.2773123909249652,39402024
2026-07-17,705.94,691.65,702.3,686.76,695.33,-2.0242513528061945,down,partial_retrace,0.5320610135184145,-1.5029605915516941,0.712039140311016,0.7452764170748719,54109267
2026-07-20,695.33,702.16,705.8,695.51,696.06,0.9822674125954389,up,partial_retrace,-0.8687478637347645,0.10498612169760335,0.5184003645892554,0.9736456808199192,29687558
2026-07-21,696.06,706.57,710.05,702.8,708.97,1.5099273051173867,up,continuation,0.339669105679552,1.854725167370641,0.49252020323533596,0.3587059942911568,33728341
2026-07-22,708.97,703.62,709.65,703.62,705.35,-0.7546158511643641,down,partial_retrace,0.24587135101332702,-0.5105998843392578,0.0,1.127102803738308,23692181
2026-07-23,705.35,694.67,698.66,687.79,691.96,-1.514141915361178,down,continuation,-0.3901132912030092,-1.8983483377046806,1.0003053257535033,0.37359550561797616,44028575
2026-07-24,691.96,690.41,692.63,682.48,684.23,-0.22400138736343722,down,continuation,-0.8951202908416667,-1.117116596335055,1.1619388113937257,1.4322580645160836,42876658
2026-07-27,684.23,691.68,692.3,675.945,682.12,1.0888151644914634,up,full_reversal,-1.38214203099698,-0.30837583853382533,0.08963682627805003,2.1120805369127575,43108600
