date,quarter,direction,body_gap_pct,prior_open,prior_close,open,close,final_reversal,original_side_30m,crossed_by_30m,original_side_60m,crossed_by_60m,original_side_120m,crossed_by_120m,close_10m,reclaim_state_10m,any_minute_close_reclaim_first10,max_intrabar_reclaim_fraction_first10
2024-07-31,2024 Q3,up,0.43361597080604497,465.85,457.53,467.87,471.07,False,True,False,True,False,True,False,467.65,partial_reclaim,True,0.14119922630560688
2024-08-01,2024 Q3,up,0.14647504617149032,467.87,471.07,471.76,459.66,True,True,False,False,True,False,True,472.6999,no_reclaim,True,0.6665217391304437
2024-08-02,2024 Q3,down,-1.9079319497019576,471.76,459.66,450.89,448.75,False,True,False,True,False,True,False,452.53,partial_reclaim,True,0.18700114025085282
2024-08-05,2024 Q3,down,-5.357103064066859,450.89,448.75,424.71,435.37,False,True,False,True,False,True,False,431.93,partial_reclaim,True,0.31364392678868613
2024-08-06,2024 Q3,up,0.42722282196752115,424.71,435.37,437.23,439.53,False,True,True,True,True,True,True,437.3606,no_reclaim,True,0.5752688172042932
2024-08-07,2024 Q3,up,1.5835096580438357,437.23,439.53,446.49,434.77,True,True,False,True,False,True,False,447.9,no_reclaim,False,0.048850574712648
2024-08-12,2024 Q3,up,0.21757953864256496,446.74,450.41,451.39,451.38,False,False,True,True,True,True,True,450.91,partial_reclaim,True,0.7346938775510192
2024-08-13,2024 Q3,up,0.9814129688296092,451.39,451.38,455.82,462.58,False,True,False,True,False,True,False,456.48,no_reclaim,False,0.031531531531528476
2024-08-14,2024 Q3,up,0.20104630550390468,455.82,462.58,463.51,462.73,False,False,True,False,True,True,True,463.15,partial_reclaim,True,1.3010752688171727
2024-08-15,2024 Q3,up,1.1326616469979012,463.51,462.73,468.76,474.42,False,True,False,True,False,True,False,469.57,no_reclaim,True,0.06301824212271927
2024-08-21,2024 Q3,up,0.14572707400852813,480.35,480.26,481.05,482.5,False,True,False,True,False,True,True,481.16,no_reclaim,True,0.8860759493670513
2024-08-22,2024 Q3,up,0.48497409326424545,481.05,482.5,484.84,474.85,True,True,False,True,True,False,True,484.5021,partial_reclaim,True,0.27273504273503857
2024-08-27,2024 Q3,down,-0.3471199562418481,479.45,475.34,473.69,476.76,True,True,False,False,True,False,True,472.44,no_reclaim,True,0.2242424242424301
2024-08-30,2024 Q3,up,0.37187288708588895,473.28,470.66,475.04,476.27,False,True,False,True,False,True,False,474.4,partial_reclaim,True,0.24429223744292108
2024-09-03,2024 Q3,down,-0.3873358033007812,475.04,476.27,473.2,461.81,False,True,False,True,False,True,False,471.17,no_reclaim,False,0.04234527687296278
2024-09-04,2024 Q3,down,-0.6799333059050228,473.2,461.81,458.67,460.61,False,True,False,True,False,False,True,458.86,partial_reclaim,True,0.3977070063694158
2024-09-10,2024 Q3,up,0.39167363464331917,453.06,454.46,456.24,458.66,False,True,False,True,False,True,False,455.58,partial_reclaim,True,0.4550561797752746
2024-09-11,2024 Q3,up,0.27253303100336357,456.24,458.66,459.91,468.62,False,False,True,False,True,False,True,458.15,full_reclaim,True,1.5120000000000346
2024-09-17,2024 Q3,up,0.6444932803651549,473.19,473.24,476.29,473.49,False,True,False,True,False,True,False,475.88,partial_reclaim,True,0.29836065573771203
2024-09-19,2024 Q3,up,1.6663155677269836,474.7,471.44,482.61,483.36,False,True,False,True,False,True,False,482.52,partial_reclaim,True,0.10743061772605075
2024-09-24,2024 Q3,up,0.2939715137462606,482.95,483.04,484.46,485.37,False,True,False,False,True,True,True,484.08,partial_reclaim,True,0.5774647887324063
2024-09-26,2024 Q3,up,1.554073525173938,484.74,485.82,493.37,489.47,False,True,False,True,False,True,False,491.964,partial_reclaim,True,0.2556291390728482
2024-09-30,2024 Q3,down,-0.19928094504366722,490.5,486.75,485.78,488.07,True,True,True,True,True,False,True,487.3301,full_reclaim,True,2.051546391752529
2024-10-02,2024 Q4,down,-0.1890830510939745,487.7,481.27,480.36,481.95,True,True,False,False,True,False,True,479.265,no_reclaim,True,0.6153846153846394
2024-10-03,2024 Q4,down,-0.12906986426847178,480.36,481.95,479.74,481.59,False,False,True,True,True,True,True,481.0,partial_reclaim,True,0.7692307692307712
2024-10-04,2024 Q4,up,1.216802674474149,479.74,481.59,487.45,487.32,False,True,False,True,False,True,False,487.32,partial_reclaim,True,0.17064846416382212
2024-10-07,2024 Q4,down,-0.3960436674053991,487.45,487.32,485.39,482.1,False,True,False,True,False,True,False,485.6799,partial_reclaim,True,0.33678756476685584
2024-10-14,2024 Q4,up,0.48848710880491364,490.74,493.36,495.77,497.5,False,True,False,True,False,True,False,496.56,no_reclaim,False,0.09543568464728813
2024-10-17,2024 Q4,up,1.0708905085711873,491.18,490.91,496.44,491.25,False,True,False,True,False,True,False,493.12,partial_reclaim,True,0.741410488245939
2024-10-21,2024 Q4,down,-0.16394769866008296,494.06,494.47,493.25,495.42,True,False,True,False,True,True,True,494.205,partial_reclaim,True,1.1680327868852292
2024-10-22,2024 Q4,down,-0.10542321338063987,493.25,495.42,492.73,495.96,True,True,False,True,False,True,False,493.2915,partial_reclaim,True,0.31193308550184917
2024-10-25,2024 Q4,up,0.5727981800454973,492.11,492.32,495.14,495.32,False,True,False,True,False,True,False,496.71,no_reclaim,False,0.00709219858155385
2024-10-28,2024 Q4,up,0.6339336186707456,495.14,495.32,498.46,495.4,False,True,False,True,False,True,False,497.6347,partial_reclaim,True,0.45222929936304623
2024-10-31,2024 Q4,down,-0.8058342398968521,499.39,496.38,492.38,483.85,False,True,False,True,False,True,False,490.07,no_reclaim,False,0.012500000000002842
2024-11-05,2024 Q4,up,0.16227763855223287,486.82,486.01,487.61,492.21,False,True,False,True,False,True,False,489.49,no_reclaim,False,0.0562500000000191
2024-11-06,2024 Q4,up,1.6964303854046126,487.61,492.21,500.56,505.58,False,True,False,True,False,True,False,503.1801,no_reclaim,True,0.034634730538921334
2024-11-07,2024 Q4,up,0.5577752284504855,500.56,505.58,508.4,513.54,False,True,False,True,False,True,False,509.9199,no_reclaim,False,0.021276595744681708
2024-11-11,2024 Q4,up,0.23923444976077235,513.035,514.14,515.37,513.84,True,False,True,False,True,False,True,514.3335,partial_reclaim,True,0.8617886178862142
2024-11-15,2024 Q4,down,-1.1303544398356569,511.91,508.69,502.94,496.57,False,True,False,True,False,True,False,501.55,no_reclaim,True,0.06782608695651937
2024-11-19,2024 Q4,down,-0.14253307369561652,498.13,500.02,497.42,503.46,True,True,False,True,False,False,True,498.33,partial_reclaim,True,0.357692307692315
2024-11-21,2024 Q4,up,0.6101317646123539,503.16,503.17,506.24,504.98,False,False,True,False,True,True,True,500.93,full_reclaim,True,1.9153094462540745
2024-11-22,2024 Q4,down,-0.11089548100915447,506.24,504.98,504.42,505.79,True,False,True,True,True,True,True,505.12,full_reclaim,True,1.9642857142856454
2024-11-25,2024 Q4,up,0.8125902054212153,504.42,505.79,509.9,506.59,False,True,False,True,False,True,False,510.85,no_reclaim,True,0.3430656934306528
2024-12-02,2024 Q4,up,0.249146623768981,505.93,509.74,511.01,515.29,False,True,False,True,False,True,False,512.87,no_reclaim,False,0.30708661417322203
2024-12-04,2024 Q4,up,0.6674792501015769,513.95,516.87,520.32,523.26,False,True,False,True,False,True,False,519.6299,partial_reclaim,True,0.2086956521739182
2024-12-11,2024 Q4,up,0.26354990260111233,523.62,520.6,525.0,529.92,False,True,False,True,False,True,False,525.42,no_reclaim,True,0.09318181818181143
2024-12-13,2024 Q4,up,0.5268344451182738,527.68,526.5,530.46,530.53,False,True,False,True,False,True,False,531.35,no_reclaim,False,0.04292929292931091
2024-12-16,2024 Q4,up,0.48065142404767336,530.46,530.53,533.08,538.17,False,True,False,True,False,True,False,533.93,no_reclaim,False,0.03137254901962305
2024-12-18,2024 Q4,down,-0.12131392310563704,536.36,535.8,535.15,516.47,False,True,False,False,True,False,True,534.46,no_reclaim,True,0.8
2024-12-20,2024 Q4,down,-0.7254410020032243,521.19,514.17,510.44,518.66,True,True,False,False,True,False,True,512.79,partial_reclaim,True,0.6434316353887558
2024-12-23,2024 Q4,up,0.17159603593877026,510.44,518.66,519.55,522.87,False,True,True,False,True,True,True,520.51,no_reclaim,False,0.33707865168534734
2024-12-24,2024 Q4,up,0.37485417025264756,519.55,522.87,524.83,529.96,False,True,False,True,False,True,False,525.155,no_reclaim,True,0.32653061224488494
2024-12-27,2024 Q4,down,-0.4372350090854127,528.32,529.6,526.01,522.56,False,True,False,True,False,True,False,523.23,no_reclaim,True,0.12256267409472163
2024-12-30,2024 Q4,down,-1.3491273729332454,526.01,522.56,515.51,515.61,False,True,False,True,False,True,False,514.48,no_reclaim,False,0.028368794326247768
2024-12-31,2024 Q4,up,0.2501890964100806,515.51,515.61,516.9,511.23,True,True,True,True,True,False,True,515.0889,full_reclaim,True,1.4186046511627743
2025-01-06,2025 Q1,up,1.0490184735238328,513.35,518.58,524.02,524.54,False,True,False,True,False,True,False,525.02,no_reclaim,False,0.04779411764705767
2025-01-07,2025 Q1,up,0.20017539177186183,524.02,524.54,525.59,515.18,True,False,True,False,True,False,True,523.4648,full_reclaim,True,2.180952380952313
2025-01-10,2025 Q1,down,-0.6989205560301359,515.08,515.27,511.48,507.19,False,True,False,True,False,True,False,509.185,no_reclaim,False,0.026385224274397587
2025-01-13,2025 Q1,down,-1.1810169758867506,511.48,507.19,501.2,505.56,False,True,False,True,False,True,False,500.27,no_reclaim,True,0.08180300500834864
2025-01-14,2025 Q1,up,0.6290054592926753,501.2,505.56,508.74,505.08,True,True,False,True,False,False,True,509.74,no_reclaim,True,0.389937106918241
2025-01-15,2025 Q1,up,0.8432598183748086,508.74,505.08,513.03,516.7,False,True,False,True,False,True,False,513.01,partial_reclaim,True,0.19748427672955918
2025-01-16,2025 Q1,up,0.4412618540739155,513.03,516.7,518.98,513.08,True,False,True,False,True,True,True,517.8,partial_reclaim,True,0.9385964912280754
2025-01-17,2025 Q1,up,0.7456934756638001,518.98,513.08,522.85,521.74,False,True,False,True,False,True,False,519.97,partial_reclaim,True,0.32650972364381375
2025-01-21,2025 Q1,up,0.3117528927990776,522.85,521.74,524.48,524.8,False,True,True,True,True,True,True,522.71,partial_reclaim,True,0.6970437956204332
2025-01-22,2025 Q1,up,0.9089176829268464,524.48,524.8,529.57,531.51,False,True,False,True,False,True,False,530.57,no_reclaim,True,0.0649895178197176
2025-01-23,2025 Q1,down,-0.10008119795307246,529.57,531.51,529.04,532.64,True,True,False,True,False,True,False,529.51,partial_reclaim,True,0.19392712550608768
2025-01-27,2025 Q1,down,-3.5175499877272753,533.02,529.63,511.0,514.21,False,True,False,True,False,True,False,514.825,partial_reclaim,True,0.21256038647343195
2025-01-28,2025 Q1,up,0.19641780595476277,511.0,514.21,515.22,521.81,False,True,True,True,True,True,True,513.21,full_reclaim,True,2.336633663366371
2025-01-29,2025 Q1,up,0.1245664130622437,515.22,521.81,522.46,520.83,True,False,True,False,True,False,True,521.15,full_reclaim,True,2.676923076922716
2025-01-30,2025 Q1,up,0.23925276576197696,522.46,520.83,523.71,523.05,False,True,False,True,False,True,True,523.7399,no_reclaim,True,0.4259027777778048
2025-01-31,2025 Q1,up,0.6129346393996427,523.71,523.05,526.92,522.29,True,True,False,True,False,True,False,527.5201,no_reclaim,True,0.05167958656328981
2025-02-03,2025 Q1,down,-1.6887169963047177,526.92,522.29,513.47,518.11,False,True,False,True,False,True,False,515.67,partial_reclaim,True,0.26870748299319974
2025-02-04,2025 Q1,up,0.10036478740036436,513.47,518.11,518.63,524.47,False,True,False,True,False,True,False,520.67,no_reclaim,True,0.7692307692307524
2025-02-07,2025 Q1,up,0.10196374622355453,527.36,529.6,530.14,522.92,True,True,False,False,True,False,True,531.63,no_reclaim,False,0.648148148148234
2025-02-11,2025 Q1,down,-0.23898941618299974,527.22,529.25,525.96,527.99,False,True,False,True,False,True,True,527.79,partial_reclaim,True,0.6656534954407188
2025-02-12,2025 Q1,down,-0.6958704083960932,525.96,527.99,522.3,528.3,True,True,False,True,False,True,False,523.77,partial_reclaim,True,0.3145869947276028
2025-02-13,2025 Q1,up,0.31800113571835986,522.3,528.3,529.98,535.9,False,True,False,True,False,True,False,529.64,partial_reclaim,True,0.47023809523805576
2025-02-18,2025 Q1,up,0.2935984390969093,536.005,538.15,539.73,539.37,False,True,True,False,True,True,True,539.4,partial_reclaim,True,0.5063291139240806
2025-02-19,2025 Q1,down,-0.1483211895359271,539.73,539.37,538.57,539.52,True,True,False,True,False,True,False,538.11,no_reclaim,True,0.462500000000032
2025-02-25,2025 Q1,down,-0.12118414218939,527.88,519.87,519.24,513.32,False,True,False,True,False,True,False,518.84,no_reclaim,False,0.12698412698419287
2025-02-27,2025 Q1,up,0.5043353442088838,515.53,514.56,518.13,500.27,True,False,True,False,True,False,True,517.32,partial_reclaim,True,0.2773109243697466
2025-03-03,2025 Q1,up,0.659228211031726,500.13,508.17,511.52,497.05,True,False,True,True,True,False,True,509.69,partial_reclaim,True,0.6477611940298451
2025-03-04,2025 Q1,down,-0.5774066995272165,511.52,497.05,494.18,495.55,False,True,False,True,False,True,False,494.5804,partial_reclaim,True,0.74564459930313
2025-03-05,2025 Q1,up,0.13116738976894915,494.18,495.55,496.2,502.01,False,False,True,False,True,False,True,495.11,full_reclaim,True,4.000000000000087
2025-03-06,2025 Q1,down,-0.5058444175735533,496.2,502.01,493.69,488.2,False,True,False,True,False,True,False,493.44,no_reclaim,False,0.021634615384616224
2025-03-07,2025 Q1,down,-0.21302744776729998,493.69,488.2,487.16,491.79,True,False,True,True,True,True,True,488.49,full_reclaim,True,2.086538461538495
2025-03-10,2025 Q1,down,-0.7615567780606014,487.16,491.79,483.45,472.73,False,True,False,True,False,True,False,482.456,no_reclaim,True,0.049160671462832546
2025-03-12,2025 Q1,up,1.4417275325500079,472.35,471.6,479.16,476.92,False,True,False,True,False,True,False,480.785,no_reclaim,True,0.08201058201058259
2025-03-13,2025 Q1,down,-0.14048477732114817,479.16,476.92,476.25,468.34,False,True,False,True,False,True,False,475.47,no_reclaim,False,0.044925373134333944
2025-03-21,2025 Q1,down,-0.5871498070793568,476.88,479.26,474.08,480.84,True,True,False,True,False,True,False,473.57,no_reclaim,True,0.25482625482625315
2025-03-24,2025 Q1,up,1.4349887696531116,474.08,480.84,487.74,490.66,False,True,False,True,False,True,False,488.399,no_reclaim,True,0.08985507246376834
2025-03-25,2025 Q1,up,0.14877919536948614,487.74,490.66,491.39,493.46,False,True,True,True,True,True,True,491.29,partial_reclaim,True,0.7397260273972496
2025-03-27,2025 Q1,down,-0.4067054791692448,492.3,484.38,482.41,481.62,False,True,False,False,True,False,True,480.55,no_reclaim,True,0.5025380710659731
2025-03-28,2025 Q1,down,-0.3758149578505843,482.41,481.62,479.81,468.94,False,True,False,True,False,True,False,479.7252,no_reclaim,False,0.10497237569060634
2025-03-31,2025 Q1,down,-1.4969932187486656,479.81,468.94,461.92,468.92,False,True,False,True,False,True,False,459.57,no_reclaim,True,0.08547008547008084
2025-04-02,2025 Q2,down,-0.25251444468221695,467.3,472.7,466.12,476.15,True,True,False,True,True,False,True,470.23,partial_reclaim,True,0.6884498480243136
2025-04-03,2025 Q2,down,-2.0767184416030204,466.12,476.15,456.44,450.66,False,True,False,True,False,True,False,459.71,partial_reclaim,True,0.18417047184170468
2025-04-04,2025 Q2,down,-2.778147605733816,456.44,450.66,438.14,422.67,False,True,False,True,False,True,False,436.8,no_reclaim,True,0.1781150159744418
2025-04-07,2025 Q2,down,-3.314642629001341,438.14,422.67,408.66,423.69,True,True,False,True,True,True,True,406.46,no_reclaim,True,0.09564596716630805
2025-04-08,2025 Q2,up,3.4152328353277195,408.66,423.69,438.16,416.06,True,True,False,True,False,True,False,437.07,partial_reclaim,True,0.14512785072564055
2025-04-09,2025 Q2,down,-0.11777147526799148,438.16,416.06,415.57,466.0,True,False,True,False,True,False,True,421.06,full_reclaim,True,11.204081632652873
2025-04-11,2025 Q2,down,-0.34291093280739426,453.56,446.18,444.65,454.4,True,False,True,True,True,True,True,447.0,full_reclaim,True,1.9607843137254524
2025-04-14,2025 Q2,up,2.213908450704216,444.65,454.4,464.46,457.48,False,True,False,True,False,True,False,461.28,partial_reclaim,True,0.3250497017892625
2025-04-16,2025 Q2,down,-1.9563745933317445,458.54,457.99,449.03,444.18,False,True,False,True,False,True,False,450.72,partial_reclaim,True,0.24887276785714668
2025-04-21,2025 Q2,down,-1.3217743751407385,447.17,444.1,438.23,433.11,False,True,False,True,False,True,False,437.84,no_reclaim,True,0.14480408858602475
2025-04-22,2025 Q2,up,0.13463249891609852,438.23,433.11,438.82,444.48,False,True,False,True,False,True,False,438.9,no_reclaim,True,0.210157618213659
2025-04-23,2025 Q2,up,3.0800035997120334,438.82,444.48,458.17,454.56,False,True,False,True,False,True,False,459.24,no_reclaim,True,0.05368882395909524
2025-04-29,2025 Q2,down,-0.47416439110095077,473.03,472.41,470.17,475.53,True,True,True,True,True,False,True,470.01,no_reclaim,True,0.46428571428569615
2025-04-30,2025 Q2,down,-0.6465746432141595,470.17,475.53,467.13,475.47,False,True,False,True,False,True,False,464.539,no_reclaim,False,0.010714285714289533
2025-05-01,2025 Q2,up,1.6699265989442047,467.13,475.47,483.41,481.68,False,True,False,True,False,True,False,482.015,partial_reclaim,True,0.20403022670025253
2025-05-02,2025 Q2,up,0.6474835026168302,483.41,481.68,486.54,488.83,False,True,False,True,False,True,False,486.485,partial_reclaim,True,0.286008230452683
2025-05-05,2025 Q2,down,-0.39873391704690064,486.54,488.83,484.6,485.93,False,True,False,True,False,True,False,484.995,partial_reclaim,True,0.26950354609929
2025-05-06,2025 Q2,down,-1.0400330169211713,484.6,485.93,479.56,481.41,False,True,False,True,False,True,False,481.1762,partial_reclaim,True,0.2558869701726836
2025-05-07,2025 Q2,up,0.13917450821543387,479.56,481.41,482.08,483.3,False,True,True,True,True,False,True,481.82,partial_reclaim,True,1.1641791044776424
2025-05-08,2025 Q2,up,1.0821435961100745,482.08,483.3,488.53,488.29,False,True,False,True,False,True,False,487.055,partial_reclaim,True,0.3059273422562099
2025-05-09,2025 Q2,up,0.3438888092849979,488.53,488.29,490.21,487.97,True,True,False,False,True,False,True,490.9847,no_reclaim,False,0.005208333333328707
2025-05-12,2025 Q2,up,3.423022786152874,490.21,487.97,506.99,507.85,False,True,False,True,False,True,False,503.77,partial_reclaim,True,0.1913774973711877
2025-05-13,2025 Q2,up,0.25795018214038734,506.99,507.85,509.16,515.59,False,True,False,True,False,True,False,510.66,no_reclaim,True,0.564885496183212
2025-05-14,2025 Q2,up,0.22886401986073057,509.16,515.59,516.77,518.68,False,True,False,True,False,True,False,518.19,no_reclaim,False,0.06779661016943274
2025-05-16,2025 Q2,up,0.2715454983148735,516.52,519.25,520.66,521.51,False,True,True,True,True,False,True,519.96,partial_reclaim,True,1.0921985815602826
2025-05-19,2025 Q2,down,-1.2330503591595154,520.66,521.51,514.24,522.01,True,True,False,True,False,True,False,516.78,partial_reclaim,True,0.37001375515817714
2025-05-21,2025 Q2,down,-0.6160124742526141,519.47,520.27,516.27,513.04,False,True,False,True,False,False,True,517.78,partial_reclaim,True,0.3973500000000172
2025-05-23,2025 Q2,down,-1.4562161741229485,513.66,514.0,506.18,509.24,False,True,False,True,False,True,False,507.87,partial_reclaim,True,0.3241687979539604
2025-05-27,2025 Q2,up,1.3569240436729135,506.18,509.24,516.15,521.22,False,True,False,True,False,True,False,515.41,partial_reclaim,True,0.2257597684515127
2025-05-28,2025 Q2,up,0.184183262346016,516.15,521.22,522.18,518.91,True,True,True,False,True,False,True,523.45,no_reclaim,False,0.34374999999995187
2025-05-29,2025 Q2,up,0.7947451070512201,522.18,518.91,526.33,519.93,False,True,False,True,False,True,False,523.63,partial_reclaim,True,0.36792452830188566
2025-06-02,2025 Q2,down,-0.36023193542794596,519.44,519.11,517.24,523.21,True,True,True,False,True,False,True,521.29,full_reclaim,True,2.197860962566847
2025-06-04,2025 Q2,up,0.1346482078513178,523.56,527.3,528.01,528.77,False,True,False,True,True,True,True,529.34,no_reclaim,False,0.23943661971823996
2025-06-05,2025 Q2,up,0.2666565803657539,528.01,528.77,530.18,524.79,True,False,True,True,True,True,True,528.65,full_reclaim,True,1.223404255319112
2025-06-11,2025 Q2,up,0.2639411467400432,531.17,534.21,535.62,532.41,True,True,True,True,True,True,True,535.14,partial_reclaim,True,0.957446808510676
2025-06-12,2025 Q2,down,-0.2479292274750522,535.62,532.41,531.09,533.66,True,True,True,False,True,False,True,532.01,partial_reclaim,True,0.9090909090909013
2025-06-13,2025 Q2,down,-0.6420757310437231,531.09,533.66,527.68,526.96,False,True,False,True,False,True,False,530.11,partial_reclaim,True,0.43143812709030654
2025-06-16,2025 Q2,up,0.534414796846594,527.68,526.96,530.5,534.29,False,True,False,True,False,True,False,532.215,no_reclaim,False,0.014124293785298035
2025-06-20,2025 Q2,up,0.4074702886247783,530.1,528.99,532.26,526.83,True,True,False,False,True,False,True,533.33,no_reclaim,True,0.2629969418960301
2025-06-24,2025 Q2,up,0.9856108341954384,526.81,531.65,536.89,539.78,False,True,False,True,False,True,False,537.26,no_reclaim,True,0.11832061068702357
2025-06-25,2025 Q2,up,0.4223943087924731,536.89,539.78,542.06,541.16,False,True,False,True,False,True,False,543.11,no_reclaim,False,0.052631578947321185
2025-06-26,2025 Q2,up,0.23798103530976444,542.06,541.16,543.35,546.22,False,True,False,True,False,True,False,542.4798,partial_reclaim,True,0.5890410958904316
2025-06-27,2025 Q2,up,0.19039947273991054,543.35,546.22,547.26,548.09,False,True,False,True,False,True,False,547.96,no_reclaim,True,0.5
2025-06-30,2025 Q2,up,0.5783721651553497,547.26,548.09,551.26,551.64,False,True,False,True,False,True,False,550.3,partial_reclaim,True,0.4763406940063124
2025-07-01,2025 Q3,down,-0.2775459855603457,551.26,551.64,549.73,546.99,False,True,False,True,False,True,False,549.87,partial_reclaim,True,0.21989528795809743
2025-07-02,2025 Q3,down,-0.15173951991810375,549.73,546.99,546.16,550.8,True,False,True,False,True,False,True,547.35,full_reclaim,True,1.5421686746988232
2025-07-03,2025 Q3,up,0.43209876543208736,546.16,550.8,553.18,556.22,False,True,False,True,False,True,False,553.71,no_reclaim,False,0
2025-07-09,2025 Q3,up,0.19877841627815585,553.38,552.34,554.48,556.25,False,True,False,True,False,True,False,556.16,no_reclaim,False,0.004672897196257462
2025-07-10,2025 Q3,up,0.11505617977527471,554.48,556.25,556.89,555.45,True,False,True,False,True,False,True,556.01,full_reclaim,True,1.8749999999999334
2025-07-11,2025 Q3,down,-0.3870735439733708,556.89,555.45,553.3,554.2,False,True,False,True,False,True,False,552.76,no_reclaim,True,0.4790697674418804
2025-07-15,2025 Q3,up,0.726344366336451,553.99,556.21,560.25,556.72,False,True,False,True,False,True,False,559.1707,partial_reclaim,True,0.27599009900990573
2025-07-17,2025 Q3,up,0.1309910459545316,557.28,557.29,558.02,561.8,False,True,False,True,False,True,False,557.54,partial_reclaim,True,1.109589041095788
2025-07-18,2025 Q3,up,0.2349590601637752,558.02,561.8,563.12,561.26,True,True,False,False,True,False,True,562.51,partial_reclaim,True,0.7651515151514793
2025-07-24,2025 Q3,up,0.2341214238839484,562.34,563.81,565.13,565.01,False,True,False,True,True,True,True,564.4733,partial_reclaim,True,0.666666666666638
2025-07-28,2025 Q3,up,0.24189134311491944,564.93,566.37,567.74,568.14,False,True,False,True,False,True,False,568.08,no_reclaim,False,0.14598540145988673
2025-07-29,2025 Q3,up,0.461153940930048,567.74,568.14,570.76,567.26,True,True,False,True,False,False,True,571.95,no_reclaim,False,0.019083969465631467
2025-07-31,2025 Q3,up,1.1193635819634729,568.18,568.02,574.54,565.01,True,True,False,True,False,True,False,572.39,partial_reclaim,True,0.3987730061349565
2025-08-01,2025 Q3,down,-1.0937859506911285,574.54,565.01,558.83,553.88,False,True,False,True,False,True,False,556.53,no_reclaim,False,0.03074433656956997
2025-08-05,2025 Q3,up,0.2286828576493427,559.05,564.1,565.39,560.27,True,True,False,False,True,False,True,565.47,no_reclaim,True,0.833333333333304
2025-08-07,2025 Q3,up,0.7667630261580571,561.11,567.32,571.67,569.24,False,True,False,True,False,True,False,572.39,no_reclaim,True,0.10804597701147665
2025-08-13,2025 Q3,up,0.46720110335316534,575.16,580.05,582.76,580.34,False,True,False,True,False,False,True,582.9,no_reclaim,True,0.14022140221401858
2025-08-14,2025 Q3,down,-0.354964331254104,582.76,580.34,578.28,579.89,False,True,True,False,True,True,True,579.69,partial_reclaim,True,0.7427184466019072
2025-08-18,2025 Q3,down,-0.15588734541170934,579.8,577.34,576.44,577.11,False,True,True,True,True,True,True,577.335,partial_reclaim,True,1.288888888888886
2025-08-20,2025 Q3,down,-0.16687745924675035,576.39,569.28,568.33,565.9,False,True,False,True,False,True,False,566.67,no_reclaim,False,0.12631578947369806
2025-08-21,2025 Q3,down,-0.2738999823290289,568.33,565.9,564.35,563.28,False,True,False,False,True,True,True,564.765,partial_reclaim,True,0.47096774193550944
2025-08-28,2025 Q3,up,0.1081099931995233,571.59,573.49,574.11,577.08,False,False,True,True,True,True,True,576.01,no_reclaim,False,0.4354838709677094
2025-09-02,2025 Q3,down,-1.593618513323991,574.655,570.4,561.31,565.62,False,True,False,True,False,True,False,562.14,partial_reclaim,True,0.16941694169417734
2025-09-03,2025 Q3,up,0.6382376860790018,561.31,565.62,569.23,570.07,False,True,False,True,False,True,False,568.55,partial_reclaim,True,0.3324099722991803
2025-09-04,2025 Q3,up,0.11752942621081619,569.23,570.07,570.74,575.23,False,True,False,True,True,True,True,571.0,no_reclaim,True,0.8358208955225274
2025-09-05,2025 Q3,up,0.9144168419588761,570.74,575.23,580.49,576.06,False,True,False,False,True,False,True,579.56,partial_reclaim,True,0.24334600760455796
2025-09-09,2025 Q3,up,0.1382002867655885,578.37,578.87,579.67,580.51,False,True,False,True,True,False,True,579.65,partial_reclaim,True,0.3624999999999751
2025-09-10,2025 Q3,up,0.5564072970319245,579.67,580.51,583.74,580.7,False,True,False,True,False,True,False,582.31,partial_reclaim,True,0.5479876160990624
2025-09-12,2025 Q3,up,0.16436104643198224,583.24,584.08,585.04,586.66,False,True,False,True,False,True,False,584.35,partial_reclaim,True,0.979166666666684
2025-09-15,2025 Q3,up,0.30341253877885777,585.04,586.66,588.44,591.68,False,True,False,True,False,True,False,589.315,no_reclaim,False,0.08146067415735307
2025-09-16,2025 Q3,up,0.15717955651703974,588.44,591.68,592.61,591.18,True,False,True,False,True,False,True,591.815,partial_reclaim,True,0.9139784946236178
2025-09-18,2025 Q3,up,0.644560987988485,591.1,590.0,594.91,595.32,False,True,False,True,False,True,False,594.63,partial_reclaim,True,0.12016293279020814
2025-09-19,2025 Q3,up,0.3376335416246601,594.91,595.32,597.33,599.35,False,True,False,True,False,True,False,596.91,partial_reclaim,True,0.38557213930352957
2025-09-25,2025 Q3,down,-0.6542526421741246,599.58,596.1,592.2,593.53,False,True,False,True,False,True,False,589.75,no_reclaim,False,0.007692307692300741
2025-09-26,2025 Q3,up,0.13815645375971908,592.2,593.53,594.35,595.97,False,True,True,False,True,True,True,595.2701,no_reclaim,True,1.6951219512193922
2025-09-29,2025 Q3,up,0.5268721579945179,594.35,595.97,599.11,598.73,False,True,False,True,False,True,False,599.65,no_reclaim,False,0.020700636942692627
2025-10-01,2025 Q4,down,-0.21055094163059396,598.43,600.37,597.17,603.25,True,True,False,True,False,True,True,598.74,partial_reclaim,True,0.59375000000002
2025-10-02,2025 Q4,up,0.6315789473684053,597.17,603.25,607.06,605.73,False,True,False,True,False,True,True,605.03,partial_reclaim,True,0.559055118110243
2025-10-06,2025 Q4,up,0.319862821717698,606.51,603.18,608.45,607.71,False,True,False,True,False,True,False,607.19,partial_reclaim,True,0.2998102466793192
2025-10-14,2025 Q4,down,-0.7287219850587001,599.68,602.01,595.31,598.0,False,True,False,True,False,True,False,592.18,no_reclaim,False,0.0029850746268799046
2025-10-15,2025 Q4,up,1.0050167224080253,595.31,598.0,604.01,602.22,False,True,False,True,False,True,False,602.38,partial_reclaim,True,0.2945091514143069
2025-10-16,2025 Q4,up,0.18211619012931113,604.01,602.22,605.11,599.99,True,True,False,True,False,True,False,605.47,no_reclaim,False,0.03114186851212189
2025-10-17,2025 Q4,down,-0.34000566676111177,605.11,599.99,597.95,603.93,True,False,True,False,True,True,True,597.97,partial_reclaim,True,0.9509313725490199
2025-10-20,2025 Q4,up,0.5315185534747524,597.95,603.93,607.14,611.54,False,True,False,True,False,True,False,609.3401,no_reclaim,False,0.023364485981286896
2025-10-24,2025 Q4,up,0.8860427789970204,604.91,610.58,615.99,617.1,False,True,False,True,False,True,False,616.965,no_reclaim,True,0.15896487985212915
2025-10-27,2025 Q4,up,1.2023983146977724,615.99,617.1,624.52,628.09,False,True,False,True,False,True,False,625.0616,no_reclaim,True,0.0660377358490582
2025-10-28,2025 Q4,up,0.36141317327134104,624.52,628.09,630.36,632.92,False,True,False,True,False,True,False,630.57,no_reclaim,True,0.11453744493391761
2025-10-29,2025 Q4,up,0.42185426278202875,630.36,632.92,635.59,635.77,False,True,False,True,False,True,False,635.74,no_reclaim,True,0.1048689138577074
2025-10-30,2025 Q4,down,-0.5380827262858268,635.59,635.77,632.17,626.05,False,True,False,True,False,True,False,628.22,no_reclaim,False,0.005555555555582048
2025-10-31,2025 Q4,up,0.31637059651676847,632.17,626.05,634.17,629.07,False,True,False,True,False,True,False,632.88,partial_reclaim,True,0.17000000000000098
2025-11-03,2025 Q4,up,0.1482252392891681,634.17,629.07,635.11,632.08,False,True,False,True,False,True,False,633.68,partial_reclaim,True,0.24172185430464324
2025-11-04,2025 Q4,down,-1.3922288317934517,635.11,632.08,623.28,619.25,False,True,False,True,False,True,False,621.9799,no_reclaim,False,0.03862500000000617
2025-11-05,2025 Q4,down,-0.12272910779168589,623.28,619.25,618.49,623.28,True,False,True,False,True,False,True,618.81,partial_reclaim,True,1.105263157894792
2025-11-07,2025 Q4,down,-0.5493158075432825,621.79,611.67,608.31,609.74,False,True,False,True,False,True,False,603.87,no_reclaim,False,0.00595238095240935
2025-11-10,2025 Q4,up,1.5055597467773074,608.31,609.74,618.92,623.23,False,True,False,True,False,True,False,620.67,no_reclaim,False,0.0392156862745115
2025-11-12,2025 Q4,up,0.5260871663690381,620.57,621.57,624.84,621.08,True,False,True,False,True,False,True,622.51,partial_reclaim,True,0.8073394495412847
2025-11-13,2025 Q4,down,-0.5699748824628204,624.84,621.08,617.54,608.4,False,True,False,True,False,True,False,614.75,no_reclaim,False,0.1638418079096125
2025-11-14,2025 Q4,down,-1.4546351084812614,617.54,608.4,599.55,608.86,True,True,False,True,False,False,True,601.43,partial_reclaim,True,0.26101694915254836
2025-11-18,2025 Q4,down,-0.6692509028260907,606.3,603.66,599.62,596.31,False,True,False,True,False,True,False,600.08,partial_reclaim,True,0.6658415841584072
2025-11-20,2025 Q4,up,1.958757730841687,597.07,599.87,611.62,585.67,True,True,False,True,False,True,False,611.58,partial_reclaim,True,0.11999999999999729
2025-11-24,2025 Q4,up,0.8829460911417231,587.47,590.07,595.28,605.16,False,True,False,True,False,True,False,598.45,no_reclaim,False,0.023032629558542482
2025-11-26,2025 Q4,up,0.5945244625465973,603.51,608.89,612.51,614.27,False,True,False,True,False,True,False,612.55,no_reclaim,True,0.22651933701655672
2025-11-28,2025 Q4,up,0.2995425464372481,612.51,614.27,616.11,619.25,False,True,False,True,False,True,False,616.46,no_reclaim,False,0.08695652173911163
2025-12-01,2025 Q4,down,-0.40252552303972067,616.11,619.25,613.63,617.17,False,True,False,True,False,True,False,613.76,partial_reclaim,True,0.2758007117437639
2025-12-02,2025 Q4,up,0.37104849555229524,613.63,617.17,619.46,622.0,False,True,False,True,False,True,False,622.01,no_reclaim,True,0.2096069868995642
2025-12-04,2025 Q4,up,0.2261354888375644,619.62,623.52,624.93,622.94,True,False,True,False,True,False,True,622.62,full_reclaim,True,2.751773049645449
2025-12-08,2025 Q4,up,0.27658758073798584,624.38,625.48,627.21,624.28,True,True,False,False,True,False,True,627.46,no_reclaim,False,0.19653179190753078
2025-12-09,2025 Q4,down,-0.20343435637854013,627.21,624.28,623.01,625.05,True,True,False,True,False,False,True,623.57,partial_reclaim,True,0.543307086614224
2025-12-12,2025 Q4,down,-0.2789266134461843,623.82,625.58,622.08,613.62,False,True,False,True,False,True,False,623.3,partial_reclaim,True,0.41714285714283506
2025-12-16,2025 Q4,down,-0.37343990565728014,618.37,610.54,608.26,611.75,True,False,True,True,True,True,True,610.05,partial_reclaim,True,1.2240789473684204
2025-12-17,2025 Q4,up,0.21413976297506299,608.26,611.75,613.06,600.41,True,False,True,False,True,False,True,611.03,full_reclaim,True,1.6793893129771171
2025-12-19,2025 Q4,up,0.3525746146277653,609.8,609.11,611.95,617.05,False,True,False,True,False,True,False,614.15,no_reclaim,False,0.02816901408452114
2025-12-22,2025 Q4,up,0.6968641114982743,611.95,617.05,621.35,619.21,False,True,False,True,False,True,False,619.43,partial_reclaim,True,0.5651162790697732
2025-12-23,2025 Q4,down,-0.16311106086788207,621.35,619.21,618.2,622.11,True,False,True,True,True,False,True,619.88,full_reclaim,True,2.1881188118811314
2025-12-26,2025 Q4,up,0.11700030452135302,621.99,623.93,624.66,623.89,True,True,False,True,True,True,True,625.1344,no_reclaim,True,1.0958904109588146
2025-12-29,2025 Q4,down,-0.6074788824953048,624.66,623.89,620.1,620.87,False,True,False,True,False,True,False,622.24,partial_reclaim,True,0.7071240105540832
2026-01-14,2026 Q1,down,-0.6387327542156318,627.27,626.24,622.24,619.55,False,True,False,True,False,True,False,621.2,no_reclaim,True,0.3025000000000091
2026-01-15,2026 Q1,up,0.7006942658781101,622.24,619.55,626.6,621.78,False,True,False,True,False,True,False,625.67,partial_reclaim,True,0.24113475177305377
2026-01-20,2026 Q1,down,-1.7271351768985643,625.5,621.26,610.53,608.06,False,True,False,True,False,True,False,611.95,partial_reclaim,True,0.25815470643056637
2026-01-22,2026 Q1,up,0.9849419095216527,609.47,616.28,622.35,620.76,False,True,False,True,False,True,False,621.02,partial_reclaim,True,0.37726523887974606
2026-01-23,2026 Q1,down,-0.16592563953862216,622.35,620.76,619.73,622.72,True,False,True,False,True,False,True,618.98,no_reclaim,True,1.0388349514562765
2026-01-27,2026 Q1,up,0.551594026796276,623.21,625.46,628.91,631.13,False,True,False,True,False,True,False,627.61,partial_reclaim,True,0.4550724637681065
2026-01-28,2026 Q1,up,0.6860710154801719,628.91,631.13,635.46,633.22,False,True,False,True,False,True,False,635.26,partial_reclaim,True,0.2170900692840752
2026-01-30,2026 Q1,down,-0.5910109146370357,632.65,629.43,625.71,621.87,False,True,False,True,False,True,False,627.76,partial_reclaim,True,0.5671774193548318
2026-02-02,2026 Q1,down,-0.5097528422339015,625.71,621.87,618.7,626.14,True,False,True,False,True,False,True,622.42,full_reclaim,True,1.3659305993690798
2026-02-03,2026 Q1,up,0.3449707733094831,618.7,626.14,628.3,616.52,True,False,True,False,True,False,True,625.51,full_reclaim,True,1.3981481481481604
2026-02-04,2026 Q1,down,-0.2433011094530646,628.3,616.52,615.02,605.75,False,True,False,True,False,True,False,614.25,no_reclaim,False,0.03333333333337881
2026-02-05,2026 Q1,down,-0.914568716467179,615.02,605.75,600.21,597.03,False,True,False,True,False,True,False,603.35,partial_reclaim,True,0.577617328519847
2026-02-10,2026 Q1,up,0.16033988800623344,607.54,614.32,615.305,611.47,True,True,True,True,True,True,True,614.12,full_reclaim,True,1.862944162436659
2026-02-11,2026 Q1,up,0.1747101031196019,615.305,611.47,616.38,613.11,False,True,False,False,True,False,True,614.785,partial_reclaim,True,0.3849287169042767
2026-02-17,2026 Q1,down,-0.3422547174524837,600.43,601.92,598.375,601.3,False,True,False,True,False,True,False,601.72,partial_reclaim,True,1.0789844851904342
2026-02-18,2026 Q1,up,0.13470813237985713,598.375,601.3,602.11,605.79,False,True,True,True,True,True,True,601.98,partial_reclaim,True,1.7160493827159073
2026-02-20,2026 Q1,down,-0.44624342661866434,602.81,603.47,600.12,608.81,True,False,True,False,True,False,True,603.31,partial_reclaim,True,1.262686567164176
2026-02-25,2026 Q1,up,0.5264283481665633,602.4,607.87,611.07,616.68,False,True,False,True,False,True,False,613.13,no_reclaim,False,0.02187500000001532
2026-02-27,2026 Q1,down,-1.0275096841967035,615.59,609.24,602.98,607.29,False,True,False,True,False,True,False,605.05,partial_reclaim,True,0.36261980830670687
2026-03-02,2026 Q1,down,-0.6832730770506501,602.98,607.29,598.86,608.09,True,True,False,True,False,True,False,602.8,partial_reclaim,True,0.6975088967971567
2026-03-03,2026 Q1,down,-0.42246935844770794,598.86,608.09,596.33,601.58,False,True,False,True,False,True,False,597.75,partial_reclaim,True,0.26020408163264863
2026-03-04,2026 Q1,up,0.428870640646295,596.33,601.58,604.16,610.75,False,True,False,True,False,True,False,604.889,no_reclaim,False,0.17054263565889663
2026-03-06,2026 Q1,down,-1.1672703325650402,607.4,608.91,600.31,599.75,False,True,False,True,False,True,False,600.22,no_reclaim,True,0.1360465116279151
2026-03-09,2026 Q1,down,-0.9212171738224195,600.31,599.75,594.225,607.76,True,True,False,True,False,True,False,593.42,no_reclaim,True,0.4063348416289618
2026-03-11,2026 Q1,up,0.19250386653066887,607.78,607.77,608.95,607.69,True,True,False,True,True,False,True,610.58,no_reclaim,False,0
2026-03-12,2026 Q1,down,-0.8112689035528087,608.95,607.69,602.76,597.26,False,True,False,True,False,True,False,603.76,partial_reclaim,True,0.27991886409735856
2026-03-17,2026 Q1,up,0.45970885106099146,600.04,600.38,603.14,603.31,False,True,False,True,False,True,False,604.92,no_reclaim,False,0.3115942028985567
2026-03-18,2026 Q1,down,-0.27356832576184154,603.14,603.31,601.49,594.9,False,True,False,True,False,True,False,602.2899,partial_reclaim,True,0.628021978022016
2026-03-19,2026 Q1,down,-0.9060346276685172,601.49,594.9,589.51,593.02,False,True,False,True,False,True,False,588.45,no_reclaim,False,0.005565862708714803
2026-03-24,2026 Q1,down,-0.5425170068027341,590.52,588.0,584.81,583.98,False,True,False,True,False,True,False,583.7,no_reclaim,True,0.46081504702194426
2026-03-25,2026 Q1,up,0.7404114156734698,584.81,583.98,589.14,587.82,False,True,False,True,False,True,False,590.3387,no_reclaim,False,0.027131782945733957
2026-03-26,2026 Q1,down,-0.8880269470246005,589.14,587.82,582.6,573.79,False,True,False,True,False,True,False,580.52,no_reclaim,False,0.003831417624517568
2026-03-27,2026 Q1,down,-0.5193537705432294,582.6,573.79,570.81,562.58,False,True,False,True,False,True,False,569.37,no_reclaim,False,0.0704697986577299
2026-04-01,2026 Q2,up,0.7450015593055914,564.29,577.18,581.48,584.31,False,True,False,True,False,True,False,583.84,no_reclaim,True,0.24651162790698658
2026-04-02,2026 Q2,down,-1.2915319529476443,581.48,584.31,573.97,584.98,True,True,False,True,False,True,True,572.17,no_reclaim,True,0.12754352030947974
2026-04-06,2026 Q2,up,0.2136825190604874,573.97,584.98,586.23,588.5,False,True,False,True,False,True,False,586.91,no_reclaim,True,0.4
2026-04-07,2026 Q2,down,-0.10064309230166657,586.23,588.5,585.64,588.59,True,True,False,True,False,True,False,584.91,no_reclaim,True,0.4965034965034798
2026-04-08,2026 Q2,up,3.4183387417387356,585.64,588.59,608.71,606.09,False,True,False,True,False,True,False,606.8187,partial_reclaim,True,0.10735586481113725
2026-04-10,2026 Q2,up,0.2704075779675241,605.93,610.19,611.84,611.07,False,True,False,True,False,True,False,611.63,partial_reclaim,True,0.21212121212122884
2026-04-13,2026 Q2,down,-0.26019932249988775,611.84,611.07,609.48,617.39,True,False,True,False,True,False,True,609.04,no_reclaim,True,0.30188679245283556
2026-04-14,2026 Q2,up,0.4583812501012474,609.48,617.39,620.22,628.6,False,True,False,True,False,True,False,621.48,no_reclaim,False,0.04240282685512467
2026-04-16,2026 Q2,up,0.2839661123313464,629.08,637.4,639.21,640.47,False,False,True,False,True,True,True,637.4,full_reclaim,True,1.0714364640883645
2026-04-17,2026 Q2,up,0.7994129311287068,639.21,640.47,645.59,648.85,False,True,False,True,False,True,False,645.69,no_reclaim,True,0.29687499999999617
2026-04-22,2026 Q2,up,0.26834872997023584,648.41,644.33,650.15,655.11,False,True,False,True,False,True,False,649.0599,partial_reclaim,True,0.27551546391751847
2026-04-24,2026 Q2,up,0.7589319868410938,653.55,651.42,658.51,663.88,False,True,False,True,False,True,False,659.39,no_reclaim,True,0.11142454160789282
2026-04-28,2026 Q2,down,-0.9029243292131506,663.4,664.23,657.41,657.55,False,True,False,True,False,True,False,657.61,partial_reclaim,True,0.1011730205278665
2026-04-29,2026 Q2,up,0.16424606493803395,657.41,657.55,658.63,661.57,False,True,True,True,True,True,True,658.01,partial_reclaim,True,1.8889814814814583
2026-04-30,2026 Q2,up,0.5713681091947809,658.63,661.57,665.35,667.74,False,False,True,False,True,True,True,660.81,full_reclaim,True,1.2116402116402312
2026-05-01,2026 Q2,up,0.21265762122981702,665.35,667.74,669.16,674.15,False,True,False,True,False,True,False,672.455,no_reclaim,False,0.2535211267605803
2026-05-05,2026 Q2,up,0.4891352681350769,674.66,672.88,677.96,681.61,False,True,False,True,False,True,False,679.36,no_reclaim,False,0.08858267716536257
2026-05-06,2026 Q2,up,0.9052097240357382,677.96,681.61,687.78,695.77,False,True,False,True,False,True,False,688.7,no_reclaim,True,0.21069692058346243
2026-05-07,2026 Q2,up,0.1164177817382317,687.78,695.77,696.58,694.94,True,True,True,True,True,True,True,697.1391,no_reclaim,True,0.8148148148148564
2026-05-08,2026 Q2,up,0.47948548623273357,696.58,694.94,699.92,711.23,False,True,False,True,False,True,False,701.98,no_reclaim,False,0.08433734939758376
2026-05-12,2026 Q2,down,-0.30125570133453516,710.36,713.29,708.22,707.24,False,True,False,True,False,True,False,708.535,partial_reclaim,True,0.0887573964496918
2026-05-13,2026 Q2,up,0.24568636864250593,708.22,707.24,709.96,714.71,False,False,True,True,True,True,True,707.9401,partial_reclaim,True,0.9632352941176391
2026-05-15,2026 Q2,down,-0.6269066077076002,714.62,719.79,710.14,708.93,False,True,False,True,False,True,False,707.412,no_reclaim,False,0.02901554404144802
2026-05-18,2026 Q2,up,0.1971442250823685,710.14,708.93,711.54,705.88,True,True,True,False,True,False,True,709.8,partial_reclaim,True,0.8735632183907895
2026-05-19,2026 Q2,down,-0.8599195330651122,711.54,705.88,699.81,701.53,False,True,False,True,False,True,False,704.365,partial_reclaim,True,0.8764415156507424
2026-05-20,2026 Q2,up,0.5359713768477548,699.81,701.53,705.29,713.15,False,True,False,True,False,True,False,705.1001,partial_reclaim,True,0.31382978723403
2026-05-22,2026 Q2,up,0.4982435515248351,708.99,714.51,718.07,717.54,False,True,False,True,False,True,False,720.8,no_reclaim,False,0.1853932584269862
2026-05-26,2026 Q2,up,1.098778670603151,718.07,717.54,725.96,730.28,False,True,False,True,False,True,False,724.98,partial_reclaim,True,0.21377672209026755
2026-05-27,2026 Q2,up,0.36698252724982616,725.96,730.28,732.96,729.45,True,False,True,False,True,False,True,730.03,full_reclaim,True,1.2089179104477452
2026-05-29,2026 Q2,up,0.30451332245786666,729.73,735.6,737.84,738.31,False,True,False,True,False,True,True,738.98,no_reclaim,True,0.18303571428575008
2026-06-01,2026 Q2,down,-0.10842459069717592,737.84,738.31,737.04,742.74,True,True,True,True,True,False,True,739.4,full_reclaim,True,2.3425196850394214
2026-06-03,2026 Q2,up,0.15412244022730004,742.4,746.16,747.31,744.21,True,False,True,True,True,False,True,746.855,partial_reclaim,True,1.8347826086956014
2026-06-04,2026 Q2,down,-1.1730559922602524,747.31,744.21,735.48,740.61,False,True,False,True,False,True,False,737.06,partial_reclaim,True,0.2668957617411137
2026-06-05,2026 Q2,down,-0.7369337031598477,735.48,740.61,730.06,705.06,False,True,False,True,False,True,False,729.25,no_reclaim,True,0.15450236966825578
2026-06-09,2026 Q2,up,0.7202463047324636,717.81,716.07,722.98,707.83,True,True,False,False,True,False,True,721.76,partial_reclaim,True,0.36034732272069764
2026-06-10,2026 Q2,down,-0.8716782278230806,722.98,707.83,701.66,693.69,False,True,True,False,True,True,True,704.23,partial_reclaim,True,0.6661264181523444
2026-06-15,2026 Q2,up,2.3234535725178196,717.61,721.34,738.1,744.0,False,True,False,True,False,True,False,738.895,no_reclaim,False,0.04295942720763888
2026-06-18,2026 Q2,up,0.27339871325779974,735.19,722.51,737.2,740.62,False,True,False,True,False,True,False,733.84,partial_reclaim,True,0.2988427501701895
2026-06-22,2026 Q2,up,0.1890308120223505,737.2,740.62,742.02,737.95,True,True,False,False,True,False,True,744.31,no_reclaim,True,1.135714285714327
2026-06-23,2026 Q2,down,-3.009689003320015,742.02,737.95,715.74,713.65,False,True,False,True,False,True,False,717.23,partial_reclaim,True,0.08419630796938322
2026-06-25,2026 Q2,up,1.4719655562855483,715.37,710.62,725.9,716.38,False,False,True,True,True,True,True,722.09,partial_reclaim,True,0.25719895287957834
2026-06-26,2026 Q2,down,-1.2912141600826432,725.9,716.38,707.13,706.52,False,True,False,True,False,True,False,704.25,no_reclaim,False,0.028108108108107124
2026-06-29,2026 Q2,up,0.9701186486218871,707.13,706.52,713.99,724.08,False,True,False,True,True,True,True,715.53,no_reclaim,True,0.2824631860776447
2026-07-07,2026 Q3,down,-0.8000777853402363,719.93,722.82,714.17,709.43,False,True,False,True,False,True,False,712.89,no_reclaim,True,0.25202312138728794
2026-07-08,2026 Q3,down,-0.6314928886570814,714.17,709.43,704.95,711.44,True,True,True,True,True,True,True,707.81,partial_reclaim,True,0.7366071428571485
2026-07-09,2026 Q3,up,0.9684583380186629,704.95,711.44,718.33,723.28,False,True,False,True,False,True,False,720.84,no_reclaim,True,0.26560232220610225
2026-07-13,2026 Q3,down,-0.4134868877480269,720.7,725.51,717.72,711.74,False,True,False,True,False,True,False,715.64,no_reclaim,True,0.09114249037226264
2026-07-14,2026 Q3,up,0.3483252521874869,717.72,711.74,720.22,719.69,False,True,False,True,False,True,False,719.25,partial_reclaim,True,0.36556603773585095
2026-07-15,2026 Q3,up,0.5040126627974706,720.22,719.69,723.85,717.74,True,True,True,False,True,False,True,722.05,partial_reclaim,True,0.6057692307692311
2026-07-16,2026 Q3,down,-0.7983392314765858,723.85,717.74,712.01,705.94,False,True,False,True,False,True,False,710.1,no_reclaim,True,0.2773123909249652
2026-07-17,2026 Q3,down,-2.0242513528061945,712.01,705.94,691.65,695.33,False,True,False,True,False,True,False,688.11,no_reclaim,True,0.1322603219034273
2026-07-20,2026 Q3,up,0.9822674125954389,691.65,695.33,702.16,696.06,False,True,False,True,False,True,False,704.2,no_reclaim,False,0.05563689604685205
2026-07-21,2026 Q3,up,0.628061980175465,702.16,696.06,706.57,708.97,False,True,False,True,False,True,False,705.825,partial_reclaim,True,0.20171265461465113
2026-07-22,2026 Q3,down,-0.4175099423977868,706.57,708.97,703.62,705.35,False,True,False,True,False,False,True,705.17,partial_reclaim,True,0.3308411214953223
2026-07-23,2026 Q3,down,-1.271993405531402,703.62,705.35,694.67,691.96,False,True,False,True,False,True,False,696.57,partial_reclaim,True,0.23689138576779695
2026-07-24,2026 Q3,down,-0.22400138736343722,694.67,691.96,690.41,684.23,False,True,True,True,True,True,True,690.19,no_reclaim,True,1.3161290322580566
2026-07-27,2026 Q3,up,0.1839486681826763,690.41,684.23,691.68,682.12,True,True,False,False,True,False,True,690.57,partial_reclaim,True,0.33422818791945214
