date,quarter,direction,body_gap_pct,prior_close,open,close,touch_reclaim,touch_minute,close_reclaim,close_reclaim_minute,reclaim_time_bucket,outcome,reclaim_held_at_close,post_reclaim_max_extension_pct
2024-07-31,2024 Q3,up,0.43361597080604497,457.53,467.87,471.07,False,,False,,never,failed_to_continuation,False,
2024-08-01,2024 Q3,up,0.14647504617149032,471.07,471.76,459.66,True,52,True,52,30–60m,held_reversal,True,3.203345574967622
2024-08-02,2024 Q3,down,1.9079319497019576,459.66,450.89,448.75,False,,False,,never,failed_to_continuation,False,
2024-08-05,2024 Q3,down,5.357103064066859,448.75,424.71,435.37,False,,False,,never,failed_partial,False,
2024-08-06,2024 Q3,up,0.42722282196752115,435.37,437.23,439.53,True,12,True,12,10–30m,failed_to_continuation,False,0.1860486482761794
2024-08-07,2024 Q3,up,1.5835096580438357,439.53,446.49,434.77,True,228,True,228,>120m,held_reversal,True,1.1739812982048936
2024-08-12,2024 Q3,up,0.21757953864256496,450.41,451.39,451.38,True,12,True,12,10–30m,failed_partial,False,0.41193579183411366
2024-08-13,2024 Q3,up,0.9814129688296092,451.38,455.82,462.58,False,,False,,never,failed_to_continuation,False,
2024-08-14,2024 Q3,up,0.20104630550390468,462.58,463.51,462.73,True,5,True,11,10–30m,failed_partial,False,0.9036274806519967
2024-08-15,2024 Q3,up,1.1326616469979012,462.73,468.76,474.42,False,,False,,never,failed_to_continuation,False,
2024-08-21,2024 Q3,up,0.14572707400852813,480.26,481.05,482.5,True,82,True,85,60–120m,failed_to_continuation,False,0.19572731437138172
2024-08-22,2024 Q3,up,0.48497409326424545,482.5,484.84,474.85,True,41,True,41,30–60m,held_reversal,True,1.8010362694300515
2024-08-27,2024 Q3,down,0.3471199562418481,475.34,473.69,476.76,True,42,True,54,30–60m,held_reversal,True,0.5259393276391635
2024-08-30,2024 Q3,up,0.37187288708588895,470.66,475.04,476.27,True,187,False,,never,failed_to_continuation,False,
2024-09-03,2024 Q3,down,0.3873358033007812,476.27,473.2,461.81,False,,False,,never,failed_to_continuation,False,
2024-09-04,2024 Q3,down,0.6799333059050228,461.81,458.67,460.61,True,60,True,60,60–120m,failed_partial,False,0.5716636712067704
2024-09-10,2024 Q3,up,0.39167363464331917,454.46,456.24,458.66,True,81,True,140,>120m,failed_to_continuation,False,0.4906922501430184
2024-09-11,2024 Q3,up,0.27253303100336357,458.66,459.91,468.62,True,0,True,4,≤10m,failed_to_continuation,False,1.6090350150438346
2024-09-17,2024 Q3,up,0.6444932803651549,473.24,476.29,473.49,True,173,True,173,>120m,failed_partial,False,0.47967204800946284
2024-09-19,2024 Q3,up,1.6663155677269836,471.44,482.61,483.36,False,,False,,never,failed_to_continuation,False,
2024-09-24,2024 Q3,up,0.2939715137462606,483.04,484.46,485.37,True,30,True,30,30–60m,failed_to_continuation,False,0.5941536932759202
2024-09-26,2024 Q3,up,1.554073525173938,485.82,493.37,489.47,True,91,False,,never,failed_partial,False,
2024-09-30,2024 Q3,down,0.19928094504366722,486.75,485.78,488.07,True,1,True,1,≤10m,held_reversal,True,0.3410374935798716
2024-10-02,2024 Q4,down,0.1890830510939745,481.27,480.36,481.95,True,47,True,48,30–60m,held_reversal,True,0.5423151245662546
2024-10-03,2024 Q4,down,0.12906986426847178,481.95,479.74,481.59,True,12,True,23,10–30m,failed_partial,False,0.5384375972611324
2024-10-04,2024 Q4,up,1.216802674474149,481.59,487.45,487.32,False,,False,,never,failed_partial,False,
2024-10-07,2024 Q4,down,0.3960436674053991,487.32,485.39,482.1,False,,False,,never,failed_to_continuation,False,
2024-10-14,2024 Q4,up,0.48848710880491364,493.36,495.77,497.5,False,,False,,never,failed_to_continuation,False,
2024-10-17,2024 Q4,up,1.0708905085711873,490.91,496.44,491.25,False,,False,,never,failed_partial,False,
2024-10-21,2024 Q4,down,0.16394769866008296,494.47,493.25,495.42,True,6,True,6,≤10m,held_reversal,True,0.3559366594535545
2024-10-22,2024 Q4,down,0.10542321338063987,495.42,492.73,495.96,True,36,True,245,>120m,held_reversal,True,0.4087440959186099
2024-10-25,2024 Q4,up,0.5727981800454973,492.32,495.14,495.32,False,,False,,never,failed_to_continuation,False,
2024-10-28,2024 Q4,up,0.6339336186707456,495.32,498.46,495.4,True,385,True,385,>120m,failed_partial,False,0.04441573124444207
2024-10-31,2024 Q4,down,0.8058342398968521,496.38,492.38,483.85,False,,False,,never,failed_to_continuation,False,
2024-11-05,2024 Q4,up,0.16227763855223287,486.01,487.61,492.21,False,,False,,never,failed_to_continuation,False,
2024-11-06,2024 Q4,up,1.6964303854046126,492.21,500.56,505.58,False,,False,,never,failed_to_continuation,False,
2024-11-07,2024 Q4,up,0.5577752284504855,505.58,508.4,513.54,False,,False,,never,failed_to_continuation,False,
2024-11-11,2024 Q4,up,0.23923444976077235,514.14,515.37,513.84,True,13,True,13,10–30m,held_reversal,True,0.6262885595363074
2024-11-15,2024 Q4,down,1.1303544398356569,508.69,502.94,496.57,False,,False,,never,failed_to_continuation,False,
2024-11-19,2024 Q4,down,0.14253307369561652,500.02,497.42,503.46,True,67,True,67,60–120m,held_reversal,True,0.7866885324587042
2024-11-21,2024 Q4,up,0.6101317646123539,503.17,506.24,504.98,True,6,True,6,≤10m,failed_partial,False,1.1149313353339851
2024-11-22,2024 Q4,down,0.11089548100915447,504.98,504.42,505.79,True,0,True,3,≤10m,held_reversal,True,0.30694284922174236
2024-11-25,2024 Q4,up,0.8125902054212153,505.79,509.9,506.59,True,164,True,164,>120m,failed_partial,False,0.3020028074892805
2024-12-02,2024 Q4,up,0.249146623768981,509.74,511.01,515.29,False,,False,,never,failed_to_continuation,False,
2024-12-04,2024 Q4,up,0.6674792501015769,516.87,520.32,523.26,False,,False,,never,failed_to_continuation,False,
2024-12-11,2024 Q4,up,0.26354990260111233,520.6,525.0,529.92,False,,False,,never,failed_to_continuation,False,
2024-12-13,2024 Q4,up,0.5268344451182738,526.5,530.46,530.53,False,,False,,never,failed_to_continuation,False,
2024-12-16,2024 Q4,up,0.48065142404767336,530.53,533.08,538.17,False,,False,,never,failed_to_continuation,False,
2024-12-18,2024 Q4,down,0.12131392310563704,535.8,535.15,516.47,True,42,True,44,30–60m,failed_to_continuation,False,0.2015490854796689
2024-12-20,2024 Q4,down,0.7254410020032243,514.17,510.44,518.66,True,53,True,53,30–60m,held_reversal,True,2.071299375692882
2024-12-23,2024 Q4,up,0.17159603593877026,518.66,519.55,522.87,True,16,True,19,10–30m,failed_to_continuation,False,0.4877954729495185
2024-12-24,2024 Q4,up,0.37485417025264756,522.87,524.83,529.96,False,,False,,never,failed_to_continuation,False,
2024-12-27,2024 Q4,down,0.4372350090854127,529.6,526.01,522.56,False,,False,,never,failed_to_continuation,False,
2024-12-30,2024 Q4,down,1.3491273729332454,522.56,515.51,515.61,False,,False,,never,failed_partial,False,
2024-12-31,2024 Q4,up,0.2501890964100806,515.61,516.9,511.23,True,8,True,8,≤10m,held_reversal,True,1.0376059424759065
2025-01-06,2025 Q1,up,1.0490184735238328,518.58,524.02,524.54,False,,False,,never,failed_to_continuation,False,
2025-01-07,2025 Q1,up,0.20017539177186183,524.54,525.59,515.18,True,5,True,5,≤10m,held_reversal,True,2.1466427727151394
2025-01-10,2025 Q1,down,0.6989205560301359,515.27,511.48,507.19,False,,False,,never,failed_to_continuation,False,
2025-01-13,2025 Q1,down,1.1810169758867506,507.19,501.2,505.56,False,,False,,never,failed_partial,False,
2025-01-14,2025 Q1,up,0.6290054592926753,505.56,508.74,505.08,True,81,True,89,60–120m,held_reversal,True,0.785267821821352
2025-01-15,2025 Q1,up,0.8432598183748086,505.08,513.03,516.7,False,,False,,never,failed_to_continuation,False,
2025-01-16,2025 Q1,up,0.4412618540739155,516.7,518.98,513.08,True,15,True,16,10–30m,held_reversal,True,0.7257596284110702
2025-01-17,2025 Q1,up,0.7456934756638001,513.08,522.85,521.74,False,,False,,never,failed_partial,False,
2025-01-21,2025 Q1,up,0.3117528927990776,521.74,524.48,524.8,True,10,True,24,10–30m,failed_to_continuation,False,0.32199946333423995
2025-01-22,2025 Q1,up,0.9089176829268464,524.8,529.57,531.51,False,,False,,never,failed_to_continuation,False,
2025-01-23,2025 Q1,down,0.10008119795307246,531.51,529.04,532.64,True,380,True,382,>120m,held_reversal,True,0.23517901826870616
2025-01-27,2025 Q1,down,3.5175499877272753,529.63,511.0,514.21,False,,False,,never,failed_partial,False,
2025-01-28,2025 Q1,up,0.19641780595476277,514.21,515.22,521.81,True,1,True,1,≤10m,failed_to_continuation,False,0.47256957274266614
2025-01-29,2025 Q1,up,0.1245664130622437,521.81,522.46,520.83,True,1,True,1,≤10m,held_reversal,True,0.9411854889710614
2025-01-30,2025 Q1,up,0.23925276576197696,520.83,523.71,523.05,True,59,True,60,60–120m,failed_partial,False,0.5030432194766055
2025-01-31,2025 Q1,up,0.6129346393996427,523.05,526.92,522.29,True,315,True,315,>120m,held_reversal,True,0.3556065385718192
2025-02-03,2025 Q1,down,1.6887169963047177,522.29,513.47,518.11,False,,False,,never,failed_partial,False,
2025-02-04,2025 Q1,up,0.10036478740036436,518.11,518.63,524.47,False,,False,,never,failed_to_continuation,False,
2025-02-07,2025 Q1,up,0.10196374622355453,529.6,530.14,522.92,True,30,True,30,30–60m,held_reversal,True,1.3991691842900242
2025-02-11,2025 Q1,down,0.23898941618299974,529.25,525.96,527.99,True,59,True,74,60–120m,failed_partial,False,0.1265942371280036
2025-02-12,2025 Q1,down,0.6958704083960932,527.99,522.3,528.3,True,150,True,150,>120m,held_reversal,True,0.2272770317619738
2025-02-13,2025 Q1,up,0.31800113571835986,528.3,529.98,535.9,False,,False,,never,failed_to_continuation,False,
2025-02-18,2025 Q1,up,0.2935984390969093,538.15,539.73,539.37,True,16,True,17,10–30m,failed_partial,False,0.39208399145219985
2025-02-19,2025 Q1,down,0.1483211895359271,539.37,538.57,539.52,True,135,True,153,>120m,held_reversal,True,0.26697814116468116
2025-02-25,2025 Q1,down,0.12118414218939,519.87,519.24,513.32,False,,False,,never,failed_to_continuation,False,
2025-02-27,2025 Q1,up,0.5043353442088838,514.56,518.13,500.27,True,13,True,14,10–30m,held_reversal,True,2.8198849502487437
2025-03-03,2025 Q1,up,0.659228211031726,508.17,511.52,497.05,True,23,True,24,10–30m,held_reversal,True,2.8710864474486946
2025-03-04,2025 Q1,down,0.5774066995272165,497.05,494.18,495.55,True,221,True,222,>120m,failed_partial,False,1.3459410522080268
2025-03-05,2025 Q1,up,0.13116738976894915,495.55,496.2,502.01,True,2,True,6,≤10m,failed_to_continuation,False,0.8657047724750319
2025-03-06,2025 Q1,down,0.5058444175735533,502.01,493.69,488.2,False,,False,,never,failed_to_continuation,False,
2025-03-07,2025 Q1,down,0.21302744776729998,488.2,487.16,491.79,True,1,True,3,≤10m,held_reversal,True,1.040557148709542
2025-03-10,2025 Q1,down,0.7615567780606014,491.79,483.45,472.73,False,,False,,never,failed_to_continuation,False,
2025-03-12,2025 Q1,up,1.4417275325500079,471.6,479.16,476.92,False,,False,,never,failed_partial,False,
2025-03-13,2025 Q1,down,0.14048477732114817,476.92,476.25,468.34,False,,False,,never,failed_to_continuation,False,
2025-03-21,2025 Q1,down,0.5871498070793568,479.26,474.08,480.84,True,207,True,207,>120m,held_reversal,True,0.4903392730459506
2025-03-24,2025 Q1,up,1.4349887696531116,480.84,487.74,490.66,False,,False,,never,failed_to_continuation,False,
2025-03-25,2025 Q1,up,0.14877919536948614,490.66,491.39,493.46,True,13,True,18,10–30m,failed_to_continuation,False,0.04891370806668754
2025-03-27,2025 Q1,down,0.4067054791692448,484.38,482.41,481.62,True,59,True,59,30–60m,failed_to_continuation,False,0.4541682150377831
2025-03-28,2025 Q1,down,0.3758149578505843,481.62,479.81,468.94,False,,False,,never,failed_to_continuation,False,
2025-03-31,2025 Q1,down,1.4969932187486656,468.94,461.92,468.92,True,371,True,371,>120m,failed_partial,False,0.19618714547703672
2025-04-02,2025 Q2,down,0.25251444468221695,472.7,466.12,476.15,True,32,True,32,30–60m,held_reversal,True,1.4512375713983527
2025-04-03,2025 Q2,down,2.0767184416030204,476.15,456.44,450.66,False,,False,,never,failed_to_continuation,False,
2025-04-04,2025 Q2,down,2.778147605733816,450.66,438.14,422.67,False,,False,,never,failed_to_continuation,False,
2025-04-07,2025 Q2,down,3.314642629001341,422.67,408.66,423.69,True,40,True,40,30–60m,held_reversal,True,4.843021742730729
2025-04-08,2025 Q2,up,3.4152328353277195,423.69,438.16,416.06,True,222,True,237,>120m,held_reversal,True,3.2807005121669093
2025-04-09,2025 Q2,down,0.11777147526799148,416.06,415.57,466.0,True,0,True,0,≤10m,held_reversal,True,12.44291688698745
2025-04-11,2025 Q2,down,0.34291093280739426,446.18,444.65,454.4,True,0,True,9,≤10m,held_reversal,True,2.1538392576986896
2025-04-14,2025 Q2,up,2.213908450704216,454.4,464.46,457.48,True,141,True,142,>120m,failed_partial,False,0.38952464788731994
2025-04-16,2025 Q2,down,1.9563745933317445,457.99,449.03,444.18,False,,False,,never,failed_to_continuation,False,
2025-04-21,2025 Q2,down,1.3217743751407385,444.1,438.23,433.11,False,,False,,never,failed_to_continuation,False,
2025-04-22,2025 Q2,up,0.13463249891609852,433.11,438.82,444.48,False,,False,,never,failed_to_continuation,False,
2025-04-23,2025 Q2,up,3.0800035997120334,444.48,458.17,454.56,False,,False,,never,failed_partial,False,
2025-04-29,2025 Q2,down,0.47416439110095077,472.41,470.17,475.53,True,19,True,20,10–30m,held_reversal,True,0.8497491585698844
2025-04-30,2025 Q2,down,0.6465746432141595,475.53,467.13,475.47,True,381,True,381,>120m,failed_partial,False,0.35118709650285285
2025-05-01,2025 Q2,up,1.6699265989442047,475.47,483.41,481.68,False,,False,,never,failed_partial,False,
2025-05-02,2025 Q2,up,0.6474835026168302,481.68,486.54,488.83,False,,False,,never,failed_to_continuation,False,
2025-05-05,2025 Q2,down,0.39873391704690064,488.83,484.6,485.93,True,309,True,310,>120m,failed_partial,False,0.04091401918867267
2025-05-06,2025 Q2,down,1.0400330169211713,485.93,479.56,481.41,False,,False,,never,failed_partial,False,
2025-05-07,2025 Q2,up,0.13917450821543387,481.41,482.08,483.3,True,0,True,0,≤10m,failed_to_continuation,False,0.961342722419568
2025-05-08,2025 Q2,up,1.0821435961100745,483.3,488.53,488.29,False,,False,,never,failed_partial,False,
2025-05-09,2025 Q2,up,0.3438888092849979,488.29,490.21,487.97,True,57,True,57,30–60m,held_reversal,True,0.4290483114542643
2025-05-12,2025 Q2,up,3.423022786152874,487.97,506.99,507.85,False,,False,,never,failed_to_continuation,False,
2025-05-13,2025 Q2,up,0.25795018214038734,507.85,509.16,515.59,False,,False,,never,failed_to_continuation,False,
2025-05-14,2025 Q2,up,0.22886401986073057,515.59,516.77,518.68,False,,False,,never,failed_to_continuation,False,
2025-05-16,2025 Q2,up,0.2715454983148735,519.25,520.66,521.51,True,8,True,11,10–30m,failed_to_continuation,False,0.41405873856523395
2025-05-19,2025 Q2,down,1.2330503591595154,521.51,514.24,522.01,True,206,True,211,>120m,held_reversal,True,0.19558589480546526
2025-05-21,2025 Q2,down,0.6160124742526141,520.27,516.27,513.04,True,86,True,88,60–120m,failed_to_continuation,False,0.5247275453130141
2025-05-23,2025 Q2,down,1.4562161741229485,514.0,506.18,509.24,False,,False,,never,failed_partial,False,
2025-05-27,2025 Q2,up,1.3569240436729135,509.24,516.15,521.22,False,,False,,never,failed_to_continuation,False,
2025-05-28,2025 Q2,up,0.184183262346016,521.22,522.18,518.91,True,27,True,27,10–30m,held_reversal,True,0.5429569087909214
2025-05-29,2025 Q2,up,0.7947451070512201,518.91,526.33,519.93,True,147,True,147,>120m,failed_partial,False,0.3064115164479232
2025-06-02,2025 Q2,down,0.36023193542794596,519.11,517.24,523.21,True,2,True,2,≤10m,held_reversal,True,0.8360463100306353
2025-06-04,2025 Q2,up,0.1346482078513178,527.3,528.01,528.77,True,34,True,34,30–60m,failed_to_continuation,False,0.25234212023516106
2025-06-05,2025 Q2,up,0.2666565803657539,528.77,530.18,524.79,True,9,True,9,≤10m,held_reversal,True,1.1555118482516054
2025-06-11,2025 Q2,up,0.2639411467400432,534.21,535.62,532.41,True,16,True,16,10–30m,held_reversal,True,0.7674884408753154
2025-06-12,2025 Q2,down,0.2479292274750522,532.41,531.09,533.66,True,18,True,19,10–30m,held_reversal,True,0.41956386994986716
2025-06-13,2025 Q2,down,0.6420757310437231,533.66,527.68,526.96,False,,False,,never,failed_to_continuation,False,
2025-06-16,2025 Q2,up,0.534414796846594,526.96,530.5,534.29,False,,False,,never,failed_to_continuation,False,
2025-06-20,2025 Q2,up,0.4074702886247783,528.99,532.26,526.83,True,54,True,54,30–60m,held_reversal,True,0.7769523053365873
2025-06-24,2025 Q2,up,0.9856108341954384,531.65,536.89,539.78,False,,False,,never,failed_to_continuation,False,
2025-06-25,2025 Q2,up,0.4223943087924731,539.78,542.06,541.16,True,250,True,251,>120m,failed_partial,False,0.04538886212901637
2025-06-26,2025 Q2,up,0.23798103530976444,541.16,543.35,546.22,False,,False,,never,failed_to_continuation,False,
2025-06-27,2025 Q2,up,0.19039947273991054,546.22,547.26,548.09,True,299,True,299,>120m,failed_to_continuation,False,0.30665299696094395
2025-06-30,2025 Q2,up,0.5783721651553497,548.09,551.26,551.64,False,,False,,never,failed_to_continuation,False,
2025-07-01,2025 Q3,down,0.2775459855603457,551.64,549.73,546.99,False,,False,,never,failed_to_continuation,False,
2025-07-02,2025 Q3,down,0.15173951991810375,546.99,546.16,550.8,True,2,True,6,≤10m,held_reversal,True,0.7331029817729741
2025-07-03,2025 Q3,up,0.43209876543208736,550.8,553.18,556.22,False,,False,,never,failed_to_continuation,False,
2025-07-09,2025 Q3,up,0.19877841627815585,552.34,554.48,556.25,False,,False,,never,failed_to_continuation,False,
2025-07-10,2025 Q3,up,0.11505617977527471,556.25,556.89,555.45,True,2,True,2,≤10m,held_reversal,True,0.6292134831460674
2025-07-11,2025 Q3,down,0.3870735439733708,555.45,553.3,554.2,True,65,True,213,>120m,failed_partial,False,0.06121163020972511
2025-07-15,2025 Q3,up,0.726344366336451,556.21,560.25,556.72,False,,False,,never,failed_partial,False,
2025-07-17,2025 Q3,up,0.1309910459545316,557.29,558.02,561.8,True,3,False,,never,failed_to_continuation,False,
2025-07-18,2025 Q3,up,0.2349590601637752,561.8,563.12,561.26,True,34,True,35,30–60m,held_reversal,True,0.32395870416517203
2025-07-24,2025 Q3,up,0.2341214238839484,563.81,565.13,565.01,True,42,True,42,30–60m,failed_partial,False,0.091342828257744
2025-07-28,2025 Q3,up,0.24189134311491944,566.37,567.74,568.14,False,,False,,never,failed_to_continuation,False,
2025-07-29,2025 Q3,up,0.461153940930048,568.14,570.76,567.26,True,113,True,115,60–120m,held_reversal,True,0.2833808568310652
2025-07-31,2025 Q3,up,1.1193635819634729,568.02,574.54,565.01,True,235,True,235,>120m,held_reversal,True,0.730608077180377
2025-08-01,2025 Q3,down,1.0937859506911285,565.01,558.83,553.88,False,,False,,never,failed_to_continuation,False,
2025-08-05,2025 Q3,up,0.2286828576493427,564.1,565.39,560.27,True,48,True,51,30–60m,held_reversal,True,0.7746853394788167
2025-08-07,2025 Q3,up,0.7667630261580571,567.32,571.67,569.24,True,192,True,193,>120m,failed_partial,False,0.3895508707607763
2025-08-13,2025 Q3,up,0.46720110335316534,580.05,582.76,580.34,True,94,True,96,60–120m,failed_partial,False,0.19136281355053877
2025-08-14,2025 Q3,down,0.354964331254104,580.34,578.28,579.89,True,20,True,21,10–30m,failed_partial,False,0.2653616845297521
2025-08-18,2025 Q3,down,0.15588734541170934,577.34,576.44,577.11,True,1,True,4,≤10m,failed_partial,False,0.07361346866663569
2025-08-20,2025 Q3,down,0.16687745924675035,569.28,568.33,565.9,False,,False,,never,failed_to_continuation,False,
2025-08-21,2025 Q3,down,0.2738999823290289,565.9,564.35,563.28,True,55,True,57,30–60m,failed_to_continuation,False,0.10425870295105706
2025-08-28,2025 Q3,up,0.1081099931995233,573.49,574.11,577.08,True,20,True,21,10–30m,failed_to_continuation,False,0.17960208547663825
2025-09-02,2025 Q3,down,1.593618513323991,570.4,561.31,565.62,False,,False,,never,failed_partial,False,
2025-09-03,2025 Q3,up,0.6382376860790018,565.62,569.23,570.07,False,,False,,never,failed_to_continuation,False,
2025-09-04,2025 Q3,up,0.11752942621081619,570.07,570.74,575.23,True,32,True,33,30–60m,failed_to_continuation,False,0.18331082147807684
2025-09-05,2025 Q3,up,0.9144168419588761,575.23,580.49,576.06,True,54,True,56,30–60m,failed_partial,False,0.6432209724805809
2025-09-09,2025 Q3,up,0.1382002867655885,578.87,579.67,580.51,True,25,True,30,30–60m,failed_to_continuation,False,0.31613315597630576
2025-09-10,2025 Q3,up,0.5564072970319245,580.51,583.74,580.7,True,289,True,289,>120m,failed_partial,False,0.3376341492825337
2025-09-12,2025 Q3,up,0.16436104643198224,584.08,585.04,586.66,False,,False,,never,failed_to_continuation,False,
2025-09-15,2025 Q3,up,0.30341253877885777,586.66,588.44,591.68,False,,False,,never,failed_to_continuation,False,
2025-09-16,2025 Q3,up,0.15717955651703974,591.68,592.61,591.18,True,15,True,17,10–30m,held_reversal,True,0.20112222823146653
2025-09-18,2025 Q3,up,0.644560987988485,590.0,594.91,595.32,False,,False,,never,failed_to_continuation,False,
2025-09-19,2025 Q3,up,0.3376335416246601,595.32,597.33,599.35,False,,False,,never,failed_to_continuation,False,
2025-09-25,2025 Q3,down,0.6542526421741246,596.1,592.2,593.53,False,,False,,never,failed_partial,False,
2025-09-26,2025 Q3,up,0.13815645375971908,593.53,594.35,595.97,True,0,True,0,≤10m,failed_to_continuation,False,0.4161541960810789
2025-09-29,2025 Q3,up,0.5268721579945179,595.97,599.11,598.73,False,,False,,never,failed_partial,False,
2025-10-01,2025 Q4,down,0.21055094163059396,600.37,597.17,603.25,True,64,True,64,60–120m,held_reversal,True,0.5696487166247413
2025-10-02,2025 Q4,up,0.6315789473684053,603.25,607.06,605.73,True,93,True,93,60–120m,failed_partial,False,0.05304600082885205
2025-10-06,2025 Q4,up,0.319862821717698,603.18,608.45,607.71,False,,False,,never,failed_partial,False,
2025-10-14,2025 Q4,down,0.7287219850587001,602.01,595.31,598.0,True,195,True,195,>120m,failed_partial,False,0.11295493430342747
2025-10-15,2025 Q4,up,1.0050167224080253,598.0,604.01,602.22,True,221,True,221,>120m,failed_partial,False,0.3461538461538545
2025-10-16,2025 Q4,up,0.18211619012931113,602.22,605.11,599.99,True,169,True,169,>120m,held_reversal,True,1.1158712762777767
2025-10-17,2025 Q4,down,0.34000566676111177,599.99,597.95,603.93,True,23,True,23,10–30m,held_reversal,True,0.9200153335888901
2025-10-20,2025 Q4,up,0.5315185534747524,603.93,607.14,611.54,False,,False,,never,failed_to_continuation,False,
2025-10-24,2025 Q4,up,0.8860427789970204,610.58,615.99,617.1,False,,False,,never,failed_to_continuation,False,
2025-10-27,2025 Q4,up,1.2023983146977724,617.1,624.52,628.09,False,,False,,never,failed_to_continuation,False,
2025-10-28,2025 Q4,up,0.36141317327134104,628.09,630.36,632.92,False,,False,,never,failed_to_continuation,False,
2025-10-29,2025 Q4,up,0.42185426278202875,632.92,635.59,635.77,True,305,True,305,>120m,failed_to_continuation,False,0.42185426278201976
2025-10-30,2025 Q4,down,0.5380827262858268,635.77,632.17,626.05,False,,False,,never,failed_to_continuation,False,
2025-10-31,2025 Q4,up,0.31637059651676847,626.05,634.17,629.07,False,,False,,never,failed_partial,False,
2025-11-03,2025 Q4,up,0.1482252392891681,629.07,635.11,632.08,False,,False,,never,failed_partial,False,
2025-11-04,2025 Q4,down,1.3922288317934517,632.08,623.28,619.25,False,,False,,never,failed_to_continuation,False,
2025-11-05,2025 Q4,down,0.12272910779168589,619.25,618.49,623.28,True,0,True,17,10–30m,held_reversal,True,1.1869196608801007
2025-11-07,2025 Q4,down,0.5493158075432825,611.67,608.31,609.74,False,,False,,never,failed_partial,False,
2025-11-10,2025 Q4,up,1.5055597467773074,609.74,618.92,623.23,False,,False,,never,failed_to_continuation,False,
2025-11-12,2025 Q4,up,0.5260871663690381,621.57,624.84,621.08,True,12,True,16,10–30m,held_reversal,True,0.6049197998616574
2025-11-13,2025 Q4,down,0.5699748824628204,621.08,617.54,608.4,False,,False,,never,failed_to_continuation,False,
2025-11-14,2025 Q4,down,1.4546351084812614,608.4,599.55,608.86,True,73,True,73,60–120m,held_reversal,True,0.8136094674556288
2025-11-18,2025 Q4,down,0.6692509028260907,603.66,599.62,596.31,False,,False,,never,failed_to_continuation,False,
2025-11-20,2025 Q4,up,1.958757730841687,599.87,611.62,585.67,True,135,True,144,>120m,held_reversal,True,2.520546118325638
2025-11-24,2025 Q4,up,0.8829460911417231,590.07,595.28,605.16,False,,False,,never,failed_to_continuation,False,
2025-11-26,2025 Q4,up,0.5945244625465973,608.89,612.51,614.27,False,,False,,never,failed_to_continuation,False,
2025-11-28,2025 Q4,up,0.2995425464372481,614.27,616.11,619.25,False,,False,,never,failed_to_continuation,False,
2025-12-01,2025 Q4,down,0.40252552303972067,619.25,613.63,617.17,True,195,True,195,>120m,failed_partial,False,0.030698425514740325
2025-12-02,2025 Q4,up,0.37104849555229524,617.17,619.46,622.0,False,,False,,never,failed_to_continuation,False,
2025-12-04,2025 Q4,up,0.2261354888375644,623.52,624.93,622.94,True,1,True,1,≤10m,held_reversal,True,0.6383115216833491
2025-12-08,2025 Q4,up,0.27658758073798584,625.48,627.21,624.28,True,45,True,52,30–60m,held_reversal,True,0.6059346421947885
2025-12-09,2025 Q4,down,0.20343435637854013,624.28,623.01,625.05,True,33,True,73,60–120m,held_reversal,True,0.2546934068046441
2025-12-12,2025 Q4,down,0.2789266134461843,625.58,622.08,613.62,False,,False,,never,failed_to_continuation,False,
2025-12-16,2025 Q4,down,0.37343990565728014,610.54,608.26,611.75,True,6,True,6,≤10m,held_reversal,True,0.4864546139483126
2025-12-17,2025 Q4,up,0.21413976297506299,611.75,613.06,600.41,True,6,True,6,≤10m,held_reversal,True,1.8749489170412796
2025-12-19,2025 Q4,up,0.3525746146277653,609.11,611.95,617.05,False,,False,,never,failed_to_continuation,False,
2025-12-22,2025 Q4,up,0.6968641114982743,617.05,621.35,619.21,False,,False,,never,failed_partial,False,
2025-12-23,2025 Q4,down,0.16311106086788207,619.21,618.2,622.11,True,0,True,0,≤10m,held_reversal,True,0.5167875195813911
2025-12-26,2025 Q4,up,0.11700030452135302,623.93,624.66,623.89,True,1,True,31,30–60m,held_reversal,True,0.12661676790665036
2025-12-29,2025 Q4,down,0.6074788824953048,623.89,620.1,620.87,False,,False,,never,failed_partial,False,
2026-01-14,2026 Q1,down,0.6387327542156318,626.24,622.24,619.55,False,,False,,never,failed_to_continuation,False,
2026-01-15,2026 Q1,up,0.7006942658781101,619.55,626.6,621.78,False,,False,,never,failed_partial,False,
2026-01-20,2026 Q1,down,1.7271351768985643,621.26,610.53,608.06,False,,False,,never,failed_to_continuation,False,
2026-01-22,2026 Q1,up,0.9849419095216527,616.28,622.35,620.76,False,,False,,never,failed_partial,False,
2026-01-23,2026 Q1,down,0.16592563953862216,620.76,619.73,622.72,True,1,True,28,10–30m,held_reversal,True,0.7474547329080501
2026-01-27,2026 Q1,up,0.551594026796276,625.46,628.91,631.13,False,,False,,never,failed_to_continuation,False,
2026-01-28,2026 Q1,up,0.6860710154801719,631.13,635.46,633.22,False,,False,,never,failed_partial,False,
2026-01-30,2026 Q1,down,0.5910109146370357,629.43,625.71,621.87,False,,False,,never,failed_to_continuation,False,
2026-02-02,2026 Q1,down,0.5097528422339015,621.87,618.7,626.14,True,6,True,6,≤10m,held_reversal,True,1.064531172109927
2026-02-03,2026 Q1,up,0.3449707733094831,626.14,628.3,616.52,True,4,True,7,≤10m,held_reversal,True,2.4243779346471954
2026-02-04,2026 Q1,down,0.2433011094530646,616.52,615.02,605.75,False,,False,,never,failed_to_continuation,False,
2026-02-05,2026 Q1,down,0.914568716467179,605.75,600.21,597.03,False,,False,,never,failed_to_continuation,False,
2026-02-10,2026 Q1,up,0.16033988800623344,614.32,615.305,611.47,True,6,True,7,≤10m,held_reversal,True,0.538807136345888
2026-02-11,2026 Q1,up,0.1747101031196019,611.47,616.38,613.11,True,41,True,41,30–60m,failed_partial,False,0.6181824128738896
2026-02-17,2026 Q1,down,0.3422547174524837,601.92,598.375,601.3,True,7,True,248,>120m,failed_partial,False,0.33725412014887135
2026-02-18,2026 Q1,up,0.13470813237985713,601.3,602.11,605.79,True,0,True,0,≤10m,failed_to_continuation,False,0.09645767503740683
2026-02-20,2026 Q1,down,0.44624342661866434,603.47,600.12,608.81,True,5,True,6,≤10m,held_reversal,True,1.140073243077534
2026-02-25,2026 Q1,up,0.5264283481665633,607.87,611.07,616.68,False,,False,,never,failed_to_continuation,False,
2026-02-27,2026 Q1,down,1.0275096841967035,609.24,602.98,607.29,False,,False,,never,failed_partial,False,
2026-03-02,2026 Q1,down,0.6832730770506501,607.29,598.86,608.09,True,131,True,131,>120m,held_reversal,True,0.433071514432972
2026-03-03,2026 Q1,down,0.42246935844770794,608.09,596.33,601.58,False,,False,,never,failed_partial,False,
2026-03-04,2026 Q1,up,0.428870640646295,601.58,604.16,610.75,False,,False,,never,failed_to_continuation,False,
2026-03-06,2026 Q1,down,1.1672703325650402,608.91,600.31,599.75,False,,False,,never,failed_to_continuation,False,
2026-03-09,2026 Q1,down,0.9212171738224195,599.75,594.225,607.76,True,153,True,153,>120m,held_reversal,True,1.5873280533555616
2026-03-11,2026 Q1,up,0.19250386653066887,607.77,608.95,607.69,True,57,True,57,30–60m,held_reversal,True,0.4508284383895239
2026-03-12,2026 Q1,down,0.8112689035528087,607.69,602.76,597.26,False,,False,,never,failed_to_continuation,False,
2026-03-17,2026 Q1,up,0.45970885106099146,600.38,603.14,603.31,False,,False,,never,failed_to_continuation,False,
2026-03-18,2026 Q1,down,0.27356832576184154,603.31,601.49,594.9,False,,False,,never,failed_to_continuation,False,
2026-03-19,2026 Q1,down,0.9060346276685172,594.9,589.51,593.02,True,336,True,336,>120m,failed_partial,False,0.1512859304084682
2026-03-24,2026 Q1,down,0.5425170068027341,588.0,584.81,583.98,False,,False,,never,failed_to_continuation,False,
2026-03-25,2026 Q1,up,0.7404114156734698,583.98,589.14,587.82,False,,False,,never,failed_partial,False,
2026-03-26,2026 Q1,down,0.8880269470246005,587.82,582.6,573.79,False,,False,,never,failed_to_continuation,False,
2026-03-27,2026 Q1,down,0.5193537705432294,573.79,570.81,562.58,False,,False,,never,failed_to_continuation,False,
2026-04-01,2026 Q2,up,0.7450015593055914,577.18,581.48,584.31,False,,False,,never,failed_to_continuation,False,
2026-04-02,2026 Q2,down,1.2915319529476443,584.31,573.97,584.98,True,66,True,67,60–120m,held_reversal,True,0.2977871335421282
2026-04-06,2026 Q2,up,0.2136825190604874,584.98,586.23,588.5,True,223,True,223,>120m,failed_to_continuation,False,0.0495743444220253
2026-04-07,2026 Q2,down,0.10064309230166657,588.5,585.64,588.59,True,389,True,389,>120m,held_reversal,True,0.08156329651657063
2026-04-08,2026 Q2,up,3.4183387417387356,588.59,608.71,606.09,False,,False,,never,failed_partial,False,
2026-04-10,2026 Q2,up,0.2704075779675241,610.19,611.84,611.07,True,147,True,190,>120m,failed_partial,False,0.09996886215769081
2026-04-13,2026 Q2,down,0.26019932249988775,611.07,609.48,617.39,True,20,True,20,10–30m,held_reversal,True,2.5643543292912363
2026-04-14,2026 Q2,up,0.4583812501012474,617.39,620.22,628.6,False,,False,,never,failed_to_continuation,False,
2026-04-16,2026 Q2,up,0.2839661123313464,637.4,639.21,640.47,True,7,True,9,≤10m,failed_to_continuation,False,0.33652337621587414
2026-04-17,2026 Q2,up,0.7994129311287068,640.47,645.59,648.85,False,,False,,never,failed_to_continuation,False,
2026-04-22,2026 Q2,up,0.26834872997023584,644.33,650.15,655.11,False,,False,,never,failed_to_continuation,False,
2026-04-24,2026 Q2,up,0.7589319868410938,651.42,658.51,663.88,False,,False,,never,failed_to_continuation,False,
2026-04-28,2026 Q2,down,0.9029243292131506,664.23,657.41,657.55,False,,False,,never,failed_partial,False,
2026-04-29,2026 Q2,up,0.16424606493803395,657.55,658.63,661.57,True,0,True,0,≤10m,failed_to_continuation,False,0.14601171013611305
2026-04-30,2026 Q2,up,0.5713681091947809,661.57,665.35,667.74,True,5,True,7,≤10m,failed_to_continuation,False,0.6061338936167154
2026-05-01,2026 Q2,up,0.21265762122981702,667.74,669.16,674.15,False,,False,,never,failed_to_continuation,False,
2026-05-05,2026 Q2,up,0.4891352681350769,672.88,677.96,681.61,False,,False,,never,failed_to_continuation,False,
2026-05-06,2026 Q2,up,0.9052097240357382,681.61,687.78,695.77,False,,False,,never,failed_to_continuation,False,
2026-05-07,2026 Q2,up,0.1164177817382317,695.77,696.58,694.94,True,15,True,15,10–30m,held_reversal,True,0.5749026258677437
2026-05-08,2026 Q2,up,0.47948548623273357,694.94,699.92,711.23,False,,False,,never,failed_to_continuation,False,
2026-05-12,2026 Q2,down,0.30125570133453516,713.29,708.22,707.24,False,,False,,never,failed_to_continuation,False,
2026-05-13,2026 Q2,up,0.24568636864250593,707.24,709.96,714.71,True,15,True,15,10–30m,failed_to_continuation,False,0.3407612691589797
2026-05-15,2026 Q2,down,0.6269066077076002,719.79,710.14,708.93,False,,False,,never,failed_to_continuation,False,
2026-05-18,2026 Q2,up,0.1971442250823685,708.93,711.54,705.88,True,12,True,12,10–30m,held_reversal,True,1.4218611146375422
2026-05-19,2026 Q2,down,0.8599195330651122,705.88,699.81,701.53,True,227,True,229,>120m,failed_partial,False,0.08641695472318434
2026-05-20,2026 Q2,up,0.5359713768477548,701.53,705.29,713.15,False,,False,,never,failed_to_continuation,False,
2026-05-22,2026 Q2,up,0.4982435515248351,714.51,718.07,717.54,False,,False,,never,failed_partial,False,
2026-05-26,2026 Q2,up,1.098778670603151,717.54,725.96,730.28,False,,False,,never,failed_to_continuation,False,
2026-05-27,2026 Q2,up,0.36698252724982616,730.28,732.96,729.45,True,7,True,7,≤10m,held_reversal,True,0.6627594895108614
2026-05-29,2026 Q2,up,0.30451332245786666,735.6,737.84,738.31,True,75,True,76,60–120m,failed_to_continuation,False,0.036840674279509496
2026-06-01,2026 Q2,down,0.10842459069717592,738.31,737.04,742.74,True,2,True,2,≤10m,held_reversal,True,0.9941623437309576
2026-06-03,2026 Q2,up,0.15412244022730004,746.16,747.31,744.21,True,5,True,5,≤10m,held_reversal,True,0.6902004931918058
2026-06-04,2026 Q2,down,1.1730559922602524,744.21,735.48,740.61,False,,False,,never,failed_partial,False,
2026-06-05,2026 Q2,down,0.7369337031598477,740.61,730.06,705.06,False,,False,,never,failed_to_continuation,False,
2026-06-09,2026 Q2,up,0.7202463047324636,716.07,722.98,707.83,True,46,True,46,30–60m,held_reversal,True,4.147639197285188
2026-06-10,2026 Q2,down,0.8716782278230806,707.83,701.66,693.69,True,18,True,18,10–30m,failed_to_continuation,False,0.4874051679075388
2026-06-15,2026 Q2,up,2.3234535725178196,721.34,738.1,744.0,False,,False,,never,failed_to_continuation,False,
2026-06-18,2026 Q2,up,0.27339871325779974,722.51,737.2,740.62,False,,False,,never,failed_to_continuation,False,
2026-06-22,2026 Q2,up,0.1890308120223505,740.62,742.02,737.95,True,3,True,57,30–60m,held_reversal,True,0.8411871134995028
2026-06-23,2026 Q2,down,3.009689003320015,737.95,715.74,713.65,False,,False,,never,failed_to_continuation,False,
2026-06-25,2026 Q2,up,1.4719655562855483,710.62,725.9,716.38,True,22,True,23,10–30m,failed_partial,False,0.7486420309025991
2026-06-26,2026 Q2,down,1.2912141600826432,716.38,707.13,706.52,False,,False,,never,failed_to_continuation,False,
2026-06-29,2026 Q2,up,0.9701186486218871,706.52,713.99,724.08,True,44,True,44,30–60m,failed_to_continuation,False,0.19079431580138656
2026-07-07,2026 Q3,down,0.8000777853402363,722.82,714.17,709.43,False,,False,,never,failed_to_continuation,False,
2026-07-08,2026 Q3,down,0.6314928886570814,709.43,704.95,711.44,True,15,True,16,10–30m,held_reversal,True,0.3988977066095409
2026-07-09,2026 Q3,up,0.9684583380186629,711.44,718.33,723.28,False,,False,,never,failed_to_continuation,False,
2026-07-13,2026 Q3,down,0.4134868877480269,725.51,717.72,711.74,False,,False,,never,failed_to_continuation,False,
2026-07-14,2026 Q3,up,0.3483252521874869,711.74,720.22,719.69,False,,False,,never,failed_partial,False,
2026-07-15,2026 Q3,up,0.5040126627974706,719.69,723.85,717.74,True,17,True,19,10–30m,held_reversal,True,1.3144548347205096
2026-07-16,2026 Q3,down,0.7983392314765858,717.74,712.01,705.94,False,,False,,never,failed_to_continuation,False,
2026-07-17,2026 Q3,down,2.0242513528061945,705.94,691.65,695.33,False,,False,,never,failed_partial,False,
2026-07-20,2026 Q3,up,0.9822674125954389,695.33,702.16,696.06,False,,False,,never,failed_partial,False,
2026-07-21,2026 Q3,up,0.628061980175465,696.06,706.57,708.97,False,,False,,never,failed_to_continuation,False,
2026-07-22,2026 Q3,down,0.4175099423977868,708.97,703.62,705.35,True,101,True,110,60–120m,failed_partial,False,0.09591379042836086
2026-07-23,2026 Q3,down,1.271993405531402,705.35,694.67,691.96,False,,False,,never,failed_to_continuation,False,
2026-07-24,2026 Q3,down,0.22400138736343722,691.96,690.41,684.23,True,4,True,4,≤10m,failed_to_continuation,False,0.09682640615063863
2026-07-27,2026 Q3,up,0.1839486681826763,684.23,691.68,682.12,True,36,True,40,30–60m,held_reversal,True,1.2108501527264177
