ticker,date,gap_pct,bars,session_open,session_close,first_hour_high,first_hour_low,first_hour_close,first_hour_return,first_hour_close_location,first_hour_max_close_drawdown,first_hour_directional_efficiency,pre_afternoon_high,pre_afternoon_high_minute,post_first_new_high,post_first_new_high_minute,afternoon_new_high,afternoon_new_high_minute,close_above_first_hour_high,close_above_pre_afternoon_high,close_within_2pct_of_hod,pullback_before_afternoon_hod,constructive_pullback_before_afternoon_hod,pre_hod_pullback_depth,reclaim_signal,reclaim_signal_minute,reclaim_signal_price,reclaim_new_hod_after,reclaim_to_close_return,reclaim_mfe,reclaim_mae,runner_loose,runner_primary,runner_strict
PLTR,2024-08-06,0.1228725612287256,390,27.05,26.59,27.42,25.57,26.425,-0.02310536044362288,0.46216216216216205,0.06390145985401452,0.0,27.42,0,False,,False,,False,False,False,False,False,,True,210.0,27.285,False,-0.025471870991387258,0.00018325087044157584,-0.02840388491845336,False,False,False
GRAL,2024-08-14,0.12815656565656575,358,17.87,15.39,17.9,15.14,15.37,-0.13989927252378298,0.0833333333333329,0.15221040850587575,0.0,17.9,0,False,,False,,False,False,False,False,False,,False,,,False,,,,False,False,False
IREN,2024-08-29,0.11590296495956863,390,8.28,8.53,9.17,8.245,8.71,0.051932367149758685,0.5027027027027041,0.07524698133918761,0.09396853146853182,9.2,125,True,125.0,False,,False,False,False,False,False,,False,,,False,,,,False,False,False
MRVL,2024-08-30,0.12113402061855671,390,78.3,76.32,79.0,72.71,73.34,-0.06334610472541502,0.10015898251192512,0.07090932279046047,0.0,79.0,0,False,,False,,False,False,False,False,False,,True,210.0,76.41,False,-0.0011778563015312216,0.00222483968067011,-0.01125507132574266,False,False,False
FUTU,2024-09-24,0.11279536335265261,384,74.88,74.86,76.28,73.633,74.3791,-0.006689369658119726,0.2818662636947476,0.031274638633377094,0.0,76.28,8,False,,False,,False,False,True,False,False,,True,352.0,75.1175,False,-0.0034279628581889154,-0.0004992178919693835,-0.010949512430525554,False,False,False
MU,2024-09-26,0.18095436984441893,390,113.1,109.88,114.8,110.58,111.9,-0.010610079575596676,0.31279620853080753,0.03155064649238659,0.0,114.8,0,False,,False,,False,False,False,False,False,,False,,,False,,,,False,False,False
FUTU,2024-10-02,0.10349637344243989,390,118.67,112.88,127.33,111.35,113.07,-0.04718968568298654,0.10763454317897361,0.11509881422924906,0.0,127.33,10,False,,False,,False,False,False,False,False,,False,,,False,,,,False,False,False
ALAB,2024-10-09,0.154833836858006,390,61.16,61.1863,63.15,59.45,61.99,0.01357096141268821,0.686486486486487,0.032232391563867924,0.05085721988701163,63.15,16,False,,False,,False,False,False,False,False,,True,210.0,61.9,False,-0.011529886914377951,0.003069466882067884,-0.02584814216478193,False,False,False
TSLA,2024-10-24,0.14523753802948747,390,244.68,260.54,251.1,242.65,248.94,0.01741049534085337,0.7443786982248521,0.014062032512217049,0.1741035302964667,256.5,204,True,96.0,True,214.0,True,True,True,False,False,0.002884990253411379,False,,,False,,,,False,False,False
ALAB,2024-11-05,0.2397702799712849,390,86.35,95.62,93.2896,84.11,89.6468,0.03817950202663578,0.6031635365375402,0.04704683225148876,0.11183782023447668,96.42,197,True,166.0,True,242.0,True,False,True,True,True,0.0376477909147479,True,220.0,94.61,True,0.010675404291301094,0.028954655956030084,-0.015114681323327273,False,False,False
PLTR,2024-11-05,0.15575947838686321,390,47.86,51.15,50.67,46.86,49.8448,0.04147095695779357,0.7834120734908131,0.015411358024691402,0.22987653749044573,51.185,145,True,83.0,True,308.0,True,False,True,True,True,0.01729022174465189,True,256.0,50.76,True,0.0076832151300236795,0.016055949566587957,-0.0049251379038612875,True,True,False
CIFR,2024-11-06,0.1466165413533833,390,6.1,6.98,6.44,5.9701,6.265,0.02704918032786896,0.627580336241752,0.03324393438533024,0.09556353527163221,6.7,115,True,83.0,True,273.0,True,True,True,True,True,0.04134328358208961,True,213.0,6.59,True,0.05918057663125964,0.06221547799696503,-0.006069802731411222,False,False,False
COIN,2024-11-06,0.14187976902454125,390,221.479,254.3,233.0,221.11,229.65,0.03689288826480164,0.71825063078217,0.04472756203500616,0.16121649297403096,246.4499,195,True,72.0,True,211.0,True,True,True,True,True,0.010979513483267866,True,210.0,246.28,True,0.032564560662660336,0.04628837095988292,-0.0008620269611824272,True,False,False
HUT,2024-11-06,0.14994026284348871,390,19.25,18.58,19.77,18.61,19.47,0.011428571428571344,0.741379310344827,0.04810384321710359,0.03962964297294335,19.82,88,True,87.0,False,,False,False,False,False,False,,False,,,False,,,,False,False,False
IREN,2024-11-06,0.1174496644295302,390,9.99,11.0311,10.248,9.51,10.05,0.006006006006006093,0.7317073170731724,0.066536203522505,0.019056088420250385,10.9,166,True,72.0,True,229.0,True,True,True,True,True,0.026605504587156048,True,212.0,10.7699,True,0.024252778577331213,0.03436429307607325,-0.001383485454832356,False,False,False
MSTR,2024-11-06,0.14135206321334493,390,260.0,257.91,261.2,245.24,245.45,-0.05596153846153851,0.01315789473684084,0.05596153846153851,0.0,261.2,0,False,,False,,False,False,True,False,False,,True,210.0,253.69,False,0.016634475146832806,0.027829240411525902,-0.0020099333832629407,False,False,False
RIOT,2024-11-06,0.11019567456230671,390,10.78,12.25,11.12,10.61,10.85,0.006493506493506551,0.47058823529411825,0.038383747178329486,0.02748331370239504,11.6455,167,True,79.0,True,229.0,True,True,True,True,True,0.01936370271778798,True,212.0,11.58,True,0.05785837651122616,0.061312607944732145,-0.0008635578583764403,False,False,False
TSLA,2024-11-06,0.13215876551065864,390,284.67,288.47,289.59,275.62,281.218,-0.01212632170583483,0.4007158196134592,0.04171072664359854,0.0,289.59,8,False,,False,,False,False,True,False,False,,True,210.0,287.488,False,0.0034157947462156724,0.006755064559216484,-0.009498831255565388,False,False,False
COIN,2024-11-11,0.10920070916746694,390,300.305,324.41,319.49,296.0,317.02,0.055660078919764766,0.894848871860365,0.037429829038019724,0.16300574201501014,331.7,195,True,94.0,True,249.0,True,False,False,True,True,0.025233644859813054,True,214.0,327.6201,True,-0.00979823887484299,0.022098460991862412,-0.014102004120015721,True,False,False
IREN,2024-11-11,0.10555050045495908,390,12.15,12.77,12.94,11.85,12.7,0.04526748971193406,0.7798165137614677,0.023841853035143634,0.14328887036265103,12.94,49,True,277.0,True,277.0,False,False,False,True,False,0.07573415765069547,True,254.0,12.45,True,0.025702811244979973,0.049799196787148725,-0.003052208835341297,True,True,False
RKLB,2024-11-13,0.3124147339699863,390,19.24,18.82,21.44,18.65,20.935,0.08809771309771319,0.8189964157706086,0.07760977698718585,0.17043055080740838,22.55,91,True,77.0,False,,False,False,False,False,False,,False,,,False,,,,False,False,False
SMCI,2024-11-19,0.2585886722376973,390,27.11,28.29,28.55,25.61,27.55,0.016230173367761003,0.6598639455782315,0.06436862469222648,0.033777559417797844,29.5,150,True,94.0,False,,False,False,False,False,False,,True,271.0,28.51,False,-0.00771659066994046,0.01192213258505781,-0.027358821466152317,False,False,False
MSTR,2024-11-21,0.1304265242808602,390,535.63,397.07,543.0,451.3901,454.8399,-0.15083191755502867,0.03765750208219835,0.15083191755502867,0.0,543.0,1,False,,False,,False,False,False,False,False,,False,,,False,,,,False,False,False
IREN,2024-11-27,0.11924686192468602,390,10.7,12.4,12.21,10.61,12.2,0.14018691588785037,0.993749999999999,0.044663247977647536,0.2523298455741343,12.59,204,True,109.0,True,345.0,True,False,False,True,True,0.039714058776807004,True,262.0,12.3498,True,0.004064843155354714,0.02835673452201659,-0.0024129945424217203,True,False,False
NBIS,2024-12-02,0.18781264211005008,390,26.12,25.74,27.9,25.12,25.46,-0.025267993874425687,0.12230215827338135,0.07661510464058241,0.0,27.9,4,False,,False,,False,False,False,False,False,,False,,,False,,,,False,False,False
SMCI,2024-12-02,0.15747549019607843,390,37.78,41.98,38.75,35.32,38.75,0.02567496029645322,1.0,0.05704076230809951,0.0760796247784281,44.15,177,True,60.0,False,,True,False,False,False,False,,True,232.0,42.9503,False,-0.02259122753508125,0.004416732828408598,-0.05704965972298215,False,False,False
CRDO,2024-12-03,0.34822175732217575,390,64.445,70.77,70.45,64.0,68.65,0.06524943750484935,0.7209302325581401,0.026274676892486748,0.18488717705200627,72.3,160,True,132.0,False,,True,False,False,False,False,,True,216.0,71.07,False,-0.004221190375685913,-0.00014070634585605646,-0.030533277050794783,True,False,False
MRVL,2024-12-04,0.17120216869982285,390,112.33,118.14,117.7399,109.57,117.68,0.04762752603934839,0.992668208913206,0.021632689397311444,0.2078299446045795,118.76,178,True,161.0,True,215.0,True,False,True,True,True,0.014735601212529481,True,210.0,118.41,True,-0.0022802128198631255,0.012414492019255041,-0.006418376826281436,True,True,False
FUTU,2024-12-09,0.11522757295544617,390,92.865,98.14,104.99,92.76,102.885,0.10789856242933293,0.8278822567457079,0.03384175405147771,0.312642358359283,104.99,39,False,,False,,False,False,False,False,False,,False,,,False,,,,True,False,False
HUT,2024-12-12,0.13413263394529773,390,30.27,27.34,31.0,28.5016,29.7,-0.01883052527254714,0.4796669868715976,0.06783982435114178,0.0,31.0,3,True,235.0,True,235.0,False,False,False,True,False,0.10000000000000009,True,210.0,29.63,True,-0.07728653391832596,0.05501181235234576,-0.08471144110698614,False,False,False
APLD,2025-01-14,0.22730199613650992,390,9.53,8.5399,9.715,8.82,8.868,-0.06946484784889817,0.05363128491620119,0.07866849520009966,0.0,9.715,2,False,,False,,False,False,False,False,False,,True,288.0,8.99,False,-0.05006674082313689,0.008898776418242438,-0.05561735261401557,False,False,False
PLTR,2025-02-04,0.22760926677812285,390,102.8,103.83,106.91,100.51,104.1767,0.013392023346303406,0.5729218749999995,0.024013513222328364,0.05815952786309043,106.91,21,False,,False,,False,False,False,False,False,,False,,,False,,,,False,False,False
SMCI,2025-02-26,0.2081686429512517,390,55.02,51.08,56.19,52.0,55.28,0.004725554343874894,0.7828162291169458,0.050910577971646775,0.013424066252929951,56.19,49,False,,False,,False,False,False,False,False,,False,,,False,,,,False,False,False
HUT,2025-03-03,0.11932203389830519,390,16.51,14.0908,17.45,15.535,15.88,-0.038158691701998815,0.18015665796344688,0.10158273381294969,0.0,17.45,3,False,,False,,False,False,False,False,False,,False,,,False,,,,False,False,False
MSTR,2025-03-03,0.14767255216693398,390,293.15,251.38,295.1,264.25,271.485,-0.07390414463585182,0.2345218800648301,0.09360054579566768,0.0,295.1,3,False,,False,,False,False,False,False,False,,False,,,False,,,,False,False,False
INTC,2025-03-13,0.13636363636363646,390,23.5,23.71,24.53,23.13,24.03,0.022553191489361746,0.6428571428571433,0.02564512820512821,0.10130356665010153,24.53,10,False,,False,,False,False,False,False,False,,False,,,False,,,,False,False,False
USAR,2025-04-04,0.3076923076923077,359,8.5,7.56,10.5,8.33,8.9399,0.05175294117647056,0.28105990783410123,0.20590085795996194,0.042610691903096715,10.5,15,False,,False,,False,False,False,False,False,,False,,,False,,,,False,False,False
USAR,2025-04-14,0.16967509025270755,386,9.72,11.73,12.3073,9.0,11.55,0.18827160493827155,0.771021679315454,0.05555555555555569,0.217184903868977,13.0,156,True,109.0,True,223.0,False,False,False,True,True,0.07769230769230773,True,210.0,12.73,True,-0.07855459544383347,0.05263157894736836,-0.0966221523959152,False,False,False
USAR,2025-04-15,0.21787234042553205,390,14.31,13.6,14.95,12.5,13.93,-0.02655485674353608,0.5836734693877551,0.1415593220338982,0.0,15.0,136,True,136.0,False,,False,False,False,False,False,,False,,,False,,,,False,False,False
CRDO,2025-04-23,0.10048622366288494,389,40.74,40.47,42.47,40.28,41.4003,0.016207658321060414,0.5115525114155258,0.02922067135880635,0.06807848150859357,42.47,30,False,,False,,False,False,False,False,False,,False,,,False,,,,False,False,False
NBIS,2025-05-01,0.1009678838539374,390,25.025,23.92,25.71,24.11,24.48,-0.02177822177822175,0.23125000000000043,0.04305652256471926,0.0,25.71,0,False,,False,,False,False,False,False,False,,False,,,False,,,,False,False,False
NBIS,2025-05-07,0.1002396166134185,390,27.55,27.47,27.87,26.38,27.4992,-0.0018439201451906362,0.751140939597314,0.04008667388949094,0.0,27.87,2,False,,False,,False,False,True,False,False,,True,210.0,27.085,False,0.01421450987631534,0.018275798412405342,-0.01495292597378628,False,False,False
ALAB,2025-05-12,0.12408707865168524,390,80.035,80.32,80.97,77.13,77.385,-0.03311051415005928,0.06640625000000246,0.03856680766359788,0.0,81.0,205,True,214.0,True,216.0,False,False,True,False,False,0.00802469135802475,False,,,False,,,,False,False,False
NBIS,2025-05-12,0.14326140785284758,390,32.32,33.34,33.4299,31.13,32.63,0.009591584158415989,0.6522022696638987,0.049250730994152114,0.03451577705034867,33.73,87,True,86.0,False,,False,False,True,False,False,,True,217.0,33.16,False,0.005428226779252254,0.011459589867309994,-0.008745476477683978,False,False,False
COIN,2025-05-13,0.1181835730141878,390,231.71,256.9073,242.7399,231.49,240.72,0.038884812912692635,0.8204517373487757,0.012059676750932558,0.19538789158899508,255.67,194,True,97.0,True,292.0,True,True,True,True,True,0.016114522626823558,True,239.0,253.84,True,0.012083595965962868,0.025921840529467444,-0.0068543176804286565,True,True,False
SMCI,2025-05-14,0.18089483157624067,390,45.925,44.9901,46.57,43.08,44.5749,-0.02939793140990743,0.4283381088825216,0.0667959491488902,0.0,46.57,3,False,,False,,False,False,False,False,False,,True,210.0,45.495,False,-0.01109792284866462,0.00846246840312137,-0.024618089899988926,False,False,False
APLD,2025-06-02,0.21083455344070282,390,8.27,10.1,9.97,8.03,9.73,0.17654171704957689,0.8762886597938144,0.13228155339805825,0.24388614192168917,10.54,143,True,90.0,False,,True,False,False,False,False,,True,221.0,10.23,False,-0.01270772238514184,0.030303030303030276,-0.013685239491691203,False,False,False
CRDO,2025-06-03,0.1963288108539505,390,74.95,71.81,80.99,73.92,77.81,0.0381587725150101,0.5502121640735508,0.05259222333001001,0.09768760460429696,80.99,1,False,,False,,False,False,False,False,False,,False,,,False,,,,False,False,False
USAR,2025-07-10,0.18896833503575095,387,11.64,10.98,11.6999,10.81,11.0469,-0.05095360824742268,0.2662096864816278,0.06786941580756023,0.0,11.6999,0,False,,False,,False,False,False,False,False,,True,210.0,11.5,False,-0.045217391304347765,0.018260869565217552,-0.047826086956521796,False,False,False
NBIS,2025-07-14,0.10451467268623027,390,48.93,51.94,51.4,48.8,49.9227,0.020288166768853477,0.4318076923076928,0.037670896036195556,0.07425553718760987,51.4,1,True,214.0,True,214.0,True,True,True,True,False,0.05058365758754868,True,210.0,50.9296,True,0.01983915051365015,0.025140586220979477,-0.0004025164148157012,False,False,False
EOSE,2025-07-18,0.12264150943396235,390,5.95,5.87,6.5,5.88,6.03,0.013445378151260456,0.24193548387096828,0.07784805184664634,0.030776332999923096,6.5,2,False,,False,,False,False,False,False,False,,False,,,False,,,,False,False,False
NVTS,2025-07-21,0.10162002945508108,390,7.48,8.46,9.25,7.3913,9.2108,0.23139037433155085,0.978909990853823,0.0357508601148353,0.442705136075302,9.48,70,True,62.0,False,,False,False,False,False,False,,False,,,False,,,,True,False,False
AMKR,2025-07-29,0.15496938294865759,390,24.52,25.089,26.31,24.375,26.03,0.06158238172920072,0.8552971576227402,0.023371647509578652,0.23501945525291928,26.31,35,False,,False,,False,False,False,False,False,,False,,,False,,,,True,True,False
APLD,2025-07-31,0.25324027916251257,390,12.57,13.16,14.06,12.2,13.665,0.08711217183770881,0.78763440860215,0.02477178055481699,0.18673897472628648,14.06,46,False,,False,,False,False,False,False,False,,False,,,False,,,,True,True,False
ALAB,2025-08-06,0.21727903202006793,390,164.99,174.46,183.62,160.47,176.825,0.07173162009818768,0.7064794816414681,0.03980909917579978,0.16626160740626272,183.62,49,False,,False,,False,False,False,False,False,,False,,,False,,,,True,False,False
NBIS,2025-08-07,0.16845162461426752,390,64.37,65.27,70.54,63.38,68.69,0.0671120086997048,0.7416201117318425,0.05576872733794336,0.15763776884172695,70.54,1,False,,False,,False,False,False,False,False,,False,,,False,,,,False,False,False
IREN,2025-08-29,0.19357638888888887,390,27.5,26.5,29.5,26.42,26.605,-0.032545454545454544,0.06006493506493468,0.09448818897637801,0.0,29.5,4,False,,False,,False,False,False,False,False,,False,,,False,,,,False,False,False
CRDO,2025-09-04,0.10599503085677654,390,137.995,133.99,141.09,134.0,137.38,-0.004456683213159951,0.47672778561353935,0.045590115040477164,0.0,141.09,15,False,,False,,False,False,False,False,False,,False,,,False,,,,False,False,False
NBIS,2025-09-09,0.5173275054636279,390,97.2,95.64,97.87,86.12,87.42,-0.10061728395061731,0.11063829787234018,0.11075102880658438,0.0,97.87,0,True,225.0,True,225.0,False,False,False,True,False,0.12005721875957898,True,210.0,95.25,True,0.004094488188976397,0.03600944881889778,-0.008818897637795309,False,False,False
OPEN,2025-09-11,0.2986245812026096,390,7.3645,10.1371,8.9516,7.1806,8.5645,0.1629438522642408,0.7814229249011865,0.061588819501077974,0.2682643297862827,9.6194,138,True,66.0,True,294.0,True,True,False,True,True,0.07847682807659528,True,217.0,9.2952,True,0.09057362940012048,0.1139943196488511,-0.022387899130734135,False,False,False
SNDK,2025-09-11,0.11336580086580073,390,82.3,84.31,85.89,81.38,84.31,0.024422843256379112,0.6496674057649675,0.026954492415402598,0.10020539613536213,85.89,11,False,,False,,False,False,True,False,False,,False,,,False,,,,False,False,False
INTC,2025-09-18,0.27630522088353415,390,31.78,30.57,31.79,30.44,31.615,-0.005191944619257427,0.8703703703703697,0.036453744493392115,0.0,32.3771,145,True,109.0,False,,False,False,False,False,False,,False,,,False,,,,False,False,False
USAR,2025-10-03,0.14883311316600611,390,26.09,25.96,28.02,25.01,27.94,0.0709083940206976,0.9734219269102996,0.040231968104385674,0.1857019533837908,28.25,65,True,60.0,False,,False,False,False,False,False,,False,,,False,,,,True,False,False
ALAB,2025-10-06,0.13858722725914108,390,228.56,220.711,230.46,217.0,224.515,-0.01769775988799449,0.5583209509658233,0.050577528876443845,0.0,230.46,0,True,229.0,True,229.0,False,False,False,True,False,0.058404929271891004,True,210.0,229.2525,True,-0.03725804516853681,0.011984602130838296,-0.038134807690210604,False,False,False
AMD,2025-10-06,0.37514422784963863,390,226.445,203.64,226.709,205.7,210.8,-0.06908962441210886,0.24275310581179585,0.08538497206827256,0.0,226.709,0,False,,False,,False,False,False,False,False,,False,,,False,,,,False,False,False
EOSE,2025-10-06,0.14563492063492078,390,14.435,13.87,15.19,13.94,14.825,0.02701766539660544,0.7079999999999999,0.0356906807666888,0.08475681314382554,15.19,9,False,,False,,False,False,False,False,False,,False,,,False,,,,True,False,False
APLD,2025-10-10,0.2639125981563675,390,37.02,33.965,39.0697,35.18,36.9923,-0.000748244192328551,0.46592282181145117,0.05735694123684887,0.0,39.0697,13,False,,False,,False,False,False,False,False,,False,,,False,,,,False,False,False
USAR,2025-10-10,0.1018667524943675,390,34.235,32.6,34.73,31.31,31.91,-0.06791295457864754,0.1754385964912286,0.09009551374819091,0.0,37.85,155,True,98.0,False,,False,False,False,False,False,,False,,,False,,,,False,False,False
SNDK,2025-10-13,0.10974253699426928,389,129.74,134.43,131.245,124.0475,130.2234,0.003725913365191902,0.8580618270232712,0.04193001387390172,0.01800748014483428,135.3865,209,True,61.0,True,215.0,True,False,True,False,False,0.007280637286583236,False,,,False,,,,False,False,False
USAR,2025-10-13,0.1827660226924257,390,38.57,38.71,43.98,37.5,41.0712,0.06484832771584115,0.551111111111111,0.06465042131632881,0.12558116182155932,43.98,36,False,,False,,False,False,False,False,False,,False,,,False,,,,False,False,False
NVTS,2025-10-14,0.2487462387161483,390,12.45,12.57,12.5,10.92,12.075,-0.030120481927710885,0.7310126582278477,0.11726907630522077,0.0,13.05,202,True,176.0,True,324.0,True,False,False,True,True,0.03371647509578557,True,218.0,12.8686,True,-0.023203767309575296,0.03585471613073676,-0.03408296162752755,False,False,False
GRAL,2025-10-20,0.147948717948718,383,89.54,91.815,102.9999,89.01,94.25,0.05260218896582525,0.37455592963495077,0.11054547370290113,0.1150295511161041,102.9999,15,False,,False,,False,False,False,False,False,,False,,,False,,,,False,False,False
EOSE,2025-10-21,0.13424383744170543,390,17.025,16.3,17.33,15.64,17.02,-0.0002936857562407802,0.8165680473372786,0.07430249632892794,0.0,17.33,47,False,,False,,False,False,False,False,False,,True,210.0,17.135,False,-0.04873066822293559,0.008462211847096501,-0.06886489641085503,False,False,False
CIFR,2025-11-03,0.2300268096514746,390,22.94,22.75,25.11,22.0,23.0941,0.006717523975588557,0.3518006430868171,0.08876449420231913,0.013030941085939897,25.11,27,False,,False,,False,False,False,False,False,,True,323.0,23.08,False,-0.014298093587521543,0.011698440207972505,-0.02123050259965331,False,False,False
IREN,2025-11-03,0.20279835390946488,390,73.07,67.76,75.73,68.68,69.41,-0.050088955795812184,0.10354609929077874,0.06726335774342274,0.0,75.73,0,False,,False,,False,False,False,False,False,,False,,,False,,,,False,False,False
APLD,2025-11-20,0.1232135123430056,390,25.935,21.36,26.6,24.4,24.835,-0.04241372662425291,0.1977272727272735,0.06985562310030391,0.0,26.6,2,False,,False,,False,False,False,False,False,,False,,,False,,,,False,False,False
CIFR,2025-11-20,0.1491108071135432,390,16.8,14.55,17.47,15.97,17.4495,0.03866071428571427,0.9863333333333344,0.045535714285714346,0.1319129922619164,17.555,61,True,60.0,False,,False,False,False,False,False,,False,,,False,,,,True,False,False
CRDO,2025-12-02,0.14319523169520254,390,195.635,188.16,213.8,186.83,201.8029,0.03152758964397995,0.5551687059695952,0.06332794072823611,0.06739865178656314,213.8,13,False,,False,,False,False,False,False,False,,False,,,False,,,,False,False,False
HUT,2025-12-17,0.13785617367706915,390,41.93,40.17,44.6999,40.84,42.1191,0.004509897448127909,0.3313816420114513,0.054353390211046126,0.011951788344004373,44.6999,39,False,,False,,False,False,False,False,False,,False,,,False,,,,False,False,False
MU,2025-12-18,0.13750443419652347,390,256.53,248.535,263.65,246.2,250.05,-0.025260203484972377,0.22063037249283812,0.05810733832107229,0.0,263.65,6,False,,False,,False,False,False,False,False,,True,219.0,255.06,False,-0.025582215949188414,0.012232415902140747,-0.03944169999215874,False,False,False
BIDU,2026-01-02,0.1062299096892698,390,144.54,150.27,147.71,143.5,146.32,0.012314930123149326,0.6698337292161491,0.013118131868131822,0.09909368249938776,148.75,206,True,76.0,True,231.0,True,True,True,False,False,0.0034285714285713365,False,,,False,,,,False,False,False
OPEN,2026-01-09,0.10342146189735611,390,7.095,7.275,7.72,7.08,7.655,0.0789288231148697,0.8984375000000008,0.03089321692411018,0.20319303338171293,7.92,167,True,69.0,False,,False,False,False,False,False,,False,,,False,,,,True,False,False
USAR,2026-01-26,0.23375050464271285,390,30.56,26.712,32.07,27.12,27.2199,-0.10929646596858633,0.0201818181818178,0.1399715639810426,0.0,32.07,0,False,,False,,False,False,False,False,False,,True,214.0,29.3476,False,-0.08980632147092094,0.00825961918521445,-0.1208821164251932,False,False,False
SNDK,2026-01-30,0.20754681995178959,390,651.23,576.005,676.69,602.5,609.22,-0.06450869892357536,0.09057824504650253,0.08668989862418541,0.0,676.69,1,False,,False,,False,False,False,False,False,,False,,,False,,,,False,False,False
PLTR,2026-02-03,0.1170140768814294,390,165.05,157.889,165.078,154.25,155.945,-0.05516510148439879,0.15653860362024313,0.06392002423508036,0.0,165.078,0,False,,False,,False,False,False,False,False,,False,,,False,,,,False,False,False
SMCI,2026-02-04,0.11054937647455354,390,32.95,33.75,34.94,31.7,33.69,0.02245827010622148,0.6141975308641974,0.054031926781553996,0.06781524926686167,34.94,13,False,,False,,False,False,False,False,False,,True,322.0,33.395,False,0.01063033388231771,0.027399311274142857,-0.00044916903728109414,False,False,False
HUT,2026-02-06,0.10139388489208656,390,48.99,53.0,49.86,46.78,49.29,0.006123698714023185,0.8149350649350647,0.03694631557460715,0.01948785906380307,51.59,207,True,65.0,True,314.0,True,True,True,True,True,0.02074045357627452,True,248.0,51.155,True,0.03606685563483536,0.03782621444629064,-0.003616459779102743,False,False,False
CRDO,2026-02-10,0.14314075034438045,390,141.075,134.671,142.0,131.2601,136.285,-0.03395357079567596,0.46787214033650215,0.06546163388268644,0.0,142.0,0,False,,False,,False,False,False,False,False,,True,210.0,138.7849,False,-0.029642273763212046,0.00248658175349048,-0.039921490018006156,False,False,False
MRVL,2026-03-06,0.11938424947145876,390,84.715,89.5,89.7,83.4,89.51,0.05660154636132919,0.9698412698412702,0.01227809048034545,0.30028807615230413,92.49,206,True,105.0,True,215.0,False,False,False,False,False,0.004216672072656524,True,285.0,91.63,False,-0.023245661901124093,0.002073556695405321,-0.032958638000654794,True,True,True
NBIS,2026-03-16,0.1044710048694113,390,124.75,129.82,132.1,124.423,129.095,0.03482965931863724,0.6085710564022406,0.02925227220652271,0.15172678702377992,132.3,197,True,197.0,False,,False,False,True,False,False,,True,339.0,131.07,False,-0.00953688868543523,0.007934691386282333,-0.02104753185320829,False,False,False
APLD,2026-04-08,0.12966640190627476,390,28.445,27.84,29.39,27.375,28.06,-0.013534891896642698,0.339950372208436,0.051419667590027696,0.0,29.39,0,False,,False,,False,False,False,False,False,,True,240.0,28.395,False,-0.01954569466455358,0.007571755590773055,-0.03680225391794323,False,False,False
NVTS,2026-04-08,0.11318553092182014,390,9.54,9.537,9.72,9.1401,9.335,-0.02148846960167694,0.3360924297292644,0.04760913462539296,0.0,9.98,183,True,149.0,True,286.0,False,False,False,True,True,0.019539078156312617,True,210.0,9.93,True,-0.0395770392749244,0.008559919436052388,-0.05236656596173206,False,False,False
SNDK,2026-04-08,0.10298255486775476,390,784.0,780.49,807.9876,779.5,785.32,0.001683673469387914,0.2042994144820919,0.027296522497818776,0.011668962151898473,807.9876,6,False,,False,,False,False,False,False,False,,True,210.0,789.41,False,-0.011299578165972046,0.003800306558062294,-0.01773223039991889,False,False,False
CRDO,2026-04-14,0.14788627567728474,390,154.23,159.52,156.4799,149.0,155.8975,0.010811774622317527,0.9221379964972821,0.03118718796602482,0.04121629471072005,162.78,137,True,65.0,True,224.0,True,False,False,True,True,0.03280501290084781,True,222.0,160.58,True,-0.006601071117200208,0.019305019305019266,-0.015381741188192799,False,False,False
AMD,2026-04-24,0.10292142927324545,390,336.755,347.76,349.55,334.54,346.34,0.02846282905970199,0.7861425716189182,0.026368030381494822,0.13466315245245658,352.99,156,True,105.0,False,,False,False,True,False,False,,False,,,False,,,,True,False,False
INTC,2026-04-24,0.23090745732255158,390,82.2,82.56,85.22,80.64,82.265,0.0007907542579075333,0.3548034934497818,0.04677162568547688,0.0027981299882047,85.22,1,False,,False,,False,False,False,False,False,,False,,,False,,,,False,False,False
QCOM,2026-04-30,0.10288461538461548,390,172.05,179.63,179.89,163.56,176.945,0.028451031676838046,0.819657072872015,0.047311827956989294,0.1133815735833669,186.8899,110,True,88.0,False,,False,False,False,False,False,,False,,,False,,,,True,False,False
AMD,2026-05-06,0.15264876428531227,390,409.49,421.49,430.6,402.04,405.93,-0.00869374099489606,0.1362044817927166,0.06075300151532814,0.0,430.6,15,False,,False,,False,False,False,False,False,,True,268.0,416.355,False,0.01233322525248881,0.015959938033649035,-0.0007085299804253653,False,False,False
ARM,2026-05-06,0.11089829534571916,390,232.0,237.12,234.79,220.1,223.63,-0.036077586206896606,0.24029952348536432,0.05415968732551657,0.0,236.19,119,True,108.0,True,233.0,True,True,True,True,True,0.015538337778906786,True,212.0,234.6735,True,0.010425122563902711,0.02056687269759916,-0.00274168152773957,False,False,False
HUT,2026-05-06,0.2615824121227175,390,101.57,108.94,109.8799,96.39,107.1,0.05444521019986226,0.7939273085790102,0.07827439498604705,0.09639688322554778,111.33,195,True,194.0,False,,False,False,False,False,False,,True,286.0,109.075,False,-0.0012376804950722242,0.007196882878753197,-0.02278248911299563,False,False,False
RIOT,2026-05-06,0.10073710073710052,390,22.4,23.695,23.64,22.33,22.7,0.013392857142857206,0.2824427480916033,0.04646206308610401,0.05008347245409028,23.64,11,True,335.0,True,335.0,True,True,True,True,False,0.05541455160744513,True,212.0,22.995,True,0.030441400304414,0.03239834746684056,-0.005870841487279899,False,False,False
SMCI,2026-05-06,0.12971613366870294,390,31.44,34.65,33.6051,31.12,32.14,0.022264631043257044,0.4104462597078588,0.05745062836624781,0.05609244034168287,33.6051,2,True,305.0,True,305.0,True,True,True,True,False,0.07395008495734279,True,238.0,32.45,True,0.06779661016949134,0.06964560862865943,-0.0003081664098615322,False,False,False
IREN,2026-05-08,0.1230430958663149,390,63.845,61.2101,65.61,58.92,60.43,-0.05348891847443027,0.2257100149476829,0.08506703652334724,0.0,65.61,1,False,,False,,False,False,False,False,False,,True,296.0,61.83,False,-0.010025877405790085,0.005822416302765587,-0.0283034125828886,False,False,False
EOSE,2026-05-13,0.2308641975308643,390,9.97,8.28,9.99,8.67,8.8514,-0.11219658976930802,0.1374242424242424,0.1291875626880642,0.0,9.99,0,False,,False,,False,False,False,False,False,,False,,,False,,,,False,False,False
NBIS,2026-05-13,0.13809949193233195,390,203.845,207.12,210.0,195.0,204.84,0.004881159704677618,0.6560000000000002,0.05363204344874406,0.011803980373361745,212.87,206,True,78.0,True,211.0,False,False,False,False,False,0.004509794710386705,True,224.0,211.87,True,-0.02241940812762544,0.025817718412233903,-0.02827205361778451,False,False,False
NBIS,2026-05-21,0.10384735689709101,390,211.74,219.94,224.96,208.8,224.63,0.060876546708227064,0.9795792079207913,0.01665401616287887,0.27135471049883786,226.81,67,True,60.0,False,,False,False,False,False,False,,True,216.0,223.82,False,-0.017335358770440568,0.007952819229738228,-0.02537753551961397,True,True,True
NBIS,2026-05-28,0.10562940922397646,390,230.38,226.24,230.78,219.01,220.95,-0.04093237260178839,0.16482582837722992,0.046792256272245814,0.0,232.89,113,True,112.0,False,,False,False,False,False,False,,True,210.0,229.93,False,-0.01604836254512243,0.0007115208976644638,-0.021441308224242173,False,False,False
ARM,2026-06-01,0.10376744317699327,390,389.95,408.89,411.0,381.25,403.0,0.03346582895242989,0.7310924369747899,0.06769041229568173,0.11408678988622827,421.6899,125,True,103.0,False,,False,False,False,False,False,,True,210.0,413.5,False,-0.011148730350665104,0.0048367593712213,-0.0191533252720677,False,False,False
MRVL,2026-06-02,0.1550836257576449,390,253.46,290.9,277.54,252.43,270.645,0.06780162550303781,0.7254082039028261,0.03501263994221737,0.20962941276927843,285.4,202,True,73.0,True,217.0,True,True,True,False,False,0.00665732305536082,True,280.0,284.535,True,0.022369831479431168,0.023775633929042028,-0.01087739645386343,True,False,False
NVTS,2026-06-03,0.1850348027842228,390,30.645,30.81,33.48,29.7,32.48,0.05987926252243425,0.7354497354497352,0.11034955039010053,0.08364710494406802,34.17,162,True,159.0,False,,False,False,False,False,False,,False,,,False,,,,False,False,False
INTC,2026-06-08,0.11929010789553285,390,111.0,110.19,111.035,106.66,109.7,-0.011711711711711703,0.6948571428571443,0.03729729729729725,0.0,112.37,106,True,91.0,True,280.0,False,False,False,True,False,0.022425914389961776,True,247.0,111.17,True,-0.008815327876225632,0.012323468561662443,-0.018170369704056832,False,False,False
APLD,2026-06-09,0.1193063866161923,390,45.83,41.94,46.8712,42.27,42.9303,-0.0632707833296966,0.1435060419021124,0.087556691537793,0.0,46.8712,1,False,,False,,False,False,False,False,False,,False,,,False,,,,False,False,False
EOSE,2026-06-16,0.11520376175548597,390,7.115,6.8,7.27,6.63,6.6933,-0.05926914968376673,0.09890624999999992,0.08293020041465105,0.0,7.27,12,False,,False,,False,False,False,False,False,,True,210.0,7.04,False,-0.03409090909090917,0.008522727272727293,-0.03693181818181812,False,False,False
MU,2026-06-25,0.17595444964759507,390,1233.0,1214.59,1255.0,1136.31,1148.6,-0.06845093268450941,0.10354705535428392,0.09070647115918473,0.0,1255.0,5,False,,False,,False,False,False,False,False,,True,210.0,1215.85,False,-0.0010363120450713748,0.017954517415799787,-0.017970966813340428,False,False,False
QCOM,2026-06-25,0.111544501291728,390,219.43,204.78,219.43,199.82,205.275,-0.06450804356742468,0.2781744008159107,0.08544866244360383,0.0,219.43,0,False,,False,,False,False,False,False,False,,True,210.0,213.19,False,-0.03944837937989587,0.009897274731460293,-0.057507387776162044,False,False,False
SNDK,2026-06-25,0.16915736030003223,390,2238.305,2335.01,2292.0,2092.08,2138.24,-0.0447057036462859,0.2308923569427763,0.0798458607930288,0.0,2292.0,10,True,250.0,True,250.0,True,True,True,True,False,0.08722513089005235,True,210.0,2267.8804,True,0.02960014999027294,0.035327524326238535,-0.004660915981283709,False,False,False
HUT,2026-07-20,0.11000546746856198,390,101.51,100.92,107.0,100.81,103.2,0.016648606048665027,0.38610662358642994,0.04203767925766233,0.0624519600307455,107.0,36,False,,False,,False,False,False,False,False,,False,,,False,,,,False,False,False
SMCI,2026-07-22,0.13294117647058834,390,28.89,30.5398,31.82,28.5,31.46,0.08895811699550027,0.8915662650602412,0.0179282426134435,0.315864510102747,32.2844,169,True,79.0,False,,False,False,False,False,False,,False,,,False,,,,True,True,True
ALAB,2026-07-30,0.1298750700728757,389,282.175,299.57,286.99,273.01,286.41,0.015008416762647414,0.9585121602288996,0.03144765202643007,0.07028649005699306,295.28,164,True,60.0,True,337.0,True,True,True,True,True,0.0264941750203197,True,210.0,293.935,True,0.01917090513208697,0.020974024869443886,-0.018014186810009103,False,False,False
AMKR,2026-07-30,0.1033231921366722,390,47.145,48.29,48.84,46.35,48.3,0.024498886414253684,0.7831325301204796,0.024492723918835835,0.14747567608978715,48.84,21,False,,False,,False,False,True,False,False,,True,211.0,48.19,False,0.0020751193193608852,0.008092965345507297,-0.0066403818219548105,True,False,False
ARM,2026-07-30,0.14722753346080308,390,258.0,241.37,268.48,236.36,242.46,-0.060232558139534875,0.18991282689912806,0.08713311364855547,0.0,268.48,0,False,,False,,False,False,False,False,False,,False,,,False,,,,False,False,False
CIFR,2026-07-30,0.11560203504804957,390,19.735,22.655,22.6,19.53,22.425,0.1363060552318216,0.9429967426710095,0.024805137289636736,0.38166855845629993,22.74,176,True,167.0,True,257.0,True,False,True,True,True,0.021547933157431753,True,210.0,22.625,True,0.0013259668508287525,0.014806629834254181,-0.011712707182320425,True,True,False
HUT,2026-07-30,0.11363120889090483,390,98.2,108.25,106.72,97.57,104.73,0.06649694501018333,0.7825136612021865,0.03399859121859583,0.22943193636338108,108.0,153,True,139.0,True,336.0,True,True,True,True,True,0.03240740740740744,True,210.0,107.24,True,0.009418127564341683,0.01389406937709814,-0.013894069377098028,True,False,False
IREN,2026-07-30,0.10900716479017403,390,32.505,38.28,37.66,32.32,37.305,0.14766958929395457,0.9335205992509369,0.033621262458471746,0.4171736485311998,37.87,169,True,155.0,True,387.0,True,True,True,True,True,0.02970689199894372,True,210.0,37.355,True,0.024762414670057575,0.026234774461250332,-0.01632980859322708,True,False,False
NBIS,2026-07-30,0.16165159897449732,390,172.18,188.43,195.8882,169.08,195.31,0.13433615983273306,0.9784319723069803,0.0446524493399687,0.34967360773061335,195.8882,58,False,,False,,False,False,False,False,False,,False,,,False,,,,True,False,False
SNDK,2026-07-30,0.11725678961304876,390,1135.01,1280.4,1257.21,1124.0,1256.76,0.1072677773764108,0.9966218752345917,0.029835215158035222,0.3453410863707269,1268.4,63,True,62.0,True,227.0,True,True,True,True,True,0.03659728792179129,True,210.0,1251.376,True,0.023193668409814627,0.027253199677794715,-0.0049162681719963075,True,True,False
PLTR,2026-08-04,0.1551532033426184,390,145.145,162.55,158.11,143.28,158.07,0.08904888215233031,0.9973027646662157,0.012226338834624428,0.44811566064556263,162.83,208,True,64.0,True,254.0,True,False,True,False,False,0.00792175888963964,False,,,False,,,,True,True,True
RIOT,2026-08-11,0.21494845360824755,390,23.57,20.22,23.66,20.35,20.5,-0.1302503182011031,0.045317220543806234,0.13491726771319468,0.0,23.66,0,False,,False,,False,False,False,False,False,,False,,,False,,,,False,False,False
