date,open,high,low,close,gap,gap_size_pct,gap_outcome
2024-07-29,16.59,17.21,16.23,16.6,none,0.0,none
2024-07-30,16.64,18.32,16.26,17.69,up,0.24096385542167198,continuation
2024-07-31,16.66,16.77,15.71,16.36,none,0.0,none
2024-08-01,16.2,19.48,15.95,18.59,down,0.9779951100244544,full_reversal
2024-08-02,20.52,29.66,20.01,23.39,up,10.381925766541155,continuation
2024-08-05,23.39,65.73,23.39,38.57,none,0.0,none
2024-08-06,33.71,34.77,24.02,27.71,none,0.0,none
2024-08-07,24.77,29.76,21.97,27.85,down,10.609888127029954,full_reversal
2024-08-08,28.34,29.47,23.36,23.79,up,1.7594254937163267,full_reversal
2024-08-09,23.78,24.52,20.26,20.37,none,0.0,none
2024-08-12,20.79,21.19,18.89,20.71,none,0.0,none
2024-08-13,20.06,20.79,17.95,18.12,down,3.1385803959440017,continuation
2024-08-14,18.41,18.49,16.12,16.19,none,0.0,none
2024-08-15,16.27,16.68,14.77,15.23,none,0.0,none
2024-08-16,15.29,15.76,14.65,14.8,none,0.0,none
2024-08-19,15.94,16.07,14.46,14.65,up,4.251144538914331,full_reversal
2024-08-20,14.89,15.93,14.78,15.88,none,0.0,none
2024-08-21,16.25,17.17,15.92,16.27,up,2.329974811083124,continuation
2024-08-22,16.27,18.06,15.76,17.55,none,0.0,none
2024-08-23,17.12,17.21,15.61,15.86,none,0.0,none
2024-08-26,16.27,16.67,15.81,16.15,none,0.0,none
2024-08-27,16.21,16.81,15.37,15.43,none,0.0,none
2024-08-28,15.51,17.89,15.46,17.11,none,0.0,none
2024-08-29,16.54,16.57,15.19,15.65,none,0.0,none
2024-08-30,15.67,16.04,14.78,15.0,none,0.0,none
2024-09-02,15.87,15.99,15.48,15.55,up,1.276324186343336,partial_retrace
2024-09-03,15.76,21.99,15.71,20.72,none,0.0,none
2024-09-04,23.2,23.31,19.34,21.32,up,11.969111969111967,partial_retrace
2024-09-05,20.75,21.53,19.21,19.9,down,2.6735459662288963,continuation
2024-09-06,21.98,23.76,18.83,22.38,up,5.92771084337349,continuation
2024-09-09,21.32,21.41,19.29,19.45,down,3.0027297543221088,continuation
2024-09-10,19.86,20.74,18.9,19.08,none,0.0,none
2024-09-11,19.41,21.41,17.55,17.69,none,0.0,none
2024-09-12,17.62,18.59,16.89,17.07,down,0.3957037874505409,continuation
2024-09-13,17.03,17.18,16.23,16.56,down,0.23432923257176164,continuation
2024-09-16,17.16,17.69,16.91,17.14,up,0.7633587786259444,partial_retrace
2024-09-17,17.16,18.08,16.67,17.61,none,0.0,none
2024-09-18,17.58,19.39,17.11,18.23,none,0.0,none
2024-09-19,17.21,17.27,16.21,16.33,down,2.1046643913537944,continuation
2024-09-20,16.35,16.68,15.81,16.15,none,0.0,none
2024-09-23,16.71,16.95,15.75,15.89,up,2.2018348623853212,full_reversal
2024-09-24,15.87,16.67,15.27,15.39,down,0.12586532410321372,continuation
2024-09-25,15.82,15.82,15.17,15.41,none,0.0,none
2024-09-26,15.06,15.83,14.9,15.37,down,2.2712524334847495,partial_retrace
2024-09-27,15.64,16.97,15.2,16.96,up,1.7566688353936266,continuation
2024-09-30,17.01,17.79,16.47,16.73,up,0.2948113207547287,full_reversal
2024-10-01,16.96,20.73,16.61,19.26,none,0.0,none
2024-10-02,19.65,20.36,18.58,18.9,up,2.024922118380057,full_reversal
2024-10-03,19.63,20.75,19.16,20.49,none,0.0,none
2024-10-04,20.48,20.48,18.48,19.21,none,0.0,none
2024-10-07,20.76,23.03,20.65,22.64,up,1.3671875,continuation
2024-10-08,22.92,23.14,21.14,21.42,up,1.2367491166077826,full_reversal
2024-10-09,21.98,22.01,20.71,20.86,none,0.0,none
2024-10-10,20.91,21.39,20.64,20.93,none,0.0,none
2024-10-11,20.87,21.16,20.14,20.46,down,0.19129603060735745,continuation
2024-10-14,20.86,20.86,19.69,19.7,none,0.0,none
2024-10-15,19.61,20.89,19.44,20.64,down,0.4568527918781706,full_reversal
2024-10-16,20.77,21.01,19.45,19.58,up,0.6298449612403001,full_reversal
2024-10-17,19.55,19.65,18.88,19.11,down,0.1532175689478943,continuation
2024-10-18,19.3,19.32,17.99,18.03,none,0.0,none
2024-10-21,18.78,19.34,18.36,18.37,none,0.0,none
2024-10-22,18.79,19.44,18.05,18.2,none,0.0,none
2024-10-23,18.21,20.47,18.18,19.24,none,0.0,none
2024-10-24,18.87,20.24,18.63,19.08,none,0.0,none
2024-10-25,19.22,20.51,18.23,20.33,up,0.7337526205450695,continuation
2024-10-28,19.11,19.88,18.91,19.8,down,0.572320499479706,partial_retrace
2024-10-29,19.75,20.53,19.06,19.34,none,0.0,none
2024-10-30,19.33,20.44,19.3,20.35,none,0.0,none
2024-10-31,21.44,23.42,21.12,23.16,up,5.356265356265366,continuation
2024-11-01,22.96,23.09,21.16,21.88,none,0.0,none
2024-11-04,22.5,23.07,21.73,21.98,none,0.0,none
2024-11-05,21.98,22.06,20.2,20.49,none,0.0,none
2024-11-06,16.06,16.82,15.44,16.27,down,21.620302586627627,partial_retrace
2024-11-07,15.86,15.86,15.13,15.2,down,1.245330012453294,continuation
2024-11-08,15.13,15.33,14.66,14.94,down,0.4605263157894668,continuation
2024-11-11,15.33,15.56,14.89,14.97,up,1.3218770654329193,partial_retrace
2024-11-12,15.09,15.37,14.69,14.71,none,0.0,none
2024-11-13,15.09,15.26,13.77,14.02,none,0.0,none
2024-11-14,14.17,14.32,13.59,14.31,none,0.0,none
2024-11-15,15.02,17.55,14.56,16.14,up,4.9615653389238235,continuation
2024-11-18,16.6,17.0,15.35,15.58,up,2.850061957868655,full_reversal
2024-11-19,15.44,17.93,15.37,16.35,down,0.898587933247752,full_reversal
2024-11-20,16.19,18.79,16.04,17.16,none,0.0,none
2024-11-21,17.1,17.99,15.73,16.87,none,0.0,none
2024-11-22,16.67,17.56,15.24,15.24,down,1.1855364552459946,continuation
2024-11-25,15.23,15.72,14.54,14.6,none,0.0,none
2024-11-26,14.95,15.03,13.88,14.1,none,0.0,none
2024-11-27,14.28,15.13,13.96,14.1,none,0.0,none
2024-11-28,14.07,14.07,13.87,13.9,down,0.21276595744680327,continuation
2024-11-29,14.0,14.15,13.49,13.51,none,0.0,none
2024-12-02,14.08,14.1,13.3,13.34,up,0.5714285714285783,full_reversal
2024-12-03,13.38,13.77,13.19,13.3,none,0.0,none
2024-12-04,13.16,13.61,12.89,13.45,down,1.0526315789473717,full_reversal
2024-12-05,13.46,13.7,13.26,13.54,none,0.0,none
2024-12-06,13.62,13.74,12.7,12.77,up,0.5908419497784312,full_reversal
2024-12-09,13.36,14.23,13.35,14.19,none,0.0,none
2024-12-10,14.3,14.54,13.86,14.18,up,0.7751937984496138,full_reversal
2024-12-11,14.42,14.43,13.52,13.58,up,0.8391608391608241,full_reversal
2024-12-12,13.73,13.95,13.39,13.92,none,0.0,none
2024-12-13,13.57,14.25,13.24,13.81,down,1.1653313911143437,partial_retrace
2024-12-16,14.37,14.69,13.99,14.69,up,4.0550325850832625,continuation
2024-12-17,14.98,15.94,14.78,15.87,up,1.9741320626276426,continuation
2024-12-18,15.57,28.32,14.82,27.62,none,0.0,none
2024-12-19,21.61,24.12,20.16,24.09,none,0.0,none
2024-12-20,24.14,26.51,17.82,18.36,up,0.20755500207554345,full_reversal
2024-12-23,18.09,20.02,16.74,16.78,down,1.4705882352941124,continuation
2024-12-24,16.97,17.04,14.27,14.27,none,0.0,none
2024-12-26,14.99,15.93,14.55,14.73,none,0.0,none
2024-12-27,15.38,18.45,15.29,15.95,up,2.6017344896597683,continuation
2024-12-30,17.21,19.22,16.44,17.4,up,7.899686520376181,continuation
2024-12-31,17.39,17.81,16.68,17.35,none,0.0,none
2025-01-02,17.21,19.5,16.96,17.93,down,0.8069164265129714,full_reversal
2025-01-03,17.66,17.94,16.11,16.13,none,0.0,none
2025-01-06,16.77,16.87,15.71,16.04,none,0.0,none
2025-01-07,16.48,18.9,15.79,17.82,none,0.0,none
2025-01-08,17.91,19.5,17.37,17.7,up,0.5050505050504972,full_reversal
2025-01-09,18.51,18.52,17.95,18.07,up,3.350083752093802,partial_retrace
2025-01-10,18.29,20.31,18.05,19.54,none,0.0,none
2025-01-13,21.18,22.04,19.15,19.19,up,8.393039918116685,full_reversal
2025-01-14,18.79,19.66,18.24,18.71,down,2.08441896821262,continuation
2025-01-15,19.08,19.14,15.96,16.12,up,1.5433741351782881,full_reversal
2025-01-16,15.87,16.6,15.64,16.6,down,1.5508684863523636,full_reversal
2025-01-17,16.19,16.23,15.53,15.97,none,0.0,none
2025-01-20,16.46,16.59,15.8,15.81,up,1.6676961087090714,full_reversal
2025-01-21,16.29,16.29,14.93,15.06,none,0.0,none
2025-01-22,14.89,15.29,14.59,15.1,down,1.1288180610889764,full_reversal
2025-01-23,15.28,15.39,14.59,15.02,up,1.192052980132452,full_reversal
2025-01-24,15.02,15.16,14.58,14.85,none,0.0,none
2025-01-27,18.83,22.51,17.57,17.9,up,25.366178428761653,partial_retrace
2025-01-28,18.29,18.39,16.25,16.41,none,0.0,none
2025-01-29,16.42,18.08,16.17,16.56,none,0.0,none
2025-01-30,15.93,16.42,15.32,15.84,down,2.9841656516443438,continuation
2025-01-31,15.45,17.09,14.9,16.43,down,2.4621212121212155,full_reversal
2025-02-03,20.36,20.42,17.66,18.62,up,23.91965916007304,partial_retrace
2025-02-04,18.78,19.11,16.78,17.21,none,0.0,none
2025-02-05,17.54,17.75,15.77,15.77,none,0.0,none
2025-02-06,15.88,16.15,14.99,15.5,none,0.0,none
2025-02-07,15.38,16.66,14.79,16.54,down,0.7741935483870921,full_reversal
2025-02-10,16.58,16.61,15.7,15.81,up,0.24183796856105388,full_reversal
2025-02-11,16.13,16.42,15.75,16.02,none,0.0,none
2025-02-12,15.91,17.18,15.64,15.89,down,0.6866416978776546,continuation
2025-02-13,15.97,16.33,14.98,15.1,up,0.37712130735387817,full_reversal
2025-02-14,15.08,15.42,14.74,14.77,down,0.13245033112582183,continuation
2025-02-17,15.38,15.57,15.34,15.37,up,1.9893899204244114,partial_retrace
2025-02-18,15.57,16.03,15.35,15.35,up,1.2353706111833507,full_reversal
2025-02-19,15.14,15.96,15.05,15.27,down,1.3680781758957594,partial_retrace
2025-02-20,15.61,16.63,15.12,15.66,up,2.226588081204972,continuation
2025-02-21,15.63,19.03,15.28,18.21,none,0.0,none
2025-02-24,18.08,20.24,17.31,18.98,none,0.0,none
2025-02-25,19.09,21.48,18.85,19.43,up,0.5795574288725014,continuation
2025-02-26,18.96,20.06,17.83,19.1,down,0.6809848088004111,partial_retrace
2025-02-27,18.25,21.47,17.67,21.13,down,3.744725738396626,full_reversal
2025-02-28,21.21,22.4,19.05,19.63,up,0.3786086133459543,full_reversal
2025-03-03,19.83,24.31,19.25,22.78,none,0.0,none
2025-03-04,22.96,26.35,21.71,23.51,up,0.7901668129938422,continuation
2025-03-05,23.03,24.84,21.37,21.93,none,0.0,none
2025-03-06,22.6,25.92,22.39,24.87,none,0.0,none
2025-03-07,24.85,26.56,23.09,23.37,none,0.0,none
2025-03-10,24.7,29.56,24.68,27.86,none,0.0,none
2025-03-11,27.94,29.57,26.18,26.92,up,0.2871500358937684,full_reversal
2025-03-12,26.88,26.91,23.89,24.23,down,0.14858841010402246,continuation
2025-03-13,24.92,26.13,23.46,24.66,none,0.0,none
2025-03-14,24.35,24.36,21.48,21.77,down,1.2570965125709654,continuation
2025-03-17,22.89,22.95,20.32,20.51,none,0.0,none
2025-03-18,20.83,22.57,20.41,21.7,none,0.0,none
2025-03-19,21.84,22.1,19.42,19.9,up,0.6451612903225934,full_reversal
2025-03-20,19.52,21.17,19.3,19.8,down,1.9095477386934623,partial_retrace
2025-03-21,20.02,21.14,19.15,19.28,up,1.1111111111111072,full_reversal
2025-03-24,19.13,19.14,17.46,17.48,down,0.7780082987551951,continuation
2025-03-25,17.58,17.77,17.02,17.15,none,0.0,none
2025-03-26,17.23,19.07,16.97,18.33,none,0.0,none
2025-03-27,18.36,19.28,17.95,18.69,up,0.16366612111293755,continuation
2025-03-28,19.08,22.18,18.92,21.65,up,2.0866773675762174,continuation
2025-03-31,24.11,24.8,21.67,22.28,up,11.362586605080827,partial_retrace
2025-04-01,22.06,23.52,21.58,21.77,down,0.987432675044897,continuation
2025-04-02,22.3,23.66,20.68,21.51,up,1.0879419764279419,full_reversal
2025-04-03,26.38,30.02,24.93,30.02,up,18.295964125560538,continuation
2025-04-04,30.12,45.61,29.99,45.31,up,0.3331112591605567,continuation
2025-04-07,60.13,60.13,38.58,46.98,up,32.708011476495244,partial_retrace
2025-04-08,44.04,57.52,36.48,52.33,down,6.257982120051087,full_reversal
2025-04-09,50.98,57.96,31.9,33.62,none,0.0,none
2025-04-10,34.44,54.87,34.44,40.72,none,0.0,none
2025-04-11,40.8,46.12,36.85,37.56,up,0.19646365422396617,full_reversal
2025-04-14,34.76,35.17,29.75,30.89,down,7.454739084132067,continuation
2025-04-15,30.01,31.45,28.29,30.12,down,2.8488183878277673,partial_retrace
2025-04-16,33.24,34.96,29.48,32.64,up,10.358565737051805,partial_retrace
2025-04-17,30.79,32.55,29.57,29.65,down,5.667892156862752,continuation
2025-04-21,32.75,35.75,31.79,33.82,up,6.365703150373503,continuation
2025-04-22,32.61,32.68,30.08,30.57,down,0.4274809160305315,continuation
2025-04-23,28.75,30.29,27.11,28.45,down,5.9535492312724925,continuation
2025-04-24,28.69,29.66,26.36,26.47,none,0.0,none
2025-04-25,26.22,27.2,24.84,24.84,down,0.9444654325651669,continuation
2025-04-28,25.75,26.93,24.7,25.15,none,0.0,none
2025-04-29,24.76,25.99,23.76,24.17,down,1.550695825049686,continuation
2025-04-30,24.35,28.17,24.23,24.7,none,0.0,none
2025-05-01,23.94,25.18,23.3,24.6,down,1.6837782340862417,partial_retrace
2025-05-02,23.63,24.32,22.34,22.68,down,1.294903926482882,continuation
2025-05-05,24.25,24.63,22.81,23.64,up,2.623783326280149,partial_retrace
2025-05-06,23.97,25.11,23.9,24.76,none,0.0,none
2025-05-07,24.56,25.62,23.29,23.55,none,0.0,none
2025-05-08,22.84,23.61,21.88,22.48,down,3.014861995753715,continuation
2025-05-09,22.4,22.82,21.83,21.9,down,0.3558718861210064,continuation
2025-05-12,19.84,20.44,18.14,18.39,down,9.406392694063925,continuation
2025-05-13,18.69,18.85,17.65,18.22,none,0.0,none
2025-05-14,18.1,18.82,18.06,18.62,down,0.6586169045005308,full_reversal
2025-05-15,19.19,19.38,17.77,17.83,up,3.0612244897959107,full_reversal
2025-05-16,17.96,17.96,17.15,17.24,none,0.0,none
2025-05-19,19.84,19.92,17.92,18.14,up,10.46770601336302,partial_retrace
2025-05-20,18.46,18.68,17.7,18.09,none,0.0,none
2025-05-21,18.77,21.05,17.77,20.87,up,1.679306608884068,continuation
2025-05-22,20.62,22.07,19.64,20.28,none,0.0,none
2025-05-23,20.14,25.53,19.83,22.29,down,0.6903353057199246,full_reversal
2025-05-26,20.75,20.83,20.3,20.57,none,0.0,none
2025-05-27,20.63,21.01,18.95,18.96,none,0.0,none
2025-05-28,19.21,19.43,18.68,19.31,none,0.0,none
2025-05-29,18.25,20.2,18.11,19.18,down,4.997397188964081,partial_retrace
2025-05-30,19.61,20.55,18.57,18.57,up,2.241918665276321,full_reversal
2025-06-02,19.81,20.45,18.36,18.36,up,1.0198878123406363,full_reversal
2025-06-03,18.83,19.21,17.64,17.69,none,0.0,none
2025-06-04,17.68,18.07,17.41,17.61,none,0.0,none
2025-06-05,17.68,18.8,17.08,18.48,none,0.0,none
2025-06-06,18.16,18.35,16.65,16.77,none,0.0,none
2025-06-09,17.69,17.72,16.82,17.16,none,0.0,none
2025-06-10,17.5,17.99,16.68,16.95,none,0.0,none
2025-06-11,17.04,18.09,16.23,17.26,none,0.0,none
2025-06-12,17.87,18.87,17.43,18.02,up,3.534183082271136,continuation
2025-06-13,21.76,22.0,18.88,20.82,up,20.75471698113209,partial_retrace
2025-06-16,19.78,20.22,18.67,19.11,down,4.995196926032652,continuation
2025-06-17,20.53,21.79,19.55,21.6,up,3.7917087967644036,continuation
2025-06-18,20.9,21.58,19.59,20.14,none,0.0,none
2025-06-19,21.51,22.75,21.18,22.17,up,2.918660287081365,continuation
2025-06-20,20.74,21.07,19.11,20.62,down,3.5797303579730544,continuation
2025-06-23,21.15,22.51,19.82,19.83,up,1.9768563162970043,full_reversal
2025-06-24,18.19,18.72,17.33,17.48,down,8.270297528996451,continuation
2025-06-25,17.28,17.51,16.68,16.76,down,1.1441647597253968,continuation
2025-06-26,16.67,16.78,16.11,16.59,down,0.5369928400954627,continuation
2025-06-27,16.31,17.29,16.12,16.32,down,1.6877637130801704,partial_retrace
2025-06-30,17.19,17.43,16.55,16.73,up,5.330882352941191,partial_retrace
2025-07-01,16.98,17.48,16.51,16.83,none,0.0,none
2025-07-02,16.75,17.37,16.54,16.64,down,0.4753416518122333,continuation
2025-07-03,16.65,16.83,16.14,16.38,none,0.0,none
2025-07-04,16.93,17.67,16.92,17.48,up,1.6816816816816793,continuation
2025-07-07,17.83,18.5,17.51,17.79,up,2.0022883295194305,partial_retrace
2025-07-08,17.41,17.44,16.54,16.81,down,2.1360314783586243,continuation
2025-07-09,16.76,16.76,15.76,15.94,down,0.2974419988102106,continuation
2025-07-10,16.23,16.24,15.7,15.78,none,0.0,none
2025-07-11,16.41,17.24,15.98,16.4,up,1.109057301293892,partial_retrace
2025-07-14,17.73,17.85,16.91,17.2,up,8.043875685557577,partial_retrace
2025-07-15,16.89,17.39,16.56,17.38,down,1.8023255813953365,full_reversal
2025-07-16,17.66,19.48,16.69,17.16,up,1.6110471806674465,full_reversal
2025-07-17,17.16,17.37,16.48,16.52,none,0.0,none
2025-07-18,16.43,16.81,16.28,16.41,down,0.5447941888619856,continuation
2025-07-21,16.87,16.99,16.3,16.65,up,2.6780279975654464,partial_retrace
2025-07-22,16.75,17.48,16.43,16.5,none,0.0,none
2025-07-23,16.23,16.32,15.32,15.37,down,1.6363636363636358,continuation
2025-07-24,15.39,15.54,14.95,15.39,none,0.0,none
2025-07-25,15.33,15.39,14.92,14.93,down,0.3898635477582846,continuation
2025-07-28,15.15,15.54,15.0,15.03,none,0.0,none
2025-07-29,14.95,16.12,14.7,15.98,down,0.5322687957418526,full_reversal
2025-07-30,15.87,17.27,15.44,15.48,none,0.0,none
2025-07-31,14.99,17.17,14.74,16.72,down,3.165374677002586,full_reversal
2025-08-01,17.4,21.9,17.39,20.38,up,4.066985645933019,continuation
2025-08-04,19.56,19.58,17.48,17.52,none,0.0,none
2025-08-05,17.21,18.94,17.11,17.85,down,1.7694063926940617,full_reversal
2025-08-06,17.22,17.88,16.56,16.77,none,0.0,none
2025-08-07,16.41,17.64,15.98,16.57,down,2.146690518783534,partial_retrace
2025-08-08,16.48,16.52,15.15,15.15,none,0.0,none
2025-08-11,15.81,16.36,15.52,16.25,none,0.0,none
2025-08-12,16.09,16.56,14.66,14.73,none,0.0,none
2025-08-13,14.62,14.81,14.3,14.49,down,0.7467752885268242,continuation
2025-08-14,14.66,15.39,14.57,14.83,up,0.2735978112175186,continuation
2025-08-15,14.43,15.18,14.4,15.09,down,1.568894952251021,full_reversal
2025-08-18,15.73,15.95,14.95,14.99,up,4.241219350563297,full_reversal
2025-08-19,15.23,15.91,14.76,15.57,none,0.0,none
2025-08-20,15.95,17.19,15.57,15.69,up,2.440590879897231,partial_retrace
2025-08-21,15.72,17.24,15.65,16.6,none,0.0,none
2025-08-22,16.81,16.83,14.21,14.22,up,1.2650602409638445,full_reversal
2025-08-25,15.05,15.19,14.24,14.79,none,0.0,none
2025-08-26,15.75,15.75,14.62,14.62,up,4.6511627906976605,full_reversal
2025-08-27,14.66,15.23,14.66,14.85,none,0.0,none
2025-08-28,14.42,14.69,14.12,14.43,down,1.6371077762619368,partial_retrace
2025-08-29,14.31,15.97,14.31,15.36,down,0.7628294036061023,full_reversal
2025-09-01,16.17,16.79,15.08,16.12,up,5.273437500000022,partial_retrace
2025-09-02,16.65,19.38,16.55,17.17,up,2.9684601113172393,continuation
2025-09-03,17.4,17.57,16.34,16.35,up,1.3395457192777904,full_reversal
2025-09-04,16.22,16.35,15.28,15.3,down,0.7951070336391641,continuation
2025-09-05,15.23,16.92,14.74,15.18,down,0.4575163398692794,continuation
2025-09-08,15.58,15.65,14.99,15.11,up,2.2980958634274407,full_reversal
2025-09-09,15.02,15.82,14.97,15.04,down,0.595632031767046,partial_retrace
2025-09-10,14.98,15.63,14.63,15.35,down,0.26631158455392434,full_reversal
2025-09-11,15.19,15.24,14.65,14.71,none,0.0,none
2025-09-12,14.62,14.97,14.41,14.76,down,0.6118286879673751,full_reversal
2025-09-15,15.14,15.84,14.92,15.69,up,2.57452574525745,continuation
2025-09-16,15.6,16.38,15.44,16.36,none,0.0,none
2025-09-17,16.42,16.75,15.26,15.72,up,0.3667481662591898,full_reversal
2025-09-18,14.93,15.8,14.33,15.7,down,5.0254452926208675,partial_retrace
2025-09-19,15.76,16.13,15.29,15.45,up,0.3821656050955413,full_reversal
2025-09-22,16.14,16.35,15.78,16.1,up,2.411167512690371,partial_retrace
2025-09-23,16.1,17.07,15.95,16.64,none,0.0,none
2025-09-24,16.57,17.21,16.18,16.18,none,0.0,none
2025-09-25,16.55,17.74,16.32,16.74,none,0.0,none
2025-09-26,16.89,17.05,15.29,15.29,up,0.8960573476702649,full_reversal
2025-09-29,15.84,16.29,15.74,16.12,none,0.0,none
2025-09-30,16.49,16.7,16.02,16.28,up,2.29528535980148,partial_retrace
2025-10-01,17.28,17.28,15.98,16.29,up,4.79078229229839,partial_retrace
2025-10-02,16.12,16.92,15.93,16.63,down,1.0435850214855602,full_reversal
2025-10-03,16.35,17.06,16.2,16.65,none,0.0,none
2025-10-06,16.74,17.09,16.29,16.37,up,0.540540540540535,full_reversal
2025-10-07,16.58,17.55,16.19,17.24,none,0.0,none
2025-10-08,17.17,17.2,16.23,16.3,none,0.0,none
2025-10-09,16.31,17.27,16.26,16.43,none,0.0,none
2025-10-10,16.36,22.44,16.23,21.66,none,0.0,none
2025-10-13,19.45,20.77,18.61,19.03,none,0.0,none
2025-10-14,21.46,22.94,19.18,20.81,up,10.334190231362484,partial_retrace
2025-10-15,20.02,22.44,19.11,20.64,down,3.796251802018258,partial_retrace
2025-10-16,20.49,25.43,19.85,25.31,none,0.0,none
2025-10-17,28.41,28.99,20.73,20.78,up,12.248123271434231,full_reversal
2025-10-20,20.53,21.02,18.23,18.23,down,1.2030798845043322,continuation
2025-10-21,18.65,18.89,17.4,17.87,none,0.0,none
2025-10-22,17.84,21.01,17.73,18.6,down,0.16787912702854735,full_reversal
2025-10-23,18.36,19.35,17.08,17.3,none,0.0,none
2025-10-24,17.02,17.22,16.02,16.37,down,1.6184971098266,continuation
2025-10-27,15.73,16.07,15.62,15.79,down,3.9095907147220554,partial_retrace
2025-10-28,15.95,16.55,15.66,16.42,up,1.0132995566814351,continuation
2025-10-29,16.34,17.58,16.26,16.92,none,0.0,none
2025-10-30,16.26,17.41,15.73,16.91,down,0.4895960832313251,partial_retrace
2025-10-31,16.43,18.54,15.96,17.44,none,0.0,none
2025-11-03,18.06,18.83,17.0,17.17,up,3.5550458715596145,full_reversal
2025-11-04,19.73,20.48,17.9,19.0,up,9.246954595791813,partial_retrace
2025-11-05,19.37,20.02,17.31,18.01,none,0.0,none
2025-11-06,18.36,20.31,17.64,19.5,none,0.0,none
2025-11-07,19.52,22.72,19.08,19.08,up,0.10256410256410664,full_reversal
2025-11-10,18.58,18.82,17.6,17.6,down,2.6205450733752578,continuation
2025-11-11,17.9,18.01,17.25,17.28,none,0.0,none
2025-11-12,17.21,18.06,17.1,17.51,down,0.405092592592593,full_reversal
2025-11-13,17.61,21.31,17.51,20.0,up,0.571102227298681,continuation
2025-11-14,21.33,23.03,19.56,19.83,up,6.65,full_reversal
2025-11-17,19.58,23.44,19.54,22.38,down,1.260716086737268,full_reversal
2025-11-18,23.54,25.84,22.91,24.69,up,5.183199285075957,continuation
2025-11-19,24.52,24.79,21.93,23.66,none,0.0,none
2025-11-20,20.78,28.27,19.28,26.42,down,12.172442941673712,full_reversal
2025-11-21,25.97,27.84,22.54,23.43,none,0.0,none
2025-11-24,22.69,23.68,20.41,20.52,down,3.158344003414415,continuation
2025-11-25,20.55,21.77,18.39,18.56,none,0.0,none
2025-11-26,18.25,18.7,16.93,17.19,down,1.6702586206896464,continuation
2025-11-27,17.22,17.36,17.05,17.21,none,0.0,none
2025-11-28,17.41,18.52,15.78,16.35,up,1.1033681765389103,full_reversal
2025-12-01,18.05,18.33,16.58,17.24,up,3.676048248133257,partial_retrace
2025-12-02,17.28,17.31,16.39,16.59,none,0.0,none
2025-12-03,16.43,17.28,15.93,16.08,down,0.9644364074743783,continuation
2025-12-04,16.23,16.63,15.68,15.78,none,0.0,none
2025-12-05,15.58,16.18,15.28,15.41,down,1.2674271229404233,continuation
2025-12-08,16.15,17.09,16.1,16.66,up,3.6585365853658347,continuation
2025-12-09,16.66,17.2,16.45,16.93,none,0.0,none
2025-12-10,16.94,17.66,15.56,15.77,none,0.0,none
2025-12-11,16.84,16.88,14.85,14.85,none,0.0,none
2025-12-12,14.99,17.85,14.85,15.74,none,0.0,none
2025-12-15,16.51,17.35,15.99,16.5,up,4.8919949174078825,partial_retrace
2025-12-16,17.28,17.61,16.19,16.48,up,4.663840096910965,full_reversal
2025-12-17,16.45,18.0,15.82,17.62,down,0.182038834951459,full_reversal
2025-12-18,17.61,17.68,15.93,16.87,none,0.0,none
2025-12-19,16.31,16.53,14.91,14.91,down,3.319502074688807,continuation
2025-12-22,15.16,15.26,14.03,14.08,none,0.0,none
2025-12-23,14.09,14.45,13.64,14.0,none,0.0,none
2025-12-24,14.09,14.16,13.38,13.47,none,0.0,none
2025-12-26,14.12,14.29,13.52,13.6,up,0.21291696238465718,partial_retrace
2025-12-29,14.69,15.08,13.99,14.2,up,4.0368271954674295,partial_retrace
2025-12-30,14.43,14.62,14.04,14.33,none,0.0,none
2025-12-31,14.77,15.17,14.38,14.95,up,2.3562023562023526,continuation
2026-01-02,14.85,15.42,14.46,14.51,none,0.0,none
2026-01-05,15.14,15.27,14.65,14.9,up,1.9528619528619506,partial_retrace
2026-01-06,15.0,15.21,14.63,14.75,none,0.0,none
2026-01-07,14.95,15.48,14.83,15.38,none,0.0,none
2026-01-08,15.69,15.85,15.15,15.45,up,2.0156046814044037,partial_retrace
2026-01-09,15.68,15.81,14.43,14.49,none,0.0,none
2026-01-12,16.06,16.66,15.03,15.12,up,2.423469387755106,partial_retrace
2026-01-13,15.36,16.5,14.75,15.98,none,0.0,none
2026-01-14,16.33,18.1,16.22,16.75,up,2.1902377972465414,continuation
2026-01-15,16.52,16.54,15.3,15.84,none,0.0,none
2026-01-16,15.44,16.29,15.3,15.86,down,2.5252525252525304,full_reversal
2026-01-19,18.63,19.59,18.28,18.84,up,17.465321563682213,continuation
2026-01-20,19.94,20.99,18.64,20.09,up,5.83864118895967,continuation
2026-01-21,19.31,20.81,16.67,16.9,down,3.159478435305929,continuation
2026-01-22,16.65,16.67,15.27,15.64,down,1.4792899408283988,continuation
2026-01-23,15.68,16.21,15.3,16.09,none,0.0,none
2026-01-26,16.9,17.39,15.8,16.15,up,5.034182722187697,partial_retrace
2026-01-27,16.02,16.37,15.74,16.35,down,0.804953560371513,full_reversal
2026-01-28,16.09,17.18,16.05,16.35,none,0.0,none
2026-01-29,16.04,19.74,16.02,16.88,down,0.3107520198881386,full_reversal
2026-01-30,18.72,19.27,16.67,17.44,up,10.90047393364928,partial_retrace
2026-02-02,19.95,19.96,16.08,16.34,up,6.570512820512819,full_reversal
2026-02-03,16.16,20.37,16.05,18.0,down,1.1015911872705009,full_reversal
2026-02-04,17.63,21.24,17.47,18.64,none,0.0,none
2026-02-05,19.24,23.1,19.06,21.77,up,3.218884120171661,continuation
2026-02-06,21.24,21.49,17.27,17.76,none,0.0,none
2026-02-09,17.95,19.2,16.9,17.36,none,0.0,none
2026-02-10,17.47,17.97,17.14,17.79,none,0.0,none
2026-02-11,17.87,18.96,16.75,17.65,up,0.44969083754919925,full_reversal
2026-02-12,17.44,21.21,17.08,20.82,down,1.1898016997166971,full_reversal
2026-02-13,21.48,22.4,18.92,20.6,up,3.1700288184438152,full_reversal
2026-02-16,20.73,21.62,20.37,21.2,none,0.0,none
2026-02-17,21.74,22.96,19.76,20.29,up,2.5471698113207486,full_reversal
2026-02-18,19.78,20.34,18.48,19.62,down,2.5135534746180244,continuation
2026-02-19,19.34,21.11,19.23,20.23,down,1.4271151885830835,full_reversal
2026-02-20,20.04,21.21,18.76,19.09,none,0.0,none
2026-02-23,20.49,22.04,19.5,21.01,up,2.2455089820359264,continuation
2026-02-24,21.24,22.08,19.23,19.55,up,1.0947168015230657,full_reversal
2026-02-25,19.59,19.62,17.86,17.93,none,0.0,none
2026-02-26,18.07,20.54,17.5,18.63,none,0.0,none
2026-02-27,19.28,21.74,18.77,19.86,up,3.4889962426194465,continuation
2026-03-02,24.66,25.24,20.37,21.44,up,24.16918429003021,partial_retrace
2026-03-03,24.57,28.15,22.18,23.57,none,0.0,none
2026-03-04,24.39,24.87,20.4,21.15,none,0.0,none
2026-03-05,22.11,25.84,20.55,23.75,none,0.0,none
2026-03-06,23.2,29.93,22.92,29.49,none,0.0,none
2026-03-09,35.12,35.3,24.76,25.5,up,19.09121736181756,full_reversal
2026-03-10,24.39,26.01,22.19,24.93,down,4.352941176470582,partial_retrace
2026-03-11,24.9,26.23,23.75,24.23,none,0.0,none
2026-03-12,25.48,27.33,24.6,27.29,up,2.329317269076303,continuation
2026-03-13,27.85,28.47,24.67,27.19,up,2.052033711982415,full_reversal
2026-03-16,25.88,26.42,23.23,23.51,down,4.817947774917252,continuation
2026-03-17,24.56,24.58,21.87,22.37,none,0.0,none
2026-03-18,21.51,25.13,21.47,25.09,down,3.8444345105051347,full_reversal
2026-03-19,25.6,27.52,23.54,24.06,up,2.0326823435631747,full_reversal
2026-03-20,24.46,29.28,23.68,26.78,none,0.0,none
2026-03-23,30.04,31.04,20.28,26.15,up,12.173263629574294,full_reversal
2026-03-24,25.91,27.94,25.64,26.95,down,0.9177820267686321,full_reversal
2026-03-25,25.79,26.67,24.82,25.33,down,0.4631416441528424,continuation
2026-03-26,26.49,28.49,26.12,27.44,up,2.7142303218301578,continuation
2026-03-27,27.54,31.65,27.54,31.05,up,0.36443148688045657,continuation
2026-03-30,30.79,31.52,29.33,30.61,none,0.0,none
2026-03-31,29.53,29.64,25.08,25.25,down,3.528258738974188,continuation
2026-04-01,24.3,25.35,23.5,24.54,down,3.7623762376237546,partial_retrace
2026-04-02,26.78,27.89,23.87,23.87,up,9.127954360228197,full_reversal
2026-04-06,24.93,25.3,23.78,24.17,none,0.0,none
2026-04-07,25.09,28.0,24.34,25.78,up,0.64179703168874,continuation
2026-04-08,20.97,22.17,19.91,21.04,down,16.420884814667204,partial_retrace
2026-04-09,21.25,21.63,19.45,19.49,up,0.9980988593155882,full_reversal
2026-04-10,19.71,20.28,18.83,19.23,none,0.0,none
2026-04-13,21.17,21.58,18.96,19.12,up,7.407407407407418,full_reversal
2026-04-14,18.73,18.76,17.89,18.36,down,2.039748953974896,continuation
2026-04-15,18.18,18.5,17.4,18.17,down,0.9803921568627416,continuation
2026-04-16,18.04,19.09,17.76,17.94,down,0.7154650522840034,continuation
2026-04-17,18.18,18.24,16.87,17.48,up,0.77605321507761,full_reversal
2026-04-20,19.58,19.99,18.77,18.87,up,7.70077007700769,partial_retrace
2026-04-21,19.18,20.85,18.75,19.5,none,0.0,none
2026-04-22,19.03,19.54,18.68,18.92,down,0.7820646506777829,continuation
2026-04-23,19.42,21.56,18.7,19.31,up,2.0493956910141886,partial_retrace
2026-04-24,18.89,19.35,18.46,18.71,down,2.175038839979271,continuation
2026-04-27,19.21,19.27,18.02,18.02,up,1.694017998941244,full_reversal
2026-04-28,18.3,19.43,17.78,17.83,none,0.0,none
2026-04-29,17.83,19.0,17.81,18.81,none,0.0,none
2026-04-30,18.68,18.73,16.87,16.89,none,0.0,none
2026-05-01,17.01,17.39,16.44,16.99,none,0.0,none
2026-05-04,17.38,19.08,17.15,18.29,up,2.175191064079929,continuation
2026-05-05,17.95,18.02,17.2,17.38,none,0.0,none
2026-05-06,17.15,17.46,16.18,17.39,down,1.3233601841196818,full_reversal
2026-05-07,17.53,17.6,16.85,17.08,up,0.8050603795284772,full_reversal
2026-05-08,17.37,17.53,16.82,17.19,none,0.0,none
2026-05-11,18.21,18.47,17.9,18.38,up,4.835924006908465,continuation
2026-05-12,18.77,19.1,17.92,17.99,up,2.1218715995647397,full_reversal
2026-05-13,17.98,18.4,17.76,17.87,none,0.0,none
2026-05-14,17.86,18.08,17.2,17.26,none,0.0,none
2026-05-15,18.07,19.27,17.8,18.43,up,1.1758118701007847,continuation
2026-05-18,19.25,19.44,17.7,17.82,up,4.449267498643517,full_reversal
2026-05-19,18.01,18.36,17.66,18.06,none,0.0,none
2026-05-20,18.17,18.18,17.13,17.44,up,0.6090808416389981,full_reversal
2026-05-21,17.58,17.87,16.6,16.76,none,0.0,none
2026-05-22,16.83,17.39,16.46,16.7,none,0.0,none
2026-05-25,16.81,16.87,16.53,16.59,none,0.0,none
2026-05-26,16.92,17.23,16.56,17.01,up,0.65437239738253,continuation
2026-05-27,17.01,17.18,16.29,16.29,none,0.0,none
2026-05-28,16.76,16.85,15.61,15.74,none,0.0,none
2026-05-29,15.81,15.88,15.22,15.32,none,0.0,none
2026-06-01,15.88,16.34,15.71,16.05,up,0.44275774826059155,continuation
2026-06-02,16.28,16.29,15.71,15.77,up,1.433021806853585,full_reversal
2026-06-03,15.97,16.63,15.94,16.06,none,0.0,none
2026-06-04,16.33,16.8,15.18,15.4,up,1.6811955168119619,full_reversal
2026-06-05,15.87,21.57,15.56,21.51,none,0.0,none
2026-06-08,20.29,20.35,17.94,18.92,none,0.0,none
2026-06-09,18.19,23.34,17.52,19.87,down,3.858350951374212,full_reversal
2026-06-10,20.1,22.66,20.06,22.22,up,1.157523905384994,continuation
2026-06-11,21.25,22.59,19.36,19.44,none,0.0,none
2026-06-12,19.51,19.85,17.59,17.68,none,0.0,none
2026-06-15,16.78,16.85,15.98,16.2,down,5.090497737556554,continuation
2026-06-16,16.2,16.44,15.77,16.41,none,0.0,none
2026-06-17,16.08,18.84,16.02,18.44,down,0.7407407407407418,full_reversal
2026-06-18,17.23,17.6,16.35,16.4,none,0.0,none
2026-06-19,17.04,17.27,16.72,16.78,none,0.0,none
2026-06-22,17.48,17.92,16.49,17.28,up,2.5821596244131495,partial_retrace
2026-06-23,19.67,20.54,18.61,19.49,up,12.528604118993147,partial_retrace
2026-06-24,19.13,20.34,18.04,18.63,down,1.8471010774756214,continuation
2026-06-25,18.11,19.95,17.72,18.89,down,2.791196994095546,full_reversal
2026-06-26,19.7,20.72,18.2,18.41,up,4.287983059820011,full_reversal
2026-06-29,18.6,19.45,17.49,17.65,none,0.0,none
2026-06-30,17.54,17.75,16.27,16.45,down,0.6232294617563694,continuation
2026-07-01,17.11,17.3,15.97,16.59,none,0.0,none
2026-07-02,17.05,17.21,15.79,16.15,none,0.0,none
2026-07-03,15.78,16.01,15.75,15.81,down,2.2910216718266208,partial_retrace
2026-07-06,16.4,16.5,15.56,15.57,up,3.7318153067678494,full_reversal
2026-07-07,15.87,16.64,15.53,16.13,none,0.0,none
2026-07-08,16.55,18.91,16.35,16.9,up,2.603843769373859,continuation
2026-07-09,16.58,17.27,15.76,15.84,none,0.0,none
2026-07-10,16.06,16.16,14.96,15.03,none,0.0,none
2026-07-13,16.32,17.41,16.03,17.16,up,1.6189290161892966,continuation
2026-07-14,17.21,17.56,16.15,16.5,up,0.2913752913753065,full_reversal
2026-07-15,16.2,16.57,15.64,15.67,down,1.8181818181818188,continuation
2026-07-16,15.82,17.23,15.77,16.73,none,0.0,none
2026-07-17,18.01,19.5,17.68,18.77,up,7.650926479378373,continuation
2026-07-20,18.9,18.94,17.41,18.65,up,0.6925945657964894,full_reversal
2026-07-21,17.48,17.99,16.86,17.05,down,6.273458445040204,continuation
2026-07-22,17.42,19.49,16.64,16.64,none,0.0,none
2026-07-23,17.67,20.31,17.32,18.7,up,1.4351320321469574,continuation
2026-07-24,18.96,19.05,17.41,18.58,up,1.3903743315508033,full_reversal
2026-07-27,17.62,19.93,17.53,18.67,down,5.166846071044118,full_reversal
2026-07-28,19.05,19.52,17.88,18.21,up,2.035350830208893,full_reversal
