timestamp,open,high,low,close,volume,vwap,transactions,otc,ticker
2020-11-11 05:00:00,12.16,12.46,11.93,12.1,76448811.0,12.143,225254,,AAL
2020-11-12 05:00:00,12.09,12.23,11.65,11.82,74691876.0,11.9174,222081,,AAL
2020-11-13 05:00:00,11.84,12.55,11.84,12.37,56018825.0,12.0827,154965,,AAL
2020-11-16 05:00:00,12.42,13.08,12.41,12.68,103644354.0,12.7784,269255,,AAL
2020-11-17 05:00:00,12.75,12.81,12.23,12.65,61275418.0,12.5694,162330,,AAL
2020-11-18 05:00:00,12.72,13.36,12.7,12.82,98320932.0,13.0809,243935,,AAL
2020-11-19 05:00:00,12.89,13.04,12.6,12.71,58112793.0,12.7804,158412,,AAL
2020-11-20 05:00:00,12.71,13.0,12.46,12.6,57853286.0,12.6156,157741,,AAL
2020-11-23 05:00:00,12.75,14.0,12.62,13.93,99873299.0,13.1657,250336,,AAL
2020-11-24 05:00:00,13.95,15.19,13.95,15.18,154876764.0,14.6449,387699,,AAL
2020-11-25 05:00:00,15.09,15.15,14.25,14.87,100172270.0,14.7947,259153,,AAL
2020-11-27 05:00:00,14.94,15.56,14.81,14.99,64623442.0,15.2519,164154,,AAL
2020-11-30 05:00:00,14.82,14.99,13.93,14.3,96517930.0,14.342,271631,,AAL
2020-12-01 05:00:00,14.5,14.78,14.23,14.26,75460671.0,14.5273,220232,,AAL
2020-12-02 05:00:00,14.5,15.09,13.85,15.0,74921913.0,14.5594,215440,,AAL
2020-12-03 05:00:00,15.04,16.5,14.86,16.35,168032144.0,16.0558,471842,,AAL
2020-12-04 05:00:00,16.46,16.99,16.12,16.41,116020809.0,16.415,335383,,AAL
2020-12-07 05:00:00,16.31,18.07,16.12,17.34,155479541.0,17.3776,436218,,AAL
2020-12-08 05:00:00,17.34,17.93,17.16,17.93,94971013.0,17.5005,283730,,AAL
2020-12-09 05:00:00,17.94,18.63,16.63,17.2,137518722.0,17.6816,396863,,AAL
2020-12-10 05:00:00,17.3,18.57,16.62,18.5,85518072.0,17.6052,240484,,AAL
2020-12-11 05:00:00,17.97,18.18,16.81,17.03,103796992.0,17.274,317533,,AAL
2020-12-14 02:04:00,17.27,17.88,16.65,16.85,87381771.0,17.1722,253369,,AAL
2020-12-15 02:04:00,17.0,17.1099,16.16,16.94,88382001.0,16.6735,218654,,AAL
2020-12-16 02:04:00,17.1,17.17,16.58,16.85,58224711.0,16.8032,172235,,AAL
2020-12-17 02:04:00,17.0,17.11,16.65,16.72,48411948.0,16.7882,138482,,AAL
2020-12-18 02:04:00,16.64,16.8,16.29,16.74,64895676.0,16.4757,169018,,AAL
2020-12-21 02:04:00,15.81,16.51,15.05,15.93,86109562.0,15.9532,261377,,AAL
2020-12-22 02:04:00,16.1,16.4,15.1,15.13,74428224.0,15.7099,243063,,AAL
2020-12-23 02:04:00,15.38,16.17,15.2,15.93,61500341.0,15.9127,174827,,AAL
2020-12-24 02:04:00,15.96,16.12,15.53,15.66,30571423.0,15.6851,89788,,AAL
2020-12-28 02:04:00,16.22,16.46,15.9,16.18,59580265.0,16.1641,169708,,AAL
2020-12-29 02:04:00,16.3,16.44,15.73,15.76,50856570.0,16.0118,147696,,AAL
2020-12-30 02:04:00,15.86,16.2,15.72,16.15,48645393.0,16.0072,137489,,AAL
2020-12-31 02:04:00,16.14,16.15,15.625,15.84,57220870.0,15.7953,162409,,AAL
2021-01-04 02:04:00,15.93,16.01,15.03,15.07,68622143.0,15.2373,238378,,AAL
2021-01-05 02:04:00,15.13,15.63,14.81,15.44,52650162.0,15.3157,156998,,AAL
2021-01-06 02:04:00,15.45,15.8,15.17,15.52,62344525.0,15.4905,186509,,AAL
2021-01-07 02:04:00,15.33,15.87,15.31,15.43,47173935.0,15.6071,149157,,AAL
2021-01-08 02:04:00,15.43,15.63,15.0,15.13,54847539.0,15.2171,176240,,AAL
2021-01-11 02:04:00,14.95,15.05,14.71,15.01,39900598.0,14.9186,145802,,AAL
2021-01-12 02:04:00,15.0,15.43,14.88,15.38,45042488.0,15.1884,138524,,AAL
2021-01-13 02:04:00,15.38,15.65,15.11,15.61,41725367.0,15.3816,135861,,AAL
2021-01-14 02:04:00,15.53,16.68,15.35,16.63,78947502.0,16.2951,246388,,AAL
2021-01-15 02:04:00,16.55,16.55,15.735,15.8,51507778.0,15.9374,164292,,AAL
2021-01-19 02:04:00,15.9,16.27,15.89,16.03,38600207.0,16.0535,126140,,AAL
2021-01-20 02:04:00,15.95,16.39,15.8408,16.07,41715370.0,16.111,137843,,AAL
2021-01-21 02:04:00,16.07,16.22,15.56,15.78,47541815.0,15.8063,156486,,AAL
2021-01-22 02:04:00,15.78,15.85,15.46,15.78,38027338.0,15.6388,135516,,AAL
2021-01-25 02:04:00,15.77,15.78,15.02,15.36,61125438.0,15.3102,209304,,AAL
2021-01-26 02:04:00,15.32,15.765,15.22,15.55,44022602.0,15.4984,145546,,AAL
2021-01-27 02:04:00,15.57,17.81,15.16,16.58,174871974.0,17.0573,660151,,AAL
2021-01-28 02:04:00,16.75,31.0,16.0,18.94,318451077.0,20.2155,1410341,,AAL
2021-01-29 02:04:00,18.7,21.0,16.75,16.94,111094634.0,17.6752,521223,,AAL
2021-02-01 02:04:00,17.4,18.05,16.33,16.88,48717001.0,16.7721,245398,,AAL
2021-02-02 02:04:00,17.0,17.27,16.55,16.7,38562840.0,16.7757,177777,,AAL
2021-02-03 02:04:00,16.8,17.72,16.49,17.22,60377576.0,17.3408,215486,,AAL
2021-02-04 02:04:00,17.25,17.59,17.11,17.4201,36874875.0,17.4592,156613,,AAL
2021-02-05 02:04:00,17.56,17.67,17.07,17.2,30397099.0,17.3495,124961,,AAL
2021-02-08 02:04:00,17.35,18.09,17.1,17.82,43065428.0,17.7784,170435,,AAL
2021-02-09 02:04:00,17.82,17.95,17.335,17.49,29281179.0,17.4849,126263,,AAL
2021-02-10 02:04:00,17.49,17.72,17.27,17.39,28201085.0,17.4766,108595,,AAL
2021-02-11 02:04:00,17.37,17.55,16.79,17.0,38265951.0,17.0333,137241,,AAL
2021-02-12 02:04:00,17.07,17.49,16.9,17.32,27059841.0,17.224,107405,,AAL
2021-02-16 02:04:00,17.46,17.9,17.43,17.71,33031718.0,17.6975,124160,,AAL
2021-02-17 02:04:00,17.8,18.34,17.48,18.05,35286047.0,17.9683,136327,,AAL
2021-02-18 02:04:00,17.99,18.2,17.45,17.58,25904420.0,17.6856,103479,,AAL
2021-02-19 02:04:00,17.71,18.94,17.63,18.86,47428190.0,18.5361,184382,,AAL
2021-02-22 02:04:00,18.84,21.11,18.62,20.67,98493807.0,20.4702,418367,,AAL
2021-02-23 02:04:00,20.89,21.41,18.74,20.45,77856306.0,20.2837,329284,,AAL
2021-02-24 02:04:00,20.5,22.115,20.45,22.01,72458510.0,21.5801,300596,,AAL
2021-02-25 02:04:00,22.4,22.44,20.0,20.2,63945835.0,21.1102,285154,,AAL
2021-02-26 02:04:00,20.55,21.43,20.07,21.11,41296324.0,20.8669,181237,,AAL
2021-03-01 02:04:00,21.31,22.29,21.05,21.28,44468651.0,21.6315,200607,,AAL
2021-03-02 02:04:00,21.28,21.72,21.01,21.7,27069376.0,21.4341,125184,,AAL
2021-03-03 02:04:00,21.78,22.59,21.62,22.25,48718503.0,22.1909,220307,,AAL
2021-03-04 02:04:00,22.08,22.45,20.41,20.7,60156468.0,21.3579,295815,,AAL
2021-03-05 02:04:00,21.0,21.69,18.94,20.53,62388212.0,20.0576,305584,,AAL
2021-03-08 02:04:00,20.45,21.77,19.62,21.75,39091116.0,21.3016,189011,,AAL
2021-03-09 02:04:00,21.77,21.96,20.66,21.6,38794623.0,21.3247,184685,,AAL
2021-03-10 02:04:00,21.57,22.48,21.37,21.82,43585749.0,21.8279,187188,,AAL
2021-03-11 02:04:00,22.02,22.5,21.765,22.26,36792903.0,22.183,156589,,AAL
2021-03-12 02:04:00,22.13,23.54,21.66,23.42,52487746.0,23.1089,224828,,AAL
2021-03-15 02:04:00,23.5,25.94,23.5,25.0,93160194.0,25.1819,418226,,AAL
2021-03-16 02:04:00,25.17,25.34,24.31,24.64,47303667.0,24.7369,221583,,AAL
2021-03-17 02:04:00,24.55,25.35,23.9,25.31,36558132.0,24.73,190415,,AAL
2021-03-18 02:04:00,25.4,26.09,24.55,24.81,51392551.0,25.3106,268112,,AAL
2021-03-19 02:04:00,24.8,25.15,23.88,24.96,41295505.0,24.4875,218253,,AAL
2021-03-22 02:04:00,24.98,24.98,23.76,23.86,40273936.0,24.0464,213589,,AAL
2021-03-23 02:04:00,23.83,23.83,22.08,22.15,52886026.0,22.6945,272417,,AAL
2021-03-24 02:04:00,22.27,23.18,21.76,21.98,43870839.0,22.5578,227714,,AAL
2021-03-25 02:04:00,21.99,22.93,21.0127,22.93,48871447.0,22.1171,243020,,AAL
2021-03-26 02:04:00,23.0,23.69,22.28,22.91,36077300.0,22.8196,171179,,AAL
2021-03-29 02:04:00,22.85,23.36,22.395,22.86,29750495.0,22.8223,141117,,AAL
2021-03-30 02:04:00,23.03,24.195,22.77,24.18,38716569.0,23.7681,172767,,AAL
2021-03-31 02:04:00,24.1,24.26,23.61,23.95,28394027.0,23.8631,129415,,AAL
2021-04-01 02:04:00,23.9,24.225,23.645,23.85,25344284.0,23.8569,119793,,AAL
2021-04-05 02:04:00,24.02,24.85,23.91,24.23,33162151.0,24.5168,149576,,AAL
2021-04-06 02:04:00,24.25,24.5,23.91,24.12,30356035.0,24.1344,138439,,AAL
2021-04-07 02:04:00,24.11,24.59,23.82,23.99,27234883.0,24.1363,120842,,AAL
2021-04-08 02:04:00,24.0,24.25,22.63,23.68,28004639.0,23.443,126575,,AAL
2021-04-09 02:04:00,23.66,23.87,23.25,23.43,20614487.0,23.4278,97253,,AAL
2021-04-12 01:04:00,23.43,23.7,22.72,22.86,26316432.0,22.891,120267,,AAL
2021-04-13 01:04:00,22.87,23.06,21.66,22.48,44022183.0,22.1576,206024,,AAL
2021-04-14 01:04:00,22.48,23.35,22.2,22.35,33286322.0,22.6719,150894,,AAL
2021-04-15 01:04:00,22.47,22.74,21.695,22.1,32428625.0,22.0408,153887,,AAL
2021-04-16 01:04:00,22.1,22.36,21.87,22.0,24858283.0,22.0318,121934,,AAL
2021-04-19 01:04:00,22.0,22.15,21.16,21.31,26714944.0,21.6413,128325,,AAL
2021-04-20 01:04:00,21.29,21.37,19.96,20.07,47900671.0,20.3264,236612,,AAL
2021-04-21 01:04:00,20.15,22.46,19.64,21.15,48026538.0,20.5931,191719,,AAL
2021-04-22 01:04:00,21.2,21.83,20.04,20.21,71680492.0,20.6625,290607,,AAL
2021-04-23 01:04:00,20.23,21.2,20.14,21.15,46997457.0,20.8527,181195,,AAL
2021-04-26 01:04:00,21.3,22.08,21.17,22.04,43463796.0,21.8506,170540,,AAL
2021-04-27 01:04:00,21.95,22.23,21.6,21.68,26178056.0,21.8062,110075,,AAL
2021-04-28 01:04:00,22.01,22.01,21.43,21.75,22108774.0,21.722,87407,,AAL
2021-04-29 01:04:00,21.8,22.15,21.17,21.17,34081003.0,21.5331,128326,,AAL
2021-04-30 01:04:00,21.29,21.88,20.98,21.74,29970824.0,21.575,114927,,AAL
2021-05-03 01:04:00,21.74,22.01,21.4,21.9,26915079.0,21.7005,111385,,AAL
2021-05-04 01:04:00,21.9,21.989,20.94,21.36,34969018.0,21.193,161774,,AAL
2021-05-05 01:04:00,21.29,21.87,21.19,21.54,27416666.0,21.6098,118678,,AAL
2021-05-06 01:04:00,21.56,21.75,21.16,21.44,24717315.0,21.3617,105256,,AAL
2021-05-07 01:04:00,21.44,22.19,21.2,22.11,31594457.0,21.9144,122657,,AAL
2021-05-10 01:04:00,22.12,22.54,21.8,21.85,31714187.0,22.2061,135204,,AAL
2021-05-11 01:04:00,21.77,21.8,20.91,21.58,36723427.0,21.336,150636,,AAL
2021-05-12 01:04:00,21.56,21.69,20.69,20.93,34065837.0,21.1078,146037,,AAL
2021-05-13 01:04:00,20.65,21.42,20.3,21.22,34770556.0,21.0481,151738,,AAL
2021-05-14 01:04:00,21.22,22.48,21.22,22.46,38403952.0,22.1979,153036,,AAL
2021-05-17 01:04:00,22.35,23.5,22.1,23.4,39432088.0,22.875,173391,,AAL
2021-05-18 01:04:00,23.4,23.94,23.08,23.35,37980855.0,23.6443,164619,,AAL
2021-05-19 01:04:00,23.1,23.27,22.62,22.83,33530465.0,22.9235,157519,,AAL
2021-05-20 01:04:00,22.97,23.21,22.29,22.65,31829088.0,22.5882,128282,,AAL
2021-05-21 01:04:00,22.8,23.035,22.51,22.58,25656945.0,22.8005,101933,,AAL
2021-05-24 01:04:00,22.62,23.05,22.35,23.03,25821690.0,22.8722,102426,,AAL
2021-05-25 01:04:00,23.05,24.17,23.0,23.36,49990315.0,23.642,199961,,AAL
2021-05-26 01:04:00,23.28,23.95,23.2,23.94,29227983.0,23.6706,119286,,AAL
2021-05-27 01:04:00,24.0,24.55,23.59,24.53,35701843.0,24.0544,136890,,AAL
2021-05-28 01:04:00,24.45,24.82,24.13,24.28,30228166.0,24.361,116424,,AAL
2021-06-01 01:04:00,24.5,25.09,24.4,24.52,35943929.0,24.7721,147781,,AAL
2021-06-02 01:04:00,24.6,26.04,24.51,25.86,56831086.0,25.5169,236338,,AAL
2021-06-03 01:04:00,25.8,25.8,24.8199,24.87,35697507.0,25.2638,164758,,AAL
2021-06-04 01:04:00,24.92,25.2,24.255,24.36,28216313.0,24.5353,135095,,AAL
2021-06-07 01:04:00,24.34,24.7712,24.18,24.23,20765996.0,24.3457,104736,,AAL
2021-06-08 01:04:00,24.38,24.5,23.86,24.26,24969904.0,24.2127,113628,,AAL
2021-06-09 01:04:00,24.24,24.51,23.81,24.03,19831528.0,24.0441,92842,,AAL
2021-06-10 01:04:00,23.85,24.27,23.26,23.49,27958683.0,23.6228,130574,,AAL
2021-06-11 01:04:00,23.52,23.74,23.38,23.5999,21979872.0,23.5519,86230,,AAL
2021-06-14 01:04:00,23.6,23.77,22.93,23.0,21269788.0,23.1855,106448,,AAL
2021-06-15 01:04:00,23.0,23.2,22.55,22.7,18188645.0,22.7824,94171,,AAL
2021-06-16 01:04:00,22.7,23.0,22.515,22.74,19771273.0,22.77,93747,,AAL
2021-06-17 01:04:00,22.71,23.13,21.825,22.35,31974910.0,22.3398,146857,,AAL
2021-06-18 01:04:00,22.39,22.53,21.91,22.24,25997832.0,22.2316,112730,,AAL
2021-06-21 01:04:00,22.24,22.545,21.91,22.4,25660124.0,22.2195,104680,,AAL
2021-06-22 01:04:00,22.4,22.54,21.845,22.1,22137082.0,22.0911,92848,,AAL
2021-06-23 01:04:00,22.18,22.335,22.08,22.19,16794602.0,22.2251,69924,,AAL
2021-06-24 01:04:00,22.22,22.5,21.95,22.37,21852072.0,22.232,91005,,AAL
2021-06-25 01:04:00,22.35,22.48,22.07,22.15,17245416.0,22.2322,71552,,AAL
2021-06-28 01:04:00,22.15,22.24,21.14,21.36,47619209.0,21.3615,197619,,AAL
2021-06-29 01:04:00,21.31,21.443,21.01,21.07,28634966.0,21.1759,115348,,AAL
2021-06-30 01:04:00,21.07,21.48,20.94,21.24,25205439.0,21.2441,102717,,AAL
2021-07-01 01:04:00,21.44,21.79,21.3,21.49,21576136.0,21.5273,92490,,AAL
2021-07-02 01:04:00,21.5,21.75,21.11,21.47,20350915.0,21.4062,83943,,AAL
2021-07-06 01:04:00,21.45,21.79,20.86,20.93,23593259.0,21.1685,102362,,AAL
2021-07-07 01:04:00,21.02,21.1,20.1,20.2,30164296.0,20.4601,134244,,AAL
2021-07-08 01:04:00,20.18,20.64,19.56,20.42,27878938.0,20.2126,121440,,AAL
2021-07-09 01:04:00,20.36,21.0,20.35,20.89,21134912.0,20.853,87748,,AAL
2021-07-12 01:04:00,20.85,20.98,20.35,20.84,19838746.0,20.7855,85393,,AAL
2021-07-13 01:04:00,20.84,20.94,19.8,20.35,29751771.0,20.236,121952,,AAL
2021-07-14 01:04:00,20.2,21.57,20.0148,20.71,53997173.0,20.9598,212749,,AAL
2021-07-15 01:04:00,20.62,21.059,20.15,20.4,33514664.0,20.6123,128870,,AAL
2021-07-16 01:04:00,20.5,20.76,19.72,19.79,32542874.0,20.2148,129245,,AAL
2021-07-19 01:04:00,19.59,19.79,18.28,19.15,62284486.0,18.8239,261772,,AAL
2021-07-20 01:04:00,19.4,20.65,18.855,20.57,44833051.0,19.962,175837,,AAL
2021-07-21 01:04:00,20.76,21.55,20.29,21.48,51136136.0,21.246,205652,,AAL
2021-07-22 01:04:00,21.5,21.62,20.59,21.1,38186412.0,21.1443,156630,,AAL
2021-07-23 01:04:00,21.08,21.69,20.88,21.07,28625177.0,21.2821,118557,,AAL
2021-07-26 01:04:00,20.97,22.11,20.56,22.08,30743374.0,21.6943,131940,,AAL
2021-07-27 01:04:00,21.95,22.155,21.11,21.38,29064466.0,21.5122,126728,,AAL
2021-07-28 01:04:00,21.51,21.79,21.225,21.65,19373319.0,21.5337,91719,,AAL
2021-07-29 01:04:00,21.63,21.85,21.05,21.08,18789662.0,21.3987,77489,,AAL
2021-07-30 01:04:00,21.05,21.222,20.24,20.4,28256437.0,20.5491,117723,,AAL
2021-08-02 01:04:00,20.63,20.9,19.99,20.06,26388845.0,20.3727,108973,,AAL
2021-08-03 01:04:00,20.19,20.25,19.31,19.8,35873528.0,19.6263,132586,,AAL
2021-08-04 01:04:00,20.0,20.01,19.345,19.39,30280266.0,19.5598,132490,,AAL
2021-08-05 01:04:00,19.39,21.0,19.39,20.99,41936177.0,20.5136,167905,,AAL
2021-08-06 01:04:00,21.0,21.29,20.52,20.95,27281052.0,20.8792,121446,,AAL
2021-08-09 01:04:00,20.98,20.98,20.0601,20.54,30770903.0,20.3675,119997,,AAL
2021-08-10 01:04:00,20.56,21.4,20.24,20.99,30425736.0,21.0284,115930,,AAL
2021-08-11 01:04:00,20.83,21.49,20.45,21.04,39025590.0,21.0627,140092,,AAL
2021-08-12 01:04:00,21.1,21.32,20.305,20.37,29784713.0,20.5212,118636,,AAL
2021-08-13 01:04:00,20.39,20.55,19.75,19.8,30243975.0,20.0484,121647,,AAL
2021-08-16 01:04:00,19.84,20.02,19.34,19.6,25245315.0,19.7269,111151,,AAL
2021-08-17 01:04:00,19.51,19.6062,19.09,19.27,23179938.0,19.321,104107,,AAL
2021-08-18 01:04:00,19.42,19.66,19.04,19.2,23739821.0,19.3897,104386,,AAL
2021-08-19 01:04:00,18.93,19.195,18.38,18.7,36469371.0,18.6782,149144,,AAL
2021-08-20 01:04:00,18.69,18.86,18.29,18.61,27265183.0,18.4834,115534,,AAL
2021-08-23 01:04:00,18.73,19.32,18.7,19.26,22890345.0,19.0589,93688,,AAL
2021-08-24 01:04:00,19.33,20.02,19.2,19.82,29345787.0,19.7977,116051,,AAL
2021-08-25 01:04:00,19.79,20.24,19.4191,20.13,26130231.0,20.007,104907,,AAL
2021-08-26 01:04:00,20.16,20.44,19.58,19.89,21993969.0,20.0212,89407,,AAL
2021-08-27 01:04:00,19.97,20.43,19.882,20.37,20977259.0,20.2445,82037,,AAL
2021-08-30 01:04:00,20.34,20.39,19.47,19.53,23378795.0,19.6648,110067,,AAL
2021-08-31 01:04:00,19.55,20.02,19.36,19.98,23523030.0,19.796,92096,,AAL
2021-09-01 01:04:00,20.0,20.18,19.531,19.62,20403419.0,19.7559,81347,,AAL
2021-09-02 01:04:00,19.62,19.98,19.4774,19.78,19701398.0,19.7635,75320,,AAL
2021-09-03 01:04:00,19.78,19.9299,19.32,19.4,19731083.0,19.5317,78836,,AAL
2021-09-07 01:04:00,19.59,19.65,19.21,19.53,17524782.0,19.4587,69596,,AAL
2021-09-08 01:04:00,19.45,19.8,19.05,19.13,21493854.0,19.3294,82478,,AAL
2021-09-09 01:04:00,19.1,20.61,18.83,20.32,58934455.0,20.0789,216655,,AAL
2021-09-10 01:04:00,20.38,20.52,18.93,19.04,53299898.0,19.3672,195708,,AAL
2021-09-13 01:04:00,19.07,19.515,18.643,19.3,42235815.0,19.1738,154036,,AAL
2021-09-14 01:04:00,19.44,19.52,19.04,19.17,23234694.0,19.2153,83434,,AAL
2021-09-15 01:04:00,19.23,19.41,18.86,19.37,22390277.0,19.1907,86152,,AAL
2021-09-16 01:04:00,19.34,20.22,19.25,19.88,32574975.0,19.8255,119413,,AAL
2021-09-17 01:04:00,19.83,20.32,19.54,19.7,29517158.0,19.8551,105329,,AAL
2021-09-20 01:04:00,19.37,20.37,19.08,20.27,42586727.0,20.0076,176467,,AAL
2021-09-21 01:04:00,20.44,20.75,19.6701,19.68,33370087.0,20.0409,130422,,AAL
2021-09-22 01:04:00,19.85,20.75,19.76,20.62,38543857.0,20.4062,144135,,AAL
2021-09-23 01:04:00,20.62,21.3,20.51,20.95,50696897.0,21.0534,156784,,AAL
2021-09-24 01:04:00,20.89,21.62,20.66,21.4,38298020.0,21.3296,135195,,AAL
2021-09-27 01:04:00,21.49,22.19,21.4,21.5,32524855.0,21.8196,130855,,AAL
2021-09-28 01:04:00,21.41,21.81,21.2,21.4,25578885.0,21.5019,108640,,AAL
2021-09-29 01:04:00,21.51,21.72,21.0,21.08,19700593.0,21.2954,82371,,AAL
2021-09-30 01:04:00,21.1,21.22,20.37,20.51,23013283.0,20.5869,109896,,AAL
2021-10-01 01:04:00,20.28,21.78,20.19,21.75,35467225.0,21.3622,136270,,AAL
2021-10-04 01:04:00,21.54,22.08,21.29,21.41,27991181.0,21.5656,115833,,AAL
2021-10-05 01:04:00,21.5,21.85,21.25,21.43,22080751.0,21.5121,85578,,AAL
2021-10-06 01:04:00,21.06,21.476,20.31,20.7,36390139.0,20.5286,149518,,AAL
2021-10-07 01:04:00,20.69,20.9,20.08,20.2,28221294.0,20.4111,109122,,AAL
2021-10-08 01:04:00,20.2,20.35,19.88,20.09,21116223.0,20.0538,81389,,AAL
2021-10-11 01:04:00,20.09,20.51,19.8498,20.07,23201098.0,20.1817,88011,,AAL
2021-10-12 01:04:00,20.07,20.45,20.0,20.33,17674068.0,20.2744,74210,,AAL
2021-10-13 01:04:00,20.34,20.5,19.53,19.61,32124802.0,19.7405,136332,,AAL
2021-10-14 01:04:00,19.7,20.0,19.585,19.72,20848412.0,19.7414,82380,,AAL
2021-10-15 01:04:00,19.77,20.33,19.64,20.05,26745566.0,20.093,99103,,AAL
2021-10-18 01:04:00,20.02,20.18,19.74,19.85,19984179.0,19.9246,80558,,AAL
2021-10-19 01:04:00,19.88,20.02,19.5,19.68,25132684.0,19.6267,104794,,AAL
2021-10-20 01:04:00,19.68,19.835,19.22,19.56,30937333.0,19.5589,116998,,AAL
2021-10-21 01:04:00,19.58,20.01,19.35,19.85,28554050.0,19.7988,117806,,AAL
2021-10-22 01:04:00,19.83,19.86,19.03,19.22,35979821.0,19.2678,145825,,AAL
2021-10-25 01:04:00,19.22,19.32,18.9,19.21,27225892.0,19.0597,111690,,AAL
2021-10-26 01:04:00,19.25,19.815,19.21,19.5,30472670.0,19.5141,107756,,AAL
2021-10-27 01:04:00,19.5,19.58,18.97,19.14,21632789.0,19.2145,89678,,AAL
2021-10-28 01:04:00,19.23,19.24,18.85,19.11,26011986.0,19.0946,83085,,AAL
2021-10-29 01:04:00,19.13,19.445,19.005,19.17,20345686.0,19.1476,75912,,AAL
2021-11-01 01:04:00,19.17,19.78,18.8745,19.73,31144833.0,19.4426,127399,,AAL
2021-11-02 01:04:00,19.74,19.95,19.57,19.88,19405012.0,19.7597,80663,,AAL
2021-11-03 01:04:00,19.83,20.7,19.725,20.65,34300145.0,20.4339,131869,,AAL
2021-11-04 01:04:00,20.6,20.9,20.35,20.72,23062367.0,20.5471,96844,,AAL
2021-11-05 01:04:00,20.65,22.06,20.63,21.78,57074314.0,21.6847,221963,,AAL
2021-11-08 01:04:00,21.78,22.48,21.78,22.2,35170521.0,22.1339,142401,,AAL
2021-11-09 01:04:00,22.19,22.3299,21.7,22.15,21432001.0,22.0413,95766,,AAL
2021-11-10 01:04:00,22.07,22.1,21.45,21.65,21601609.0,21.7683,96300,,AAL
2021-11-11 01:04:00,21.54,21.79,21.3,21.42,18148449.0,21.5214,69711,,AAL
2021-11-12 01:04:00,21.45,21.47,20.06,20.31,47313349.0,20.5428,163805,,AAL
2021-11-15 01:04:00,20.25,20.565,20.2,20.28,18933125.0,20.3536,85967,,AAL
2021-11-16 01:04:00,20.31,20.5,19.54,19.87,35051619.0,19.7433,143884,,AAL
2021-11-17 01:04:00,19.89,20.06,19.58,19.82,17324636.0,19.79,75857,,AAL
2021-11-18 01:04:00,19.82,19.99,19.135,19.4,29958593.0,19.3562,116715,,AAL
2021-11-19 01:04:00,19.31,19.54,18.94,19.37,30570248.0,19.1527,135684,,AAL
2021-11-22 01:04:00,19.45,19.76,19.05,19.67,32523344.0,19.4751,128960,,AAL
2021-11-23 01:04:00,19.47,20.1409,19.32,19.49,28346685.0,19.6601,109967,,AAL
2021-11-24 01:04:00,19.5,19.5499,19.07,19.53,20861745.0,19.3484,84198,,AAL
2021-11-26 01:04:00,18.33,18.7,16.9,17.69,83186093.0,17.4991,298999,,AAL
2021-11-29 01:04:00,17.71,18.331,17.42,17.83,42123250.0,17.7698,168747,,AAL
2021-11-30 01:04:00,17.47,17.77,16.92,17.68,48690255.0,17.3039,194903,,AAL
2021-12-01 01:04:00,17.88,18.24,16.2,16.43,80756917.0,16.9667,296718,,AAL
2021-12-02 01:04:00,16.7,17.49,16.15,17.25,57720149.0,17.0036,233064,,AAL
2021-12-03 01:04:00,17.39,17.49,16.34,16.6699,55505358.0,16.7259,213459,,AAL
2021-12-06 01:04:00,16.93,18.54,16.71,18.05,72696381.0,17.963,280664,,AAL
2021-12-07 01:04:00,18.27,18.71,17.72,17.96,48583937.0,18.1776,169405,,AAL
2021-12-07 02:04:00,18.27,18.71,17.72,17.96,48583937.0,18.1776,169405,,AAL
2021-12-08 02:04:00,17.92,18.87,17.62,18.22,44956041.0,18.4364,158800,,AAL
2021-12-09 02:04:00,18.2,18.35,17.8496,18.11,34602363.0,18.0818,118398,,AAL
2021-12-10 02:04:00,18.1,18.27,17.625,18.0,27185179.0,17.8746,106101,,AAL
2021-12-13 02:04:00,18.1,18.14,16.85,17.08,38746859.0,17.1234,158493,,AAL
2021-12-14 02:04:00,17.08,17.5,16.73,16.94,29181040.0,17.1455,128197,,AAL
2021-12-15 02:04:00,16.99,17.09,16.275,17.04,39264971.0,16.6165,178093,,AAL
2021-12-16 02:04:00,17.13,17.41,16.43,16.54,30744706.0,16.7904,135391,,AAL
2021-12-17 02:04:00,16.77,17.3,16.35,16.91,38342911.0,16.931,143756,,AAL
2021-12-20 02:04:00,16.2,17.78,16.05,17.43,42803562.0,17.2099,174201,,AAL
2021-12-21 02:04:00,17.37,18.46,17.35,18.19,46247427.0,18.0867,169060,,AAL
2021-12-22 02:04:00,18.03,18.5,17.91,18.36,28862910.0,18.3158,120077,,AAL
2021-12-23 02:04:00,18.38,18.72,18.15,18.26,31733576.0,18.3233,106762,,AAL
2021-12-27 02:04:00,18.1,18.29,17.545,18.27,27276532.0,17.9951,102599,,AAL
2021-12-28 02:04:00,18.28,18.64,17.92,18.59,27624075.0,18.4501,102921,,AAL
2021-12-29 02:04:00,18.6,18.7,17.99,18.0,21762655.0,18.1553,83494,,AAL
2021-12-30 02:04:00,18.01,18.38,17.95,18.06,27504724.0,18.2037,108007,,AAL
2021-12-31 02:04:00,18.1,18.36,17.93,17.95,20061092.0,18.0545,71426,,AAL
2022-01-03 02:04:00,18.17,19.18,17.96,18.71,41224291.0,18.7837,161825,,AAL
2022-01-04 02:04:00,18.7,19.46,18.69,18.86,28389000.0,19.0919,119013,,AAL
2022-01-05 02:04:00,19.0,19.385,18.51,18.7,33839447.0,18.9247,132913,,AAL
2022-01-06 02:04:00,18.66,19.0599,18.35,18.72,18549772.0,18.6725,91132,,AAL
2022-01-07 02:04:00,18.65,19.59,18.57,19.34,40907509.0,19.2086,157888,,AAL
2022-01-10 02:04:00,19.3,19.4,18.68,18.8,24353775.0,18.8675,117325,,AAL
2022-01-11 02:04:00,19.0,19.25,18.71,19.05,21778117.0,19.0004,97738,,AAL
2022-01-12 02:04:00,19.09,19.255,18.35,18.51,40184505.0,18.6848,151203,,AAL
2022-01-13 02:04:00,18.55,19.7597,18.45,19.32,54621796.0,19.3739,196694,,AAL
2022-01-14 02:04:00,19.24,19.37,18.4,18.55,43181385.0,18.6625,166624,,AAL
2022-01-18 02:04:00,18.45,18.61,17.77,17.85,38156640.0,18.1077,153343,,AAL
2022-01-19 02:04:00,17.71,18.12,17.19,17.26,35310721.0,17.5192,165224,,AAL
2022-01-20 02:04:00,17.45,17.79,16.6829,16.88,53908687.0,17.1079,221326,,AAL
2022-01-21 02:04:00,17.0,17.0,16.09,16.25,51141497.0,16.3956,217627,,AAL
2022-01-24 02:04:00,16.38,16.51,15.38,16.21,58733313.0,15.8553,229163,,AAL
2022-01-25 02:04:00,16.21,16.54,15.89,16.45,41499851.0,16.2861,169404,,AAL
2022-01-26 02:04:00,16.55,16.97,16.135,16.32,38474241.0,16.624,145940,,AAL
2022-01-27 02:04:00,16.15,16.84,15.6226,15.95,42702455.0,16.0481,171950,,AAL
2022-01-28 02:04:00,15.95,15.98,14.905,15.64,50451751.0,15.3312,203588,,AAL
2022-01-31 02:04:00,15.7,16.47,15.4,16.47,33514825.0,16.1014,136083,,AAL
2022-02-01 02:04:00,16.5,16.965,16.36,16.82,29267474.0,16.7579,125028,,AAL
2022-02-02 02:04:00,16.82,17.145,16.49,16.63,37099030.0,16.8595,123363,,AAL
2022-02-03 02:04:00,16.66,17.175,16.545,16.77,29751950.0,16.8173,112120,,AAL
2022-02-04 02:04:00,16.71,16.84,16.04,16.47,37803643.0,16.2895,140621,,AAL
2022-02-07 02:04:00,16.47,17.505,16.39,17.35,51406357.0,17.1708,166329,,AAL
2022-02-08 02:04:00,17.42,18.3,17.21,18.3,45070417.0,17.9588,161474,,AAL
2022-02-09 02:04:00,18.34,18.97,18.33,18.8,41245141.0,18.7248,151232,,AAL
2022-02-10 02:04:00,18.71,19.08,18.28,18.52,35850578.0,18.8102,147466,,AAL
2022-02-11 02:04:00,18.53,18.9771,17.44,17.6,49297466.0,18.0997,179102,,AAL
2022-02-14 02:04:00,17.4,18.305,17.11,17.45,36713938.0,17.7124,146029,,AAL
2022-02-15 02:04:00,17.31,18.905,17.31,18.7799,45520064.0,18.623,166752,,AAL
2022-02-16 02:04:00,18.76,19.11,18.5,18.74,29783339.0,18.8169,114112,,AAL
2022-02-17 02:04:00,18.6,18.82,18.03,18.19,29396139.0,18.3678,112701,,AAL
2022-02-18 02:04:00,18.37,18.5,17.65,17.75,29718558.0,17.9935,130142,,AAL
2022-02-22 02:04:00,17.75,17.95,17.05,17.56,31137764.0,17.58,146881,,AAL
2022-02-23 02:04:00,17.73,17.89,16.55,16.55,34428311.0,17.0065,132657,,AAL
2022-02-24 02:04:00,16.5,17.0,15.48,16.75,56098000.0,16.2685,228930,,AAL
2022-02-25 02:04:00,16.5,17.73,16.5,17.49,43107586.0,17.4088,156828,,AAL
2022-02-28 02:04:00,17.5,17.5,16.55,17.23,49417410.0,17.0045,178624,,AAL
2022-03-01 02:04:00,17.23,17.23,16.08,16.35,49392618.0,16.4096,199515,,AAL
2022-03-02 02:04:00,16.3,16.92,16.28,16.34,42858158.0,16.5271,157098,,AAL
2022-03-03 02:04:00,16.2,16.82,15.3,15.3999,46606418.0,15.91,173193,,AAL
2022-03-04 02:04:00,15.3,15.55,14.42,14.59,74728171.0,14.7277,272217,,AAL
2022-03-07 02:04:00,14.56,14.62,12.6,12.84,87901523.0,13.5451,298928,,AAL
2022-03-08 02:04:00,12.84,14.27,12.4401,13.61,86973294.0,13.4204,281475,,AAL
2022-03-09 02:04:00,13.86,14.75,13.79,14.4699,87528348.0,14.3843,299128,,AAL
2022-03-10 02:04:00,14.22,14.5,13.46,14.2101,54765901.0,14.0778,195725,,AAL
2022-03-11 02:04:00,14.28,14.75,13.9,13.95,45380790.0,14.136,153666,,AAL
2022-03-14 02:04:00,13.96,14.83,13.7,14.34,51964601.0,14.2872,200587,,AAL
2022-03-15 02:04:00,14.34,15.8,13.93,15.68,74199733.0,15.4182,271099,,AAL
2022-03-16 02:04:00,15.75,16.49,15.53,16.43,65405316.0,16.1123,233362,,AAL
2022-03-17 02:04:00,16.46,16.565,15.89,16.38,41029928.0,16.3028,155886,,AAL
2022-03-18 02:04:00,16.42,16.84,16.16,16.73,35211372.0,16.6349,132751,,AAL
2022-03-21 02:04:00,16.65,16.65,15.9,16.09,44602738.0,16.1225,155624,,AAL
2022-03-22 02:04:00,16.1,16.76,15.93,16.52,38155736.0,16.4609,129029,,AAL
2022-03-23 02:04:00,16.49,16.49,16.17,16.26,30387752.0,16.2774,100704,,AAL
2022-03-24 02:04:00,16.2,16.76,16.0,16.72,32853063.0,16.4747,101147,,AAL
2022-03-25 02:04:00,16.8,17.44,16.55,16.99,38416493.0,17.0752,132356,,AAL
2022-03-28 02:04:00,17.15,17.38,16.82,17.22,28654566.0,17.1325,105958,,AAL
2022-03-29 02:04:00,17.22,18.43,17.22,18.06,56474445.0,18.1493,185512,,AAL
2022-03-30 02:04:00,18.0,18.25,17.775,18.1,27557664.0,18.07,93290,,AAL
2022-03-31 02:04:00,18.18,18.47,17.98,18.29,31827864.0,18.3074,105744,,AAL
2022-04-01 02:04:00,18.29,18.44,18.065,18.28,24504172.0,18.2086,94353,,AAL
2022-04-04 02:04:00,18.09,18.37,17.72,18.33,22413439.0,18.1367,91487,,AAL
2022-04-05 02:04:00,18.37,18.57,17.58,17.8,34006716.0,17.8939,124599,,AAL
2022-04-06 01:04:00,17.79,17.96,16.83,17.33,39358234.0,17.292,149866,,AAL
2022-04-07 01:04:00,17.7,17.7,16.37,16.96,41078038.0,16.7655,152570,,AAL
2022-04-08 01:04:00,17.0,17.25,16.55,16.58,21962868.0,16.7579,92292,,AAL
2022-04-11 01:04:00,16.7,17.23,16.31,16.95,24264568.0,17.015,100492,,AAL
2022-04-12 01:04:00,16.95,17.25,16.69,17.1799,30711099.0,16.9891,117755,,AAL
2022-04-13 01:04:00,17.17,19.0,17.17,19.0,88571172.0,18.613,311291,,AAL
2022-04-14 01:04:00,19.0,19.49,18.8,19.0,42300511.0,19.1343,156691,,AAL
2022-04-18 01:04:00,19.22,19.22,18.47,18.72,26321684.0,18.7594,108442,,AAL
2022-04-19 01:04:00,18.79,19.8,18.51,19.5,39770681.0,19.4345,140684,,AAL
2022-04-20 01:04:00,19.64,21.08,19.34,20.77,42360339.0,19.7855,158982,,AAL
2022-04-21 01:04:00,20.78,21.9,19.95,20.1299,82881366.0,20.8365,342757,,AAL
2022-04-22 01:04:00,20.22,21.15,20.065,20.15,40971477.0,20.4909,179035,,AAL
2022-04-25 01:04:00,20.07,20.2,19.48,20.12,36106554.0,19.912,153143,,AAL
2022-04-26 01:04:00,20.11,20.13,18.51,18.75,32423469.0,19.1876,140126,,AAL
2022-04-27 01:04:00,19.0,19.18,18.47,19.14,30393500.0,18.884,131220,,AAL
2022-04-28 01:04:00,19.3,19.5574,18.635,19.24,26999955.0,19.1527,111905,,AAL
2022-04-29 01:04:00,19.24,19.65,18.72,18.87,22323358.0,19.1518,96051,,AAL
2022-05-02 01:04:00,18.9,18.98,18.0337,18.55,31924006.0,18.4295,138400,,AAL
2022-05-03 01:04:00,18.6,19.3442,18.34,19.17,28211992.0,18.9017,119846,,AAL
2022-05-04 01:04:00,19.0,19.64,18.75,19.49,30029410.0,19.1259,125954,,AAL
2022-05-05 01:04:00,19.26,19.62,18.38,18.56,31009823.0,18.8297,127110,,AAL
2022-05-06 01:04:00,18.56,18.72,17.61,17.77,33820386.0,17.9509,142408,,AAL
2022-05-09 01:04:00,17.77,17.77,16.21,16.35,37067403.0,16.8243,163411,,AAL
2022-05-10 01:04:00,16.74,17.0,16.185,16.52,34740222.0,16.5303,149669,,AAL
2022-05-11 01:04:00,16.7,17.085,15.905,15.98,34151376.0,16.422,139747,,AAL
2022-05-12 01:04:00,15.95,16.13,15.09,15.7299,39047651.0,15.5166,166584,,AAL
2022-05-13 01:04:00,15.98,16.6484,15.66,16.55,31036048.0,16.2991,130769,,AAL
2022-05-16 01:04:00,16.4,17.027,16.4,16.87,24472925.0,16.7062,101096,,AAL
2022-05-17 01:04:00,16.88,17.9,16.88,17.85,28151465.0,17.4923,115055,,AAL
2022-05-18 01:04:00,17.92,17.92,16.77,16.78,28399621.0,17.1784,113560,,AAL
2022-05-19 01:04:00,16.78,17.14,16.44,16.88,27696881.0,16.8344,112916,,AAL
2022-05-20 01:04:00,17.05,17.3,15.83,16.3,32382911.0,16.3013,126857,,AAL
2022-05-23 01:04:00,16.72,16.86,16.14,16.59,23714837.0,16.5859,102416,,AAL
2022-05-24 01:04:00,16.78,16.78,15.32,15.68,37596705.0,15.6839,138385,,AAL
2022-05-25 01:04:00,15.58,16.18,15.3,16.14,30682059.0,15.8467,115823,,AAL
2022-05-26 01:04:00,16.32,17.4184,16.1,17.27,33097139.0,17.0816,130793,,AAL
2022-05-27 01:04:00,17.39,18.21,17.27,18.17,26464570.0,17.9391,108559,,AAL
2022-05-31 01:04:00,18.2,18.38,17.51,17.98,29459920.0,17.9302,124266,,AAL
2022-06-01 01:04:00,17.86,18.25,16.98,17.2101,31772608.0,17.3375,127010,,AAL
2022-06-02 01:04:00,17.39,17.55,17.0,17.5,22684542.0,17.3661,104170,,AAL
2022-06-03 01:04:00,17.46,17.63,16.09,16.2,44961294.0,16.3586,177322,,AAL
2022-06-06 01:04:00,16.58,16.58,16.02,16.33,28592865.0,16.3112,111303,,AAL
2022-06-07 01:04:00,16.29,16.73,15.9626,16.64,28300321.0,16.4028,108360,,AAL
2022-06-08 01:04:00,16.6,16.69,16.11,16.18,21763835.0,16.3097,88290,,AAL
2022-06-09 01:04:00,16.19,16.36,15.455,15.48,30584097.0,15.7282,118952,,AAL
2022-06-10 01:04:00,15.75,15.83,14.68,14.74,43983880.0,15.0157,178482,,AAL
2022-06-13 01:04:00,14.7,14.74,13.13,13.38,54198652.0,13.4866,192099,,AAL
2022-06-14 01:04:00,13.42,13.69,12.76,13.01,42582423.0,12.9908,158585,,AAL
2022-06-15 01:04:00,13.02,13.675,13.01,13.54,48694263.0,13.3672,174693,,AAL
2022-06-16 01:04:00,13.17,13.37,11.96,12.15,55591646.0,12.2577,195605,,AAL
2022-06-17 01:04:00,12.25,13.07,11.93,12.89,48987498.0,12.5661,162003,,AAL
2022-06-21 01:04:00,13.3,13.41,12.62,12.96,37696939.0,13.0308,142542,,AAL
2022-06-22 01:04:00,12.92,13.43,12.5,13.0,32640792.0,13.1021,112034,,AAL
2022-06-23 01:04:00,13.06,13.28,12.58,12.92,30487696.0,12.8139,115274,,AAL
2022-06-24 01:04:00,12.99,14.0,12.885,14.0,39520371.0,13.6963,139899,,AAL
2022-06-27 01:04:00,14.0,14.1,13.38,13.59,25188542.0,13.6111,103207,,AAL
2022-06-28 01:04:00,13.6,14.48,13.47,13.51,35535424.0,13.9151,129389,,AAL
2022-06-29 01:04:00,13.45,13.6,12.77,12.93,33383196.0,12.9504,128967,,AAL
2022-06-30 01:04:00,12.91,12.91,12.25,12.72,36250769.0,12.5585,119618,,AAL
2022-07-01 01:04:00,12.64,13.18,12.52,13.06,32899437.0,12.8655,117406,,AAL
2022-07-05 01:04:00,13.19,13.88,12.55,13.81,42534625.0,13.3403,157095,,AAL
2022-07-06 01:04:00,13.88,14.085,13.61,13.9,30002294.0,13.8528,120442,,AAL
2022-07-07 01:04:00,13.9,14.195,13.64,14.07,32325356.0,13.9779,107363,,AAL
2022-07-08 01:04:00,14.01,14.27,13.72,14.05,27341413.0,13.9875,96032,,AAL
2022-07-11 01:04:00,13.78,13.97,13.03,13.42,24512941.0,13.4951,88022,,AAL
2022-07-12 01:04:00,13.37,15.04,13.31,14.85,73431699.0,14.6339,230635,,AAL
2022-07-13 01:04:00,14.85,14.96,13.7,14.22,44401922.0,14.1554,166342,,AAL
2022-07-14 01:04:00,14.19,14.87,14.045,14.32,38680904.0,14.3606,140123,,AAL
2022-07-15 01:04:00,14.34,14.56,14.05,14.48,29374483.0,14.356,106801,,AAL
2022-07-18 01:04:00,14.47,15.16,14.47,14.57,31105821.0,14.8225,108910,,AAL
2022-07-19 01:04:00,14.59,15.31,14.58,15.26,28542481.0,15.087,98524,,AAL
2022-07-20 01:04:00,15.3,15.42,14.71,14.87,38811512.0,15.1935,121692,,AAL
2022-07-21 01:04:00,14.81,15.17,13.81,14.0,63121533.0,14.075,215688,,AAL
2022-07-22 01:04:00,14.05,14.28,13.63,13.69,37199910.0,13.9187,131697,,AAL
2022-07-25 01:04:00,13.69,13.85,13.3031,13.66,27241506.0,13.5923,96663,,AAL
2022-07-26 01:04:00,13.5,13.75,13.35,13.55,23273919.0,13.4961,82819,,AAL
2022-07-27 01:04:00,13.57,14.03,13.35,13.9,35365610.0,13.6856,100253,,AAL
2022-07-28 01:04:00,13.81,14.035,13.29,13.82,35023758.0,13.5847,116731,,AAL
2022-07-29 01:04:00,13.76,13.915,13.49,13.65,24062684.0,13.7352,73339,,AAL
2022-08-01 01:04:00,13.8,14.32,13.515,14.22,31512436.0,14.0215,96772,,AAL
2022-08-02 01:04:00,14.08,14.4,13.899,14.12,26919271.0,14.1493,89813,,AAL
2022-08-03 01:04:00,14.13,14.7,14.05,14.51,27562718.0,14.4599,86800,,AAL
2022-08-04 01:04:00,14.6,14.97,14.51,14.86,26134467.0,14.7533,79189,,AAL
2022-08-05 01:04:00,14.7,14.98,14.59,14.72,18748428.0,14.7892,65831,,AAL
2022-08-08 01:04:00,14.8,15.28,14.75,15.05,23153389.0,15.0573,81785,,AAL
2022-08-09 01:04:00,15.05,15.14,14.38,14.6,22998631.0,14.5399,76382,,AAL
2022-08-10 01:04:00,14.64,15.39,14.51,15.1,31558046.0,15.1863,87731,,AAL
2022-08-11 01:04:00,15.2,15.46,14.9,15.0,31770652.0,15.1024,91317,,AAL
2022-08-12 01:04:00,15.03,15.29,15.03,15.2301,20430038.0,15.1914,60978,,AAL
2022-08-15 01:04:00,15.23,15.55,15.06,15.31,17751495.0,15.3966,65415,,AAL
2022-08-16 01:04:00,15.35,15.71,15.11,15.48,23054127.0,15.4255,80023,,AAL
2022-08-17 01:04:00,15.63,15.63,14.78,14.92,27314332.0,15.0101,86140,,AAL
2022-08-18 01:04:00,14.94,15.1,14.725,14.83,18514126.0,14.8447,62137,,AAL
2022-08-19 01:04:00,14.8,14.8,13.96,14.07,30559248.0,14.1736,101579,,AAL
2022-08-22 01:04:00,14.1,14.1,13.61,13.81,23880791.0,13.7139,75247,,AAL
2022-08-23 01:04:00,13.77,13.925,13.59,13.85,24956475.0,13.7615,74369,,AAL
2022-08-24 01:04:00,13.82,14.05,13.68,14.0,17171794.0,13.9461,50757,,AAL
2022-08-25 01:04:00,14.05,14.46,14.04,14.41,21495305.0,14.3327,68850,,AAL
2022-08-26 01:04:00,14.22,14.54,13.71,13.72,22218547.0,14.0311,71875,,AAL
2022-08-29 01:04:00,13.7,13.73,13.45,13.58,20468463.0,13.5634,66478,,AAL
2022-08-30 01:04:00,13.5,13.77,13.2,13.34,24362098.0,13.3723,80995,,AAL
2022-08-31 01:04:00,13.38,13.53,12.88,12.92,25616037.0,13.1892,80544,,AAL
2022-09-01 01:04:00,12.9,12.9979,12.5,12.97,28882340.0,12.7157,96234,,AAL
2022-09-02 01:04:00,12.9,13.35,12.865,13.03,26265213.0,13.0992,82192,,AAL
2022-09-06 01:04:00,13.23,13.26,12.74,13.19,26895650.0,13.0299,93413,,AAL
2022-09-07 01:04:00,13.02,13.9275,13.0,13.88,31669271.0,13.5872,101575,,AAL
2022-09-08 01:04:00,13.85,14.12,13.56,13.96,25544133.0,13.9058,86950,,AAL
2022-09-09 01:04:00,14.0,14.25,14.0,14.19,21997927.0,14.1659,73639,,AAL
2022-09-12 01:04:00,14.2,14.67,14.2,14.5,26924165.0,14.4888,79937,,AAL
2022-09-13 01:04:00,14.46,14.7,13.63,13.75,30443533.0,13.8292,91554,,AAL
2022-09-14 01:04:00,13.7,14.08,13.27,14.07,29132697.0,13.738,77799,,AAL
2022-09-15 01:04:00,14.03,14.555,13.9,14.14,27441232.0,14.3551,98909,,AAL
2022-09-16 01:04:00,14.0,14.12,13.62,13.78,24460338.0,13.8059,83283,,AAL
2022-09-19 01:04:00,13.63,14.2999,13.5,14.2,24005641.0,14.1758,79132,,AAL
2022-09-20 01:04:00,14.18,14.33,13.69,13.96,30143534.0,13.9918,86285,,AAL
2022-09-21 01:04:00,13.9,14.01,13.15,13.22,40079314.0,13.5152,114887,,AAL
2022-09-22 01:04:00,13.29,13.39,12.52,12.72,42923582.0,12.7464,125981,,AAL
2022-09-23 01:04:00,12.63,12.72,11.86,12.24,53150708.0,12.0994,142010,,AAL
2022-09-26 01:04:00,12.21,12.425,11.85,11.91,36278091.0,12.0815,110138,,AAL
2022-09-27 01:04:00,11.98,12.51,11.91,12.3,42138336.0,12.1897,119230,,AAL
2022-09-28 01:04:00,12.15,12.8,11.98,12.7,31901866.0,12.6123,94732,,AAL
2022-09-29 01:04:00,12.55,12.65,12.09,12.28,32417381.0,12.2338,92877,,AAL
2022-09-30 01:04:00,12.38,12.45,12.01,12.12,29078791.0,12.2032,83602,,AAL
2022-10-03 01:04:00,12.05,12.23,11.6514,11.97,39577014.0,11.9946,115943,,AAL
2022-10-04 01:04:00,12.28,13.05,12.0,12.95,45860198.0,12.8487,140317,,AAL
2022-10-05 01:04:00,12.8,12.96,12.43,12.9,27350772.0,12.6933,88832,,AAL
2022-10-06 01:04:00,12.87,13.0,12.4,12.68,30977017.0,12.702,87285,,AAL
2022-10-07 01:04:00,12.67,12.81,11.945,12.14,35763579.0,12.1591,111508,,AAL
2022-10-10 01:04:00,12.25,12.32,11.86,12.07,29088073.0,12.0532,88212,,AAL
2022-10-11 01:04:00,12.0,12.855,11.79,12.26,63115489.0,12.2551,165859,,AAL
2022-10-12 01:04:00,12.3,12.83,11.975,12.8,39283077.0,12.5847,122098,,AAL
2022-10-13 01:04:00,12.77,13.195,12.18,13.04,52146823.0,12.8763,171005,,AAL
2022-10-14 01:04:00,13.01,13.5801,12.87,13.07,33712685.0,13.2184,108230,,AAL
2022-10-17 01:04:00,13.18,13.585,12.92,13.28,39267483.0,13.1762,103087,,AAL
2022-10-18 01:04:00,13.35,14.3,13.24,14.2,37679832.0,13.6832,120057,,AAL
2022-10-19 01:04:00,14.09,14.28,13.72,14.11,54187228.0,14.0727,152552,,AAL
2022-10-20 01:04:00,13.77,14.49,13.11,13.41,57334473.0,13.6782,179611,,AAL
2022-10-21 01:04:00,13.31,13.865,13.18,13.74,35977649.0,13.6532,107999,,AAL
2022-10-24 01:04:00,13.67,14.12,13.5,14.09,31507552.0,13.9122,101721,,AAL
2022-10-25 01:04:00,14.08,14.37,13.93,14.0,26739739.0,14.2245,79886,,AAL
2022-10-26 01:04:00,14.0,14.44,13.96,14.01,27449978.0,14.189,84744,,AAL
2022-10-27 01:04:00,14.08,14.4799,13.8,13.96,24287814.0,14.1643,80771,,AAL
2022-10-28 01:04:00,13.83,14.1,13.785,14.01,25457014.0,13.9635,79320,,AAL
2022-10-31 01:04:00,13.98,14.32,13.81,14.18,25162955.0,14.1537,74569,,AAL
2022-11-01 01:04:00,14.24,14.535,14.09,14.13,24245442.0,14.2434,77776,,AAL
2022-11-02 01:04:00,14.11,14.27,13.48,13.57,33318239.0,13.9158,98617,,AAL
2022-11-03 01:04:00,13.38,13.87,13.2,13.76,23581991.0,13.6368,79853,,AAL
2022-11-04 01:04:00,13.73,14.3988,13.7,14.15,27084476.0,14.1065,85613,,AAL
2022-11-07 01:04:00,13.84,14.385,13.84,14.36,23434265.0,14.1099,63554,,AAL
2022-11-08 01:04:00,14.31,14.45,14.08,14.2,24837441.0,14.2796,71604,,AAL
2022-11-09 01:04:00,14.14,14.3381,13.95,14.01,20442019.0,14.1455,63802,,AAL
2022-11-10 01:04:00,14.06,14.99,13.96,14.97,34367987.0,14.7739,106289,,AAL
2022-11-11 01:04:00,14.97,15.23,14.72,14.89,23281343.0,14.9169,82613,,AAL
2022-11-14 01:04:00,14.8,15.03,14.55,14.74,25608607.0,14.8631,70538,,AAL
2022-11-15 01:04:00,14.92,15.18,14.52,14.52,28394256.0,14.8417,92670,,AAL
2022-11-16 01:04:00,14.59,14.66,14.01,14.12,27610786.0,14.1236,88177,,AAL
2022-11-17 01:04:00,14.15,14.2,13.68,13.97,23313339.0,13.8897,67569,,AAL
2022-11-18 01:04:00,13.97,14.575,13.92,14.01,24936242.0,14.1765,73811,,AAL
2022-11-21 01:04:00,14.07,14.27,13.8,13.87,25003814.0,13.9753,68546,,AAL
2022-11-22 01:04:00,13.86,14.03,13.36,13.98,25668896.0,13.7892,78328,,AAL
2022-11-23 01:04:00,14.08,14.43,13.88,14.4299,22994105.0,14.2093,69621,,AAL
2022-11-25 01:04:00,14.4,14.7,14.35,14.49,9572985.0,14.5743,31601,,AAL
2022-11-28 01:04:00,14.41,14.47,13.82,13.91,20457648.0,14.0847,61177,,AAL
2022-11-29 01:04:00,13.81,14.16,13.81,14.12,16212770.0,14.0122,50738,,AAL
2022-11-30 01:04:00,14.16,14.45,13.93,14.45,19905501.0,14.1805,58665,,AAL
2022-12-01 01:04:00,14.42,14.5693,13.9,13.9,25291921.0,14.1006,79467,,AAL
2022-12-02 01:04:00,14.0,14.01,13.6736,13.93,22750914.0,13.8419,71325,,AAL
2022-12-02 02:04:00,14.0,14.01,13.6736,13.93,22750914.0,13.8419,71325,,AAL
2022-12-05 02:04:00,13.98,14.335,13.82,14.11,26189538.0,14.0905,77175,,AAL
2022-12-06 02:04:00,14.11,14.34,14.0,14.29,19823089.0,14.152,61511,,AAL
2022-12-07 02:04:00,14.3,14.31,13.5,13.51,26949738.0,13.7494,88062,,AAL
2022-12-08 02:04:00,13.61,13.8,13.38,13.66,24500964.0,13.6042,74186,,AAL
2022-12-09 02:04:00,13.68,13.75,13.42,13.53,16620798.0,13.5421,53633,,AAL
2022-12-12 02:04:00,13.55,14.21,13.45,14.11,22169922.0,13.8997,75042,,AAL
2022-12-13 02:04:00,14.19,14.76,13.29,13.47,49990515.0,13.7171,162864,,AAL
2022-12-14 02:04:00,13.5,13.79,13.24,13.43,32934458.0,13.423,105348,,AAL
2022-12-15 02:04:00,13.23,13.4,12.8,12.91,24717256.0,12.9754,90409,,AAL
2022-12-16 02:04:00,12.91,13.1,12.59,12.8,22101128.0,12.7896,76428,,AAL
2022-12-19 02:04:00,12.82,12.93,12.38,12.38,20902081.0,12.622,72386,,AAL
2022-12-20 02:04:00,12.46,12.66,12.29,12.66,19467037.0,12.485,62716,,AAL
2022-12-21 02:04:00,12.1,13.22,12.1,13.07,28564165.0,13.0305,91438,,AAL
2022-12-22 02:04:00,13.15,13.15,12.23,12.42,24385760.0,12.497,79430,,AAL
2022-12-23 02:04:00,12.54,12.73,12.3298,12.65,16794283.0,12.5535,54466,,AAL
2022-12-27 02:04:00,12.72,12.9,12.395,12.51,18110917.0,12.598,65238,,AAL
2022-12-28 02:04:00,12.51,12.68,12.25,12.33,19856727.0,12.3783,60413,,AAL
2022-12-29 02:04:00,12.43,12.71,12.295,12.67,18554611.0,12.562,63420,,AAL
2022-12-30 02:04:00,12.59,12.825,12.53,12.74,18188209.0,12.6719,57230,,AAL
2023-01-03 02:04:00,12.8,13.0,12.525,12.74,20784460.0,12.7118,75958,,AAL
2023-01-04 02:04:00,12.8,13.61,12.73,13.51,31759684.0,13.3839,105212,,AAL
2023-01-05 02:04:00,13.5,14.01,13.4,13.95,25933802.0,13.849,92890,,AAL
2023-01-06 02:04:00,13.86,14.25,13.8,14.11,27487342.0,14.1226,92553,,AAL
2023-01-09 02:04:00,14.16,14.79,14.16,14.6,30033519.0,14.6429,104931,,AAL
2023-01-10 02:04:00,14.59,15.24,14.42,15.21,29690219.0,14.9604,92609,,AAL
2023-01-11 02:04:00,15.25,15.5,14.9,15.22,27268123.0,15.3198,93378,,AAL
2023-01-12 02:04:00,15.18,17.0,15.05,16.99,94944284.0,16.4267,256837,,AAL
2023-01-13 02:04:00,16.91,17.1,16.0101,17.0,47283627.0,16.7804,158323,,AAL
2023-01-17 02:04:00,16.51,17.63,16.51,17.27,30887286.0,17.0072,106032,,AAL
2023-01-18 02:04:00,16.18,17.64,16.18,16.51,40507554.0,16.9788,132123,,AAL
2023-01-19 02:04:00,16.58,16.58,16.01,16.45,31549510.0,16.2511,113055,,AAL
2023-01-20 02:04:00,16.45,16.535,16.14,16.34,21594374.0,16.3644,79856,,AAL
2023-01-23 02:04:00,16.44,16.5585,16.12,16.16,22288094.0,16.2854,77299,,AAL
2023-01-24 02:04:00,16.18,16.43,15.91,15.98,21150040.0,16.1767,73474,,AAL
2023-01-25 02:04:00,16.08,16.55,15.75,16.53,33027788.0,16.2415,109979,,AAL
2023-01-26 02:04:00,16.31,17.21,15.73,16.43,46299516.0,16.3304,174028,,AAL
2023-01-27 02:04:00,16.52,16.81,16.25,16.4,25379814.0,16.5321,84195,,AAL
2023-01-30 02:04:00,16.4,16.6,15.9101,15.97,22735479.0,16.1556,82946,,AAL
2023-01-31 02:04:00,15.98,16.24,15.86,16.08,18643072.0,16.0751,65095,,AAL
2023-02-01 02:04:00,16.06,16.75,15.92,16.67,25440408.0,16.3464,92463,,AAL
2023-02-02 02:04:00,16.95,17.3199,16.5215,16.9,29351648.0,17.029,121466,,AAL
2023-02-03 02:04:00,17.0,17.22,16.82,17.03,19974829.0,17.0013,74009,,AAL
2023-02-06 02:04:00,16.9,17.09,16.79,16.95,17570990.0,16.9382,67778,,AAL
2023-02-07 02:04:00,17.0,17.06,16.54,16.98,18443194.0,16.8639,62319,,AAL
2023-02-08 02:04:00,17.05,17.44,16.8,17.0,19590834.0,17.0602,70500,,AAL
2023-02-09 02:04:00,17.35,17.35,16.5949,16.7,15726090.0,16.9261,62918,,AAL
2023-02-10 02:04:00,16.55,16.75,16.14,16.26,13636044.0,16.2975,54439,,AAL
2023-02-13 02:04:00,16.35,16.6,16.21,16.51,12709772.0,16.4607,46186,,AAL
2023-02-14 02:04:00,16.51,16.85,16.33,16.71,16749045.0,16.654,65952,,AAL
2023-02-15 02:04:00,16.73,16.84,16.58,16.8,11889808.0,16.73,47529,,AAL
2023-02-16 02:04:00,16.75,16.8,16.31,16.33,14383729.0,16.5271,52645,,AAL
2023-02-17 02:04:00,16.3,16.56,16.15,16.35,21215679.0,16.3988,61110,,AAL
2023-02-21 02:04:00,16.21,16.29,15.52,15.73,23063877.0,15.7853,78332,,AAL
2023-02-22 02:04:00,15.64,15.82,15.415,15.59,21224859.0,15.568,73604,,AAL
2023-02-23 02:04:00,15.64,16.17,15.5,15.9099,24843505.0,15.818,87133,,AAL
2023-02-24 02:04:00,15.87,15.87,15.36,15.56,19788663.0,15.4998,75430,,AAL
2023-02-27 02:04:00,15.57,15.8299,15.52,15.67,14897600.0,15.6842,63306,,AAL
2023-02-28 02:04:00,15.6,16.05,15.53,15.87,14637115.0,15.8812,53551,,AAL
2023-03-01 02:04:00,15.99,16.09,15.75,16.06,11121375.0,15.9407,58561,,AAL
2023-03-02 02:04:00,15.97,16.15,15.73,16.06,11314925.0,15.9296,45636,,AAL
2023-03-03 02:04:00,16.12,16.55,16.0,16.37,13625619.0,16.3764,58260,,AAL
2023-03-06 02:04:00,16.35,16.55,16.05,16.14,12479939.0,16.3017,50909,,AAL
2023-03-07 02:04:00,16.3,16.66,16.07,16.4199,17418604.0,16.4226,77740,,AAL
2023-03-08 02:04:00,16.38,16.62,16.2701,16.59,10855900.0,16.4618,47926,,AAL
2023-03-09 02:04:00,16.6,16.8,15.8,15.81,17622820.0,16.2869,70124,,AAL
2023-03-10 02:04:00,15.88,16.1,15.11,15.48,25364075.0,15.5493,117815,,AAL
2023-03-13 02:04:00,15.49,15.83,14.4,14.65,31520388.0,14.9598,138497,,AAL
2023-03-14 02:04:00,14.7,15.32,14.485,14.61,34286057.0,14.8873,126506,,AAL
2023-03-15 02:04:00,14.7,14.71,13.51,13.93,39563399.0,13.8527,166710,,AAL
2023-03-16 02:04:00,13.89,14.23,13.625,14.06,23238843.0,14.015,88710,,AAL
2023-03-17 02:04:00,14.15,14.52,13.67,13.97,27144816.0,13.8731,103108,,AAL
2023-03-20 02:04:00,13.95,14.21,13.52,13.96,25715689.0,14.0444,95990,,AAL
2023-03-21 02:04:00,14.07,14.54,13.96,14.35,16625589.0,14.3897,75630,,AAL
2023-03-22 02:04:00,14.33,14.425,13.79,13.92,20375909.0,14.1038,73244,,AAL
2023-03-23 02:04:00,14.05,14.18,13.47,13.67,24315194.0,13.8103,94540,,AAL
2023-03-24 02:04:00,13.73,13.79,13.36,13.76,19196709.0,13.5439,78032,,AAL
2023-03-27 02:04:00,13.76,14.055,13.71,13.95,16014365.0,13.8714,68590,,AAL
2023-03-28 02:04:00,13.94,14.0793,13.82,14.02,10719707.0,13.9622,43923,,AAL
2023-03-29 02:04:00,14.06,14.39,14.04,14.28,14490539.0,14.2761,58005,,AAL
2023-03-30 02:04:00,14.4,14.7,14.35,14.46,12774947.0,14.5392,56765,,AAL
2023-03-31 02:04:00,14.45,14.76,14.42,14.73,11451552.0,14.6776,53117,,AAL
2023-04-03 01:04:00,14.85,14.85,14.28,14.37,13620127.0,14.4163,58200,,AAL
2023-04-04 01:04:00,14.37,14.55,14.015,14.19,15137575.0,14.1951,67039,,AAL
2023-04-05 01:04:00,14.18,14.18,13.7,13.87,18578446.0,13.8796,74733,,AAL
2023-04-06 01:04:00,13.9,14.18,13.8215,13.98,12898305.0,14.0143,55278,,AAL
2023-04-10 01:04:00,14.06,14.2,13.91,14.18,17981805.0,14.1042,69084,,AAL
2023-04-11 01:04:00,14.1,14.51,14.08,14.34,16816038.0,14.339,68884,,AAL
2023-04-12 01:04:00,14.29,14.4485,12.91,13.02,94603966.0,13.1509,339261,,AAL
2023-04-13 01:04:00,13.1,13.49,12.765,12.94,46187923.0,12.9728,147241,,AAL
2023-04-14 01:04:00,12.99,13.1,12.73,12.83,26581001.0,12.86,100953,,AAL
2023-04-17 01:04:00,12.9,13.17,12.78,13.1,24833932.0,13.0618,78680,,AAL
2023-04-18 01:04:00,13.14,13.35,12.97,13.23,23761754.0,13.1726,80479,,AAL
2023-04-19 01:04:00,13.23,13.68,13.1,13.53,30196793.0,13.4664,95594,,AAL
2023-04-20 01:04:00,13.5,13.7,13.2999,13.3,23022981.0,13.4726,75375,,AAL
2023-04-21 01:04:00,13.34,13.4175,13.16,13.35,15712672.0,13.3075,60297,,AAL
2023-04-24 01:04:00,13.29,13.56,13.05,13.27,24314764.0,13.2748,76343,,AAL
2023-04-25 01:04:00,13.24,13.3,12.81,12.9099,32204740.0,12.9255,104794,,AAL
2023-04-26 01:04:00,12.92,13.08,12.65,12.84,31926636.0,12.786,104440,,AAL
2023-04-27 01:04:00,12.83,13.4,12.6,12.87,45553145.0,13.0017,161288,,AAL
2023-04-28 01:04:00,12.88,13.7,12.85,13.59,43361552.0,13.4503,131560,,AAL
2023-05-01 01:04:00,13.59,14.03,13.52,13.85,26927590.0,13.8641,90937,,AAL
2023-05-02 01:04:00,13.8,13.89,13.52,13.76,20371929.0,13.7069,74787,,AAL
2023-05-03 01:04:00,13.77,14.0381,13.62,13.72,19828405.0,13.8359,77392,,AAL
2023-05-04 01:04:00,13.76,13.8893,13.35,13.55,21640223.0,13.5025,80256,,AAL
2023-05-05 01:04:00,13.46,13.95,13.38,13.85,19516037.0,13.8428,68905,,AAL
2023-05-08 01:04:00,13.98,14.655,13.98,14.39,33579358.0,14.4462,109171,,AAL
2023-05-09 01:04:00,14.36,14.56,14.21,14.5,18849881.0,14.4485,68143,,AAL
2023-05-10 01:04:00,14.44,14.75,14.05,14.3,20695983.0,14.2826,73561,,AAL
2023-05-11 01:04:00,14.34,14.44,14.0246,14.08,15924759.0,14.1121,58923,,AAL
2023-05-12 01:04:00,14.1,14.195,13.87,14.03,16208559.0,13.9839,61507,,AAL
2023-05-15 01:04:00,13.95,14.315,13.92,14.25,14012630.0,14.1913,51290,,AAL
2023-05-16 01:04:00,14.36,14.45,13.965,14.21,18699967.0,14.2285,55830,,AAL
2023-05-17 01:04:00,14.22,15.01,14.21,14.91,33545999.0,14.7912,110951,,AAL
2023-05-18 01:04:00,14.95,15.075,14.8,15.07,20786723.0,14.9608,74268,,AAL
2023-05-19 01:04:00,15.05,15.12,14.625,14.8,16935557.0,14.8136,59277,,AAL
2023-05-22 01:04:00,14.77,14.98,14.1,14.46,27306388.0,14.3701,107124,,AAL
2023-05-23 01:04:00,14.37,14.635,14.01,14.11,27528465.0,14.3323,93991,,AAL
2023-05-24 01:04:00,14.12,14.17,13.55,13.85,29469181.0,13.707,103480,,AAL
2023-05-25 01:04:00,13.88,14.39,13.77,14.29,27590766.0,14.1854,102565,,AAL
2023-05-26 01:04:00,14.36,14.54,14.28,14.34,16435168.0,14.3956,61200,,AAL
2023-05-30 01:04:00,14.48,14.75,14.35,14.64,19397206.0,14.5969,77661,,AAL
2023-05-31 01:04:00,14.54,15.105,14.485,14.8,29559482.0,14.7493,106586,,AAL
2023-06-01 01:04:00,14.91,14.93,14.61,14.71,19793773.0,14.7506,65240,,AAL
2023-06-02 01:04:00,14.79,15.07,14.64,14.85,29717981.0,14.9157,88027,,AAL
2023-06-05 01:04:00,14.85,14.92,14.68,14.8,13990886.0,14.783,60124,,AAL
2023-06-06 01:04:00,14.66,15.02,14.66,14.94,15156947.0,14.9129,54576,,AAL
2023-06-07 01:04:00,14.93,15.27,14.9,15.19,18491046.0,15.1095,69748,,AAL
2023-06-08 01:04:00,15.11,15.6,15.09,15.2801,20675036.0,15.3797,77405,,AAL
2023-06-09 01:04:00,15.3,15.67,15.15,15.61,19686724.0,15.55,78579,,AAL
2023-06-12 01:04:00,15.6,16.37,15.54,16.0201,27094569.0,16.087,106266,,AAL
2023-06-13 01:04:00,16.02,16.35,16.02,16.34,19478086.0,16.2538,75062,,AAL
2023-06-14 01:04:00,16.37,16.7,16.315,16.63,21490103.0,16.5382,83402,,AAL
2023-06-15 01:04:00,16.59,16.65,16.32,16.63,15792550.0,16.563,64051,,AAL
2023-06-16 01:04:00,16.65,16.78,16.43,16.44,20205884.0,16.5606,72177,,AAL
2023-06-20 01:04:00,16.47,16.47,16.155,16.35,15915054.0,16.2831,58810,,AAL
2023-06-21 01:04:00,16.34,16.38,16.0,16.28,17272328.0,16.213,67117,,AAL
2023-06-22 01:04:00,16.21,16.39,16.07,16.36,11507022.0,16.2805,52939,,AAL
2023-06-23 01:04:00,16.11,16.325,15.92,16.15,19026703.0,16.1564,64184,,AAL
2023-06-26 01:04:00,16.16,16.49,16.11,16.44,18967532.0,16.3096,63045,,AAL
2023-06-27 01:04:00,16.45,17.48,16.27,17.37,39791284.0,17.1891,127620,,AAL
2023-06-28 01:04:00,17.32,17.58,17.12,17.58,25044686.0,17.465,79395,,AAL
2023-06-29 01:04:00,17.55,17.98,17.5,17.58,18360802.0,17.714,72286,,AAL
2023-06-30 01:04:00,17.65,17.99,17.51,17.92,17195502.0,17.8456,63884,,AAL
2023-07-03 01:04:00,17.94,18.18,17.8,18.1,12534155.0,18.0657,41319,,AAL
2023-07-05 01:04:00,18.12,18.42,17.89,18.25,18628686.0,18.2666,65644,,AAL
2023-07-06 01:04:00,18.21,18.21,17.67,17.84,24282754.0,17.8649,78958,,AAL
2023-07-07 01:04:00,17.8,18.55,17.71,18.4,19203320.0,18.3303,76576,,AAL
2023-07-10 01:04:00,18.38,18.72,18.26,18.59,20609310.0,18.5868,77429,,AAL
2023-07-11 01:04:00,18.57,18.87,18.44,18.8499,22381521.0,18.6941,77391,,AAL
2023-07-12 01:04:00,18.84,19.07,18.49,18.63,22460470.0,18.6679,91930,,AAL
2023-07-13 01:04:00,18.69,19.2,18.2419,18.45,29032558.0,18.5394,100930,,AAL
2023-07-14 01:04:00,18.42,18.58,17.96,18.13,22106268.0,18.1768,84990,,AAL
2023-07-17 01:04:00,18.05,18.38,17.93,18.17,14092854.0,18.2282,58047,,AAL
2023-07-18 01:04:00,18.18,18.72,18.1104,18.69,15971107.0,18.5523,62125,,AAL
2023-07-19 01:04:00,18.68,19.0,18.44,19.0,19634124.0,18.5799,80915,,AAL
2023-07-20 01:04:00,18.99,19.2,17.28,17.41,51839205.0,17.6153,204370,,AAL
2023-07-21 01:04:00,17.45,17.67,17.1,17.4,27415871.0,17.3815,102541,,AAL
2023-07-24 01:04:00,17.55,17.55,16.85,16.85,27703168.0,16.9796,104316,,AAL
2023-07-25 01:04:00,16.92,16.99,16.19,16.59,38183847.0,16.5546,132242,,AAL
2023-07-26 01:04:00,16.6,16.895,16.5121,16.65,20762578.0,16.6817,77050,,AAL
2023-07-27 01:04:00,16.69,16.87,16.3,16.55,23106369.0,16.536,87165,,AAL
2023-07-28 01:04:00,16.56,16.86,16.46,16.76,17689011.0,16.7134,69478,,AAL
2023-07-31 01:04:00,16.78,16.9,16.59,16.72,19679427.0,16.6884,72641,,AAL
2023-08-01 01:04:00,16.75,16.75,15.94,16.16,30322018.0,16.1636,108057,,AAL
2023-08-02 01:04:00,16.04,16.11,15.775,16.0,28791840.0,15.9389,88481,,AAL
2023-08-03 01:04:00,16.0,16.04,15.7,16.01,39352249.0,15.8467,104787,,AAL
2023-08-04 01:04:00,16.06,16.185,15.78,15.84,22929591.0,15.9221,74147,,AAL
2023-08-07 01:04:00,15.81,16.0099,15.61,16.0,21424912.0,15.8718,71470,,AAL
2023-08-08 01:04:00,15.96,16.22,15.76,16.19,24198930.0,15.9979,84017,,AAL
2023-08-09 01:04:00,16.26,16.4,15.7,15.81,18113470.0,15.9115,65067,,AAL
2023-08-10 01:04:00,15.81,16.02,15.65,15.8,18297442.0,15.7796,70702,,AAL
2023-08-11 01:04:00,15.81,15.81,15.56,15.65,15582105.0,15.6449,55398,,AAL
2023-08-14 01:04:00,15.65,15.9,15.46,15.89,22633936.0,15.7092,68459,,AAL
2023-08-15 01:04:00,15.72,15.81,15.51,15.55,19392100.0,15.5962,64191,,AAL
2023-08-16 01:04:00,15.55,15.835,15.37,15.42,19496408.0,15.5551,66109,,AAL
2023-08-17 01:04:00,15.42,15.55,15.0,15.0,21396604.0,15.1355,79180,,AAL
2023-08-18 01:04:00,15.0,15.145,14.8,15.02,19908102.0,15.0336,65964,,AAL
2023-08-21 01:04:00,15.02,15.2,14.95,15.16,23045485.0,15.0484,69700,,AAL
2023-08-22 01:04:00,15.2,15.325,14.815,14.85,22498607.0,14.9033,69547,,AAL
2023-08-23 01:04:00,14.83,14.92,14.57,14.82,17639625.0,14.7951,63549,,AAL
2023-08-24 01:04:00,14.78,14.88,14.46,14.5701,22560688.0,14.6224,74692,,AAL
2023-08-25 01:04:00,14.57,14.71,14.42,14.62,14894050.0,14.5752,57574,,AAL
2023-08-28 01:04:00,14.58,14.825,14.56,14.77,18636683.0,14.6789,60151,,AAL
2023-08-29 01:04:00,14.72,14.99,14.65,14.9,20365326.0,14.9025,64459,,AAL
2023-08-30 01:04:00,14.9,14.96,14.76,14.79,19345909.0,14.8482,55567,,AAL
2023-08-31 01:04:00,14.83,14.915,14.68,14.73,13013578.0,14.7695,47797,,AAL
2023-09-01 01:04:00,14.77,14.88,14.59,14.69,13766258.0,14.676,51272,,AAL
2023-09-05 01:04:00,14.58,14.66,14.115,14.3,24331000.0,14.295,96396,,AAL
2023-09-06 01:04:00,14.45,14.75,14.1,14.35,24535180.0,14.4338,99952,,AAL
2023-09-07 01:04:00,14.2,14.42,13.92,14.06,22019760.0,14.0153,83165,,AAL
2023-09-08 01:04:00,14.0,14.13,13.91,13.99,15877446.0,13.9996,57309,,AAL
2023-09-11 01:04:00,14.04,14.185,13.935,14.14,19992934.0,14.0702,72870,,AAL
2023-09-12 01:04:00,14.09,14.29,14.03,14.13,20026912.0,14.1632,60904,,AAL
2023-09-13 01:04:00,14.13,14.2,13.2,13.29,56712932.0,13.4487,165196,,AAL
2023-09-14 01:04:00,13.44,13.5,13.15,13.26,30245504.0,13.2553,99487,,AAL
2023-09-15 01:04:00,13.29,13.45,13.21,13.3,22053255.0,13.3192,70338,,AAL
2023-09-18 01:04:00,13.31,13.38,13.08,13.1,20917551.0,13.1497,65709,,AAL
2023-09-19 01:04:00,13.11,13.3499,13.0528,13.21,24114055.0,13.2101,65500,,AAL
2023-09-20 01:04:00,13.25,13.47,13.045,13.0606,26925995.0,13.2518,77262,,AAL
2023-09-21 01:04:00,13.09,13.27,12.87,13.1,24188843.0,13.1309,82255,,AAL
2023-09-22 01:04:00,13.12,13.18,12.86,12.94,23742425.0,12.9713,67692,,AAL
2023-09-25 01:04:00,12.97,12.98,12.71,12.93,22813911.0,12.8605,71068,,AAL
2023-09-26 01:04:00,12.89,13.04,12.69,12.75,24297243.0,12.8337,73503,,AAL
2023-09-27 01:04:00,12.78,12.83,12.5,12.6495,27737655.0,12.6598,78273,,AAL
2023-09-28 01:04:00,12.64,13.09,12.53,12.95,32520192.0,12.9517,82361,,AAL
2023-09-29 01:04:00,12.97,13.13,12.65,12.77,31410069.0,12.8375,81746,,AAL
2023-10-02 01:04:00,12.94,13.1,12.68,12.76,36749161.0,12.8136,94817,,AAL
2023-10-03 01:04:00,12.83,12.83,12.25,12.3,39471096.0,12.3882,112855,,AAL
2023-10-04 01:04:00,12.31,12.82,12.24,12.74,47270497.0,12.606,119566,,AAL
2023-10-05 01:04:00,12.75,13.01,12.72,12.82,34890277.0,12.8594,94815,,AAL
2023-10-06 01:04:00,12.86,13.0,12.67,12.77,30792857.0,12.8502,84569,,AAL
2023-10-09 01:04:00,12.46,12.68,11.94,12.2,49406569.0,12.1352,125974,,AAL
2023-10-10 01:04:00,12.27,12.65,12.22,12.27,35893025.0,12.4034,93694,,AAL
2023-10-11 01:04:00,12.29,12.68,12.26,12.48,34143688.0,12.4565,95028,,AAL
2023-10-12 01:04:00,12.5,12.75,11.93,12.09,48668850.0,12.1338,134024,,AAL
2023-10-13 01:04:00,12.1,12.1,11.68,11.71,46250420.0,11.7912,114815,,AAL
2023-10-16 01:04:00,11.71,12.05,11.7,11.94,33971502.0,11.9271,88953,,AAL
2023-10-17 01:04:00,11.95,12.1,11.7,11.8,33539669.0,11.962,86109,,AAL
2023-10-18 01:04:00,11.84,11.85,11.22,11.37,64229061.0,11.3946,165952,,AAL
2023-10-19 01:04:00,11.36,12.01,11.07,11.44,59365455.0,11.6718,170106,,AAL
2023-10-20 01:04:00,11.47,11.51,11.04,11.05,46725837.0,11.1409,127674,,AAL
2023-10-23 01:04:00,11.08,11.41,10.94,11.32,43024987.0,11.2702,111210,,AAL
2023-10-24 01:04:00,11.33,11.43,11.0935,11.15,36660669.0,11.1813,101941,,AAL
2023-10-25 01:04:00,11.16,11.235,11.0,11.06,37781584.0,11.0928,91131,,AAL
2023-10-26 01:04:00,11.04,11.25,10.91,11.2,38335596.0,11.1205,98134,,AAL
2023-10-27 01:04:00,11.21,11.25,10.88,10.91,38397186.0,11.0143,94311,,AAL
2023-10-30 01:04:00,10.95,11.24,10.95,11.1897,36740028.0,11.1148,84246,,AAL
2023-10-31 01:04:00,11.18,11.25,10.86,11.12,40320527.0,11.0469,90912,,AAL
2023-11-01 01:04:00,11.13,11.215,10.98,11.18,28953009.0,11.089,72649,,AAL
2023-11-02 01:04:00,11.16,11.47,11.13,11.37,28302062.0,11.3568,74205,,AAL
2023-11-03 01:04:00,11.4,12.08,11.38,12.0,51351899.0,11.9283,122272,,AAL
2023-11-06 01:04:00,11.99,12.16,11.54,11.66,31650045.0,11.7048,82210,,AAL
2023-11-07 01:04:00,11.75,11.84,11.61,11.7309,26773805.0,11.7289,63036,,AAL
2023-11-08 01:04:00,11.76,12.27,11.72,12.03,39424916.0,12.1244,98319,,AAL
2023-11-09 01:04:00,12.04,12.235,11.6736,11.77,36564880.0,11.8878,86960,,AAL
2023-11-10 01:04:00,11.75,11.85,11.51,11.79,29344973.0,11.6697,69474,,AAL
2023-11-13 01:04:00,11.78,11.89,11.6207,11.83,18940708.0,11.7764,58327,,AAL
2023-11-14 01:04:00,11.81,12.31,11.78,12.31,34185553.0,12.212,91433,,AAL
2023-11-15 01:04:00,12.3,12.72,12.29,12.42,34491300.0,12.5092,83435,,AAL
2023-11-16 01:04:00,12.43,12.6,12.16,12.23,33374331.0,12.2972,79936,,AAL
2023-11-17 01:04:00,12.38,12.39,12.14,12.275,24208941.0,12.2268,60053,,AAL
2023-11-20 01:04:00,12.28,12.45,12.17,12.37,21560938.0,12.3295,61576,,AAL
2023-11-21 01:04:00,12.4,12.43,12.05,12.1,22907090.0,12.1287,64171,,AAL
2023-11-22 01:04:00,12.17,12.765,12.1,12.35,39767263.0,12.4857,92072,,AAL
2023-11-24 01:04:00,12.4,12.48,12.25,12.27,14615803.0,12.3187,37876,,AAL
2023-11-27 01:04:00,12.29,12.39,12.075,12.19,26186388.0,12.173,70346,,AAL
2023-11-27 02:04:00,12.29,12.39,12.075,12.19,26186388.0,12.173,70346,,AAL
2023-11-28 02:04:00,12.18,12.26,11.95,12.16,32431506.0,12.0826,82176,,AAL
2023-11-29 02:04:00,12.15,12.5573,12.13,12.31,30709150.0,12.3715,77772,,AAL
2023-11-30 02:04:00,12.28,12.47,12.08,12.42,33460919.0,12.3094,72880,,AAL
2023-12-01 02:04:00,12.43,13.1,12.37,13.02,46810488.0,12.8349,112776,,AAL
2023-12-04 02:04:00,13.03,13.49,12.93,13.35,49148134.0,13.3251,113520,,AAL
2023-12-05 02:04:00,13.3,13.35,13.005,13.17,38479014.0,13.1137,90923,,AAL
2023-12-06 02:04:00,13.14,13.74,13.0,13.49,49838155.0,13.594,110709,,AAL
2023-12-07 02:04:00,13.51,14.15,13.43,13.92,48329965.0,13.9094,118778,,AAL
2023-12-08 02:04:00,13.94,14.08,13.71,13.78,27818583.0,13.8294,72355,,AAL
2023-12-11 02:04:00,13.8,13.85,13.61,13.72,27167504.0,13.6954,71296,,AAL
2023-12-12 02:04:00,13.68,14.18,13.66,14.05,33122490.0,14.0341,98503,,AAL
2023-12-13 02:04:00,14.12,14.2,13.64,14.19,37043033.0,13.8584,104583,,AAL
2023-12-14 02:04:00,14.14,14.65,14.1151,14.54,41043866.0,14.5103,119688,,AAL
2023-12-15 02:04:00,14.56,14.75,14.41,14.47,30798402.0,14.4996,93884,,AAL
2023-12-18 02:04:00,14.49,14.55,14.06,14.21,27026611.0,14.2014,81996,,AAL
2023-12-19 02:04:00,14.24,14.45,14.21,14.31,20949363.0,14.3464,57463,,AAL
2023-12-20 02:04:00,14.28,14.39,13.95,14.07,24777142.0,14.1939,69237,,AAL
2023-12-21 02:04:00,14.13,14.43,14.06,14.31,29479250.0,14.3165,82729,,AAL
2023-12-22 02:04:00,14.3,14.46,14.0,14.32,22654918.0,14.2985,63008,,AAL
2023-12-26 02:04:00,14.3,14.37,14.04,14.11,20911047.0,14.139,55214,,AAL
2023-12-27 02:04:00,14.09,14.18,13.91,14.01,22037298.0,14.0075,59823,,AAL
2023-12-28 02:04:00,14.04,14.05,13.8202,13.95,16362093.0,13.9691,49786,,AAL
2023-12-29 02:04:00,13.98,13.99,13.66,13.67,23050852.0,13.7566,70031,,AAL
2024-01-02 02:04:00,13.66,13.84,13.39,13.4899,33479979.0,13.5372,89987,,AAL
2024-01-03 02:04:00,13.45,13.46,12.89,12.99,40316127.0,13.0165,100312,,AAL
2024-01-04 02:04:00,13.06,13.25,12.95,13.09,28211870.0,13.1213,72269,,AAL
2024-01-05 02:04:00,13.05,13.67,12.91,13.61,34209084.0,13.513,89080,,AAL
2024-01-08 02:04:00,13.8,14.67,13.51,14.64,59136622.0,14.4145,147522,,AAL
2024-01-09 02:04:00,14.4,14.63,14.34,14.37,34624832.0,14.4837,89188,,AAL
2024-01-10 02:04:00,14.37,14.4455,14.2,14.37,28767132.0,14.3282,74693,,AAL
2024-01-11 02:04:00,14.35,14.63,14.24,14.58,31347560.0,14.4797,88777,,AAL
2024-01-12 02:04:00,14.56,14.61,13.18,13.2,77854120.0,13.42,181206,,AAL
2024-01-16 02:04:00,13.34,13.34,12.78,13.21,53584263.0,12.987,134831,,AAL
2024-01-17 02:04:00,13.09,13.21,12.87,12.97,35159473.0,13.0117,85880,,AAL
2024-01-18 02:04:00,12.94,13.865,12.9,13.76,55673066.0,13.4526,131738,,AAL
2024-01-19 02:04:00,13.75,13.98,13.41,13.61,36617879.0,13.5835,93263,,AAL
2024-01-22 02:04:00,13.61,14.19,13.54,14.01,36311622.0,13.7546,91901,,AAL
2024-01-23 02:04:00,13.95,14.4701,13.93,14.07,48287909.0,14.1447,124231,,AAL
2024-01-24 02:04:00,14.05,14.24,13.8501,13.95,40447350.0,13.9778,98832,,AAL
2024-01-25 02:04:00,14.16,15.46,13.6,15.27,93850263.0,15.1243,270749,,AAL
2024-01-26 02:04:00,15.32,15.84,15.0,15.09,44139520.0,15.2513,126722,,AAL
2024-01-29 02:04:00,15.02,15.43,14.8,14.91,35289933.0,15.0083,97059,,AAL
2024-01-30 02:04:00,14.89,14.93,14.46,14.48,23591659.0,14.6548,79644,,AAL
2024-01-31 02:04:00,14.55,14.61,14.21,14.27,29851735.0,14.4184,94781,,AAL
2024-02-01 02:04:00,14.4,14.42,13.8727,14.31,37011939.0,14.1587,100477,,AAL
2024-02-02 02:04:00,14.34,14.67,14.135,14.56,31369384.0,14.5479,100473,,AAL
2024-02-05 02:04:00,14.53,14.53,14.11,14.29,24112490.0,14.2862,76435,,AAL
2024-02-06 02:04:00,14.31,14.95,14.2,14.9,32496020.0,14.7922,91567,,AAL
2024-02-07 02:04:00,14.95,15.03,14.7101,14.8699,28756637.0,14.8545,83060,,AAL
2024-02-08 02:04:00,14.9,14.99,14.605,14.94,26624394.0,14.8163,75263,,AAL
2024-02-09 02:04:00,14.94,15.18,14.71,14.84,26134205.0,14.8405,69317,,AAL
2024-02-12 02:04:00,14.87,15.1,14.775,14.96,26431490.0,14.9319,78456,,AAL
2024-02-13 02:04:00,14.9,15.02,14.41,14.61,34251492.0,14.5694,97689,,AAL
2024-02-14 02:04:00,14.64,14.97,14.61,14.86,27333848.0,14.8215,75845,,AAL
2024-02-15 02:04:00,14.92,15.145,14.84,14.89,24306703.0,14.9625,65464,,AAL
2024-02-16 02:04:00,14.9,15.0,14.524,14.6,19938230.0,14.7364,57595,,AAL
2024-02-20 02:04:00,14.51,14.95,14.43,14.68,28296631.0,14.6865,80764,,AAL
2024-02-21 02:04:00,14.63,14.94,14.5,14.84,21915563.0,14.7508,66998,,AAL
2024-02-22 02:04:00,14.9,15.28,14.85,15.18,33825365.0,15.1606,97039,,AAL
2024-02-23 02:04:00,15.14,15.29,14.95,15.1001,22133413.0,15.1594,70972,,AAL
2024-02-26 02:04:00,15.1,15.48,15.09,15.2698,22089885.0,15.3443,64923,,AAL
2024-02-27 02:04:00,15.03,15.669,15.03,15.55,23788735.0,15.5385,67365,,AAL
2024-02-28 02:04:00,15.53,15.6,15.31,15.4,17096861.0,15.4797,56491,,AAL
2024-02-29 02:04:00,15.44,15.79,15.39,15.69,31331247.0,15.649,87167,,AAL
2024-03-01 02:04:00,15.67,15.75,15.374,15.66,24419723.0,15.5581,72041,,AAL
2024-03-04 02:04:00,15.73,16.15,14.8,14.8201,63654281.0,15.3302,185729,,AAL
2024-03-05 02:04:00,14.85,14.91,14.29,14.62,41874935.0,14.496,118291,,AAL
2024-03-06 02:04:00,14.75,14.98,14.62,14.84,30258207.0,14.8413,90553,,AAL
2024-03-07 02:04:00,14.89,15.0,14.78,14.87,22695137.0,14.9037,76562,,AAL
2024-03-08 02:04:00,14.88,15.1482,14.64,14.68,26561311.0,14.8064,84226,,AAL
2024-03-11 02:04:00,14.69,14.74,14.42,14.68,21473594.0,14.5798,70313,,AAL
2024-03-12 02:04:00,14.65,14.75,13.8,13.89,47122551.0,14.0147,144125,,AAL
2024-03-13 02:04:00,13.93,14.18,13.86,14.0,24367915.0,14.0316,78331,,AAL
2024-03-14 02:04:00,14.07,14.08,13.78,13.96,23036289.0,13.9297,70597,,AAL
2024-03-15 02:04:00,13.92,14.16,13.88,13.9597,18399662.0,13.9757,68339,,AAL
2024-03-18 02:04:00,13.99,14.17,13.86,14.08,21434711.0,14.0788,66792,,AAL
2024-03-19 02:04:00,14.13,14.14,13.9,13.94,18008504.0,13.9508,63662,,AAL
2024-03-20 02:04:00,14.03,14.6402,13.91,14.62,32451062.0,14.3486,99530,,AAL
2024-03-21 02:04:00,14.63,14.815,14.6,14.78,24143242.0,14.7165,79166,,AAL
2024-03-22 02:04:00,14.81,14.88,14.63,14.8,14781779.0,14.77,49304,,AAL
2024-03-25 02:04:00,14.8,14.95,14.6299,14.94,20198171.0,14.8163,72806,,AAL
2024-03-26 01:04:00,14.95,15.12,14.9,14.93,18759201.0,14.9762,62777,,AAL
2024-03-27 01:04:00,14.93,15.32,14.9,15.25,22273651.0,15.1535,68379,,AAL
2024-03-28 01:04:00,15.26,15.495,15.125,15.3,32914686.0,15.3144,82227,,AAL
2024-04-01 01:04:00,15.05,15.61,14.99,15.39,22356602.0,15.4586,76936,,AAL
2024-04-02 01:04:00,15.37,15.42,14.36,14.36,31989558.0,14.5323,101393,,AAL
2024-04-03 01:04:00,14.35,14.479,14.05,14.17,31466664.0,14.1862,100425,,AAL
2024-04-04 01:04:00,14.26,14.35,13.76,13.88,45663444.0,14.0411,118860,,AAL
2024-04-05 01:04:00,13.9,13.95,13.7,13.75,28815083.0,13.8088,83811,,AAL
2024-04-08 01:04:00,13.8,14.08,13.74,13.9,26865260.0,13.967,82348,,AAL
2024-04-09 01:04:00,13.91,14.065,13.88,14.03,25925285.0,13.9687,70959,,AAL
2024-04-10 01:04:00,14.03,14.47,13.3,13.47,47151886.0,13.6901,160152,,AAL
2024-04-11 01:04:00,13.47,13.72,13.304,13.64,25345149.0,13.5826,77111,,AAL
2024-04-12 01:04:00,13.64,13.73,13.02,13.16,33427396.0,13.136,111654,,AAL
2024-04-15 01:04:00,13.25,13.47,12.9,12.99,25021903.0,13.0799,91413,,AAL
2024-04-16 01:04:00,12.91,13.4,12.72,13.2899,25084265.0,12.9858,88709,,AAL
2024-04-17 01:04:00,13.25,13.97,13.19,13.85,50210415.0,13.6675,142052,,AAL
2024-04-18 01:04:00,13.91,14.34,13.68,14.0,33079838.0,14.1582,111573,,AAL
2024-04-19 01:04:00,13.12,14.275,13.12,14.09,25683783.0,14.1421,91984,,AAL
2024-04-22 01:04:00,14.2,14.68,14.18,14.6,26434368.0,14.4539,95222,,AAL
2024-04-23 01:04:00,14.54,14.8,13.88,14.28,38850170.0,14.2659,120474,,AAL
2024-04-24 01:04:00,14.3,14.37,13.82,14.05,38843363.0,13.9964,128205,,AAL
2024-04-25 01:04:00,14.24,14.75,13.45,14.08,56496907.0,13.9238,174126,,AAL
2024-04-26 01:04:00,14.08,14.17,13.635,13.84,34566088.0,13.7856,94482,,AAL
2024-04-29 01:04:00,13.89,14.02,13.73,13.95,26793481.0,13.8561,83560,,AAL
2024-04-30 01:04:00,13.95,13.96,13.46,13.49,24126093.0,13.6681,82467,,AAL
2024-05-01 01:04:00,13.49,13.81,13.33,13.63,27346373.0,13.5447,87120,,AAL
2024-05-02 01:04:00,13.67,13.9,13.62,13.8599,22484458.0,13.8132,70594,,AAL
2024-05-03 01:04:00,13.86,14.07,13.72,13.83,20209802.0,13.861,65846,,AAL
2024-05-06 01:04:00,13.83,14.75,13.83,14.6,45275404.0,14.4516,128907,,AAL
2024-05-07 01:04:00,14.6,14.69,14.1399,14.2495,24253173.0,14.3543,81946,,AAL
2024-05-08 01:04:00,14.28,14.52,14.1501,14.41,21818319.0,14.4147,64951,,AAL
2024-05-09 01:04:00,14.42,14.63,14.32,14.4902,22079869.0,14.5073,71466,,AAL
2024-05-10 01:04:00,14.49,14.61,14.32,14.36,15457866.0,14.4113,53449,,AAL
2024-05-13 01:04:00,14.46,15.07,14.43,14.97,31297263.0,14.9339,103810,,AAL
2024-05-14 01:04:00,14.91,15.36,14.85,15.19,26464581.0,15.2239,93557,,AAL
2024-05-15 01:04:00,15.2,15.3993,14.9101,14.99,24918659.0,15.0389,77514,,AAL
2024-05-16 01:04:00,14.95,15.25,14.66,14.83,21239072.0,14.7895,75159,,AAL
2024-05-17 01:04:00,14.79,14.99,14.72,14.74,16838869.0,14.8571,57724,,AAL
2024-05-20 01:04:00,14.71,14.8,14.415,14.51,24811944.0,14.5351,73596,,AAL
2024-05-21 01:04:00,14.52,14.56,14.01,14.1,21350275.0,14.2052,71343,,AAL
2024-05-22 01:04:00,14.1,14.25,14.0,14.14,18090104.0,14.1364,67985,,AAL
2024-05-23 01:04:00,14.1,14.21,13.72,13.85,27989929.0,13.8736,85031,,AAL
2024-05-24 01:04:00,13.85,14.03,13.66,13.84,18546972.0,13.8086,56828,,AAL
2024-05-28 01:04:00,13.87,13.99,12.25,12.6,31603419.0,13.5298,94206,,AAL
2024-05-29 01:04:00,12.5,12.63,11.31,11.62,155233263.0,11.5482,383808,,AAL
2024-05-30 01:04:00,11.7,11.78,11.385,11.46,54446203.0,11.4588,135877,,AAL
2024-05-31 01:04:00,11.48,11.61,11.25,11.51,57706006.0,11.4194,142048,,AAL
2024-06-03 01:04:00,11.53,11.945,11.5,11.56,50387377.0,11.6329,135980,,AAL
2024-06-04 01:04:00,11.56,11.79,11.48,11.55,36905802.0,11.5921,103921,,AAL
2024-06-05 01:04:00,11.54,11.765,11.45,11.65,32800879.0,11.5914,89982,,AAL
2024-06-06 01:04:00,11.63,11.73,11.315,11.4,33707077.0,11.481,91179,,AAL
2024-06-07 01:04:00,11.44,11.565,11.32,11.48,25155572.0,11.4768,70579,,AAL
2024-06-10 01:04:00,11.55,11.57,11.37,11.48,20507726.0,11.4919,73875,,AAL
2024-06-11 01:04:00,11.49,11.51,11.26,11.32,23083728.0,11.3309,72403,,AAL
2024-06-12 01:04:00,11.28,11.685,11.26,11.53,38753442.0,11.5418,99541,,AAL
2024-06-13 01:04:00,11.52,11.57,11.22,11.44,31432732.0,11.3433,85324,,AAL
2024-06-14 01:04:00,11.39,11.44,11.09,11.26,37981340.0,11.1769,102387,,AAL
2024-06-17 01:04:00,11.28,11.4887,11.21,11.43,27677899.0,11.3596,83757,,AAL
2024-06-18 01:04:00,11.45,11.5,11.27,11.2953,17412366.0,11.3533,59406,,AAL
2024-06-20 01:04:00,11.28,11.34,11.18,11.24,19403397.0,11.235,64624,,AAL
2024-06-21 01:04:00,11.29,11.34,11.11,11.18,20980240.0,11.2132,74689,,AAL
2024-06-24 01:04:00,11.21,11.34,11.15,11.1697,23205592.0,11.24,69986,,AAL
2024-06-25 01:04:00,11.19,11.365,11.12,11.15,24208290.0,11.2147,57424,,AAL
2024-06-26 01:04:00,11.17,11.33,10.9488,11.1197,35352087.0,11.1647,92928,,AAL
2024-06-27 01:04:00,11.13,11.32,11.02,11.26,20991461.0,11.169,58022,,AAL
2024-06-28 01:04:00,11.29,11.36,11.2,11.2611,23337511.0,11.2848,76788,,AAL
2024-07-01 01:04:00,11.28,11.41,11.0,11.0893,26526734.0,11.1225,85834,,AAL
2024-07-02 01:04:00,11.06,11.11,10.95,11.06,19584101.0,11.0114,67013,,AAL
2024-07-03 01:04:00,11.07,11.22,11.03,11.14,15871349.0,11.1443,42609,,AAL
2024-07-05 01:04:00,11.14,11.19,10.98,11.05,20384481.0,11.0451,64769,,AAL
2024-07-08 01:04:00,11.14,11.15,10.91,10.98,26839240.0,10.9746,81688,,AAL
2024-07-09 01:04:00,11.05,11.09,10.87,11.01,23467263.0,10.9969,70719,,AAL
2024-07-10 01:04:00,11.01,11.22,10.994,11.17,27071657.0,11.1134,80314,,AAL
2024-07-11 01:04:00,11.14,11.22,10.34,10.72,77348831.0,10.5785,202757,,AAL
2024-07-12 01:04:00,10.76,10.8,10.57,10.75,30927392.0,10.6587,89248,,AAL
2024-07-15 01:04:00,10.76,10.78,10.56,10.67,27197884.0,10.6802,74452,,AAL
2024-07-16 01:04:00,10.69,11.24,10.65,11.08,46858363.0,11.0848,109444,,AAL
2024-07-17 01:04:00,11.06,11.13,10.6,10.87,30673738.0,11.005,89956,,AAL
2024-07-18 01:04:00,10.86,11.09,10.61,10.72,42267999.0,10.7804,114229,,AAL
2024-07-19 01:04:00,10.7,10.72,10.43,10.58,23680345.0,10.5743,77594,,AAL
2024-07-22 01:04:00,10.56,10.74,10.35,10.67,36444420.0,10.5895,96811,,AAL
2024-07-23 01:04:00,10.55,10.74,10.45,10.46,28357111.0,10.5529,79674,,AAL
2024-07-24 01:04:00,10.47,10.55,10.12,10.17,44877899.0,10.2706,127247,,AAL
2024-07-25 01:04:00,10.16,10.9,9.17,10.62,92826429.0,10.5314,298285,,AAL
2024-07-26 01:04:00,10.68,10.77,10.2147,10.57,42791517.0,10.4567,121614,,AAL
2024-07-29 01:04:00,10.62,10.72,10.37,10.42,28327795.0,10.5263,81752,,AAL
2024-07-30 01:04:00,10.41,10.93,10.35,10.73,50609961.0,10.7737,117752,,AAL
2024-07-31 01:04:00,10.79,11.03,10.58,10.69,36951239.0,10.7723,93556,,AAL
2024-08-01 01:04:00,10.65,10.72,10.09,10.16,44288525.0,10.2811,112637,,AAL
2024-08-02 01:04:00,10.17,10.17,9.59,9.7,45838889.0,9.7233,133273,,AAL
2024-08-05 01:04:00,9.5,9.6,8.95,9.45,42459700.0,9.3689,128146,,AAL
2024-08-06 01:04:00,9.45,9.53,9.22,9.26,27016287.0,9.3927,81605,,AAL
2024-08-07 01:04:00,9.34,9.52,9.21,9.22,27169843.0,9.3709,76970,,AAL
2024-08-08 01:04:00,9.24,9.91,9.2,9.89,33288634.0,9.68,77373,,AAL
2024-08-09 01:04:00,9.89,9.98,9.72,9.8501,21554284.0,9.8248,60801,,AAL
2024-08-12 01:04:00,9.85,9.86,9.59,9.59,28193489.0,9.6759,69255,,AAL
2024-08-13 01:04:00,9.62,9.82,9.555,9.8,28604511.0,9.7132,69727,,AAL
2024-08-14 01:04:00,9.79,9.97,9.7,9.78,28175278.0,9.7822,64364,,AAL
2024-08-15 01:04:00,9.75,10.16,9.73,10.11,30417175.0,10.059,70734,,AAL
2024-08-16 01:04:00,10.12,10.15,9.97,10.04,33855575.0,10.0463,75935,,AAL
2024-08-19 01:04:00,10.09,10.38,10.05,10.33,28473477.0,10.2877,77141,,AAL
2024-08-20 01:04:00,10.34,10.45,10.21,10.3,21779967.0,10.3202,67086,,AAL
2024-08-21 01:04:00,10.32,10.445,10.3,10.4,19179298.0,10.3784,57353,,AAL
2024-08-22 01:04:00,10.43,10.54,10.13,10.19,24337434.0,10.28,76221,,AAL
2024-08-23 01:04:00,10.2,10.5,10.17,10.4,23463291.0,10.3753,56582,,AAL
2024-08-26 01:04:00,10.41,10.45,10.2,10.21,19550750.0,10.2746,49458,,AAL
2024-08-27 01:04:00,10.23,10.49,9.98,10.26,21917645.0,10.1133,58318,,AAL
2024-08-28 01:04:00,10.2,10.27,10.04,10.12,18822488.0,10.1237,46427,,AAL
2024-08-29 01:04:00,10.17,10.51,10.12,10.4,20041986.0,10.4055,55369,,AAL
2024-08-30 01:04:00,10.42,10.89,10.41,10.61,25062066.0,10.6931,74511,,AAL
2024-09-03 01:04:00,10.64,10.74,10.495,10.58,21229253.0,10.6293,71352,,AAL
2024-09-04 01:04:00,10.51,10.78,10.5,10.63,20037529.0,10.6587,56526,,AAL
2024-09-05 01:04:00,10.64,11.16,10.62,10.81,36099138.0,10.9627,89648,,AAL
2024-09-06 01:04:00,10.8,11.1,10.58,10.74,26272814.0,10.8441,79031,,AAL
2024-09-09 01:04:00,10.7,11.24,10.69,11.2209,42268250.0,11.1212,118298,,AAL
2024-09-10 01:04:00,11.19,11.25,10.87,10.9699,30122947.0,10.9792,81034,,AAL
2024-09-11 01:04:00,10.94,11.01,10.485,10.74,38573585.0,10.7145,86765,,AAL
2024-09-12 01:04:00,10.74,11.135,10.43,10.91,35757465.0,10.8422,86817,,AAL
2024-09-13 01:04:00,10.9,11.18,10.61,10.7,35338896.0,10.8434,94748,,AAL
2024-09-16 01:04:00,10.7,10.87,10.6,10.8,29183524.0,10.7792,87759,,AAL
2024-09-17 01:04:00,10.8,11.26,10.72,11.15,35988426.0,11.1232,97851,,AAL
2024-09-18 01:04:00,11.16,11.285,10.92,11.08,35908194.0,11.0708,79361,,AAL
2024-09-19 01:04:00,11.15,11.39,11.06,11.1197,32268419.0,11.1765,85231,,AAL
2024-09-20 01:04:00,11.12,11.14,10.88,11.0496,54603202.0,11.0121,75894,,AAL
2024-09-23 01:04:00,11.07,11.11,10.76,10.9705,28012901.0,10.8927,73606,,AAL
2024-09-24 01:04:00,10.97,11.19,10.9,11.0399,27283280.0,11.0109,69387,,AAL
2024-09-25 01:04:00,11.0,11.175,10.96,11.0,27254359.0,11.0543,68601,,AAL
2024-09-26 01:04:00,11.11,11.98,11.0,11.732,59464659.0,11.7462,159275,,AAL
2024-09-27 01:04:00,11.73,11.9,11.55,11.58,28152511.0,11.6927,74984,,AAL
2024-09-30 01:04:00,11.5,11.59,11.2,11.22,24302280.0,11.3167,63285,,AAL
2024-10-01 01:04:00,11.27,11.33,10.82,10.8993,41348923.0,10.9594,101851,,AAL
2024-10-02 01:04:00,10.9,10.92,10.605,10.78,26267327.0,10.7605,64993,,AAL
2024-10-03 01:04:00,10.74,11.15,10.565,11.0899,30587706.0,10.7712,73497,,AAL
2024-10-04 01:04:00,11.0,11.97,10.87,11.4999,51264532.0,11.5582,140667,,AAL
2024-10-07 01:04:00,11.37,11.6785,11.37,11.5001,26182072.0,11.5366,71700,,AAL
2024-10-08 01:04:00,11.44,12.12,11.44,11.92,42721766.0,11.9539,107863,,AAL
2024-10-09 01:04:00,11.92,12.25,11.86,11.94,32876298.0,12.0536,88318,,AAL
2024-10-10 01:04:00,11.95,12.0,11.48,11.76,24847608.0,11.7917,80358,,AAL
2024-10-11 01:04:00,11.76,11.82,11.53,11.74,16459349.0,11.7238,56260,,AAL
2024-10-14 01:04:00,11.75,11.99,11.7,11.93,19039129.0,11.8222,57180,,AAL
2024-10-15 01:04:00,11.98,12.47,11.91,12.04,35374514.0,12.2191,94903,,AAL
2024-10-16 01:04:00,12.03,12.92,12.0,12.91,50138091.0,12.6298,130321,,AAL
2024-10-17 01:04:00,12.92,12.97,12.67,12.85,28970509.0,12.8279,91237,,AAL
2024-10-18 01:04:00,12.81,13.24,12.76,13.0401,36762130.0,13.0951,106269,,AAL
2024-10-21 01:04:00,13.09,13.14,12.775,12.9801,26661431.0,12.9579,85125,,AAL
2024-10-22 01:04:00,12.92,13.03,12.615,12.96,22685786.0,12.821,70718,,AAL
2024-10-23 01:04:00,12.96,13.04,12.66,12.9695,28278064.0,12.859,77956,,AAL
2024-10-24 01:04:00,12.97,13.63,12.28,12.77,64299473.0,12.8376,170033,,AAL
2024-10-25 01:04:00,12.8,13.44,12.7,13.1207,43037933.0,13.1575,120739,,AAL
2024-10-28 01:04:00,13.29,13.85,13.27,13.6,35595509.0,13.7014,104489,,AAL
2024-10-29 01:04:00,13.57,13.86,13.28,13.8301,26683760.0,13.7141,88981,,AAL
2024-10-30 01:04:00,13.84,13.99,13.61,13.92,20263733.0,13.8599,66672,,AAL
2024-10-31 01:04:00,13.9,13.96,13.38,13.43,24653907.0,13.5621,78138,,AAL
2024-11-01 01:04:00,13.41,13.66,13.4,13.58,20257205.0,13.543,75423,,AAL
2024-11-04 01:04:00,13.56,13.6,12.96,13.0003,24377534.0,13.1913,88645,,AAL
2024-11-05 01:04:00,13.02,13.22,12.9,13.22,16687746.0,13.1407,69483,,AAL
2024-11-06 01:04:00,13.26,14.17,13.24,13.93,36391766.0,13.9544,120710,,AAL
2024-11-07 01:04:00,13.82,14.0801,13.6,13.66,18015576.0,13.7646,63521,,AAL
2024-11-08 01:04:00,13.66,14.03,13.62,13.81,18852440.0,13.8539,55987,,AAL
2024-11-11 01:04:00,13.81,14.16,13.6488,14.1199,21284409.0,14.0472,64452,,AAL
2024-11-12 01:04:00,14.09,14.21,13.73,14.1,19252710.0,13.8855,53273,,AAL
2024-11-13 01:04:00,13.98,14.55,13.88,14.0,28566615.0,14.2264,87114,,AAL
2024-11-14 01:04:00,14.01,14.665,14.0,14.27,31349929.0,14.444,78990,,AAL
2024-11-15 01:04:00,14.27,14.4,14.05,14.37,21717194.0,14.2397,69268,,AAL
2024-11-18 01:04:00,14.39,14.44,14.03,14.26,17258321.0,14.2602,60041,,AAL
2024-11-19 01:04:00,14.21,14.4,13.84,14.36,23931628.0,14.2306,67240,,AAL
2024-11-20 01:04:00,14.34,14.49,14.0,14.4301,24387198.0,14.2909,74094,,AAL
2024-11-21 01:04:00,14.4,14.575,14.175,14.2299,19734008.0,14.3063,60977,,AAL
2024-11-21 02:04:00,14.4,14.575,14.175,14.2299,19734008.0,14.3063,60977,,AAL
2024-11-22 02:04:00,14.19,14.44,14.085,14.36,18749638.0,14.2967,59760,,AAL
2024-11-25 02:04:00,14.45,15.125,14.4,14.87,27829663.0,14.9654,97254,,AAL
2024-11-26 02:04:00,15.0,15.05,14.605,14.69,20727773.0,14.7833,65184,,AAL
2024-11-27 02:04:00,14.73,14.79,14.46,14.6401,13774952.0,14.5759,46089,,AAL
2024-11-29 02:04:00,14.64,14.81,14.5,14.53,9194472.0,14.5771,29779,,AAL
2024-12-02 02:04:00,14.54,14.75,14.38,14.6201,17335123.0,14.6193,60157,,AAL
2024-12-03 02:04:00,14.63,14.75,14.44,14.52,15112321.0,14.5384,48335,,AAL
2024-12-04 02:04:00,14.51,15.05,14.5,14.84,17719953.0,14.8055,72805,,AAL
2024-12-05 02:04:00,14.84,17.8,14.83,17.3299,107025757.0,16.8696,348538,,AAL
2024-12-06 02:04:00,17.28,18.09,17.1,17.3899,37673308.0,17.5728,138798,,AAL
2024-12-09 02:04:00,17.17,17.5395,17.01,17.39,26187109.0,17.2353,108497,,AAL
2024-12-10 02:04:00,17.3,18.205,17.3,17.51,31087020.0,17.7046,116333,,AAL
2024-12-11 02:04:00,17.5,17.74,17.41,17.57,18326299.0,17.5383,73590,,AAL
2024-12-12 02:04:00,17.53,17.81,17.225,17.3192,16852323.0,17.4277,67697,,AAL
2024-12-13 02:04:00,17.35,17.44,16.81,16.95,17648881.0,16.9625,70325,,AAL
2024-12-16 02:04:00,16.85,16.955,16.46,16.55,14718903.0,16.7021,70095,,AAL
2024-12-17 02:04:00,16.55,16.8053,16.22,16.72,21439994.0,16.5474,77586,,AAL
2024-12-18 02:04:00,16.75,17.28,16.26,16.4996,23853537.0,16.8319,102313,,AAL
2024-12-19 02:04:00,16.51,16.8,16.42,16.62,16561299.0,16.6438,73503,,AAL
2024-12-20 02:04:00,16.53,17.18,16.26,16.9701,15368625.0,16.9375,70094,,AAL
2024-12-23 02:04:00,16.98,17.27,16.82,17.24,13567552.0,17.1306,60686,,AAL
2024-12-24 02:04:00,17.24,17.36,16.3,17.2999,14136527.0,17.1129,53678,,AAL
2024-12-26 02:04:00,17.2,17.39,17.05,17.35,9780174.0,17.2909,49051,,AAL
2024-12-27 02:04:00,17.27,17.38,17.01,17.3399,11015396.0,17.2531,54865,,AAL
2024-12-30 02:04:00,17.35,17.73,17.11,17.61,18098258.0,17.5273,77912,,AAL
2024-12-31 02:04:00,17.58,17.7999,17.35,17.43,11914337.0,17.5223,59315,,AAL
2025-01-02 02:04:00,17.49,17.63,16.83,17.12,18219633.0,17.1138,80565,,AAL
2025-01-03 02:04:00,17.0,17.13,16.27,16.95,21114411.0,16.7293,88105,,AAL
2025-01-06 02:04:00,16.92,17.94,16.9,17.6195,26748750.0,17.7237,119537,,AAL
2025-01-07 02:04:00,17.54,17.99,17.51,17.7001,22609243.0,17.7191,83060,,AAL
2025-01-08 02:04:00,17.7,17.73,17.075,17.635,20728391.0,17.4129,79945,,AAL
2025-01-10 02:04:00,17.75,18.78,17.48,18.38,41031377.0,18.2489,163822,,AAL
2025-01-13 02:04:00,18.38,18.38,17.32,17.7294,26608943.0,17.5675,104245,,AAL
2025-01-14 02:04:00,17.74,18.25,17.6512,18.22,24721121.0,18.0821,77634,,AAL
2025-01-15 02:04:00,18.28,18.76,17.97,18.1293,18192067.0,18.1942,76576,,AAL
2025-01-16 02:04:00,18.08,18.33,17.78,18.25,19420282.0,18.1167,76370,,AAL
2025-01-17 02:04:00,18.25,18.8,18.16,18.3,19279966.0,18.2906,75293,,AAL
2025-01-21 02:04:00,18.4,19.04,18.27,18.99,27996369.0,18.504,97260,,AAL
2025-01-22 02:04:00,18.91,19.1499,18.37,18.84,56344387.0,18.6324,176744,,AAL
2025-01-23 02:04:00,18.85,19.03,16.52,16.98,92336016.0,17.1116,291857,,AAL
2025-01-24 02:04:00,16.94,17.34,16.55,16.95,35733474.0,17.0033,114549,,AAL
2025-01-27 02:04:00,16.6,17.54,16.5,17.18,38430963.0,17.2152,127170,,AAL
2025-01-28 02:04:00,17.14,17.47,16.955,17.1301,28769799.0,17.2009,91909,,AAL
2025-01-29 02:04:00,17.12,17.37,16.9405,17.36,23360478.0,17.1461,82030,,AAL
2025-01-30 02:04:00,16.59,17.23,16.32,16.95,40404266.0,16.9409,121931,,AAL
2025-01-31 02:04:00,16.99,17.23,16.88,16.9101,28465101.0,17.0434,95652,,AAL
2025-02-03 02:04:00,16.52,16.8699,16.22,16.8502,30189932.0,16.5791,114038,,AAL
2025-02-04 02:04:00,16.69,16.935,16.63,16.8295,26549001.0,16.8143,72739,,AAL
2025-02-05 02:04:00,16.79,17.22,16.51,16.999,26282597.0,16.9449,87940,,AAL
2025-02-06 02:04:00,17.01,17.32,16.955,17.04,23900796.0,17.0714,75530,,AAL
2025-02-07 02:04:00,17.06,17.4,17.0202,17.19,21267744.0,17.2564,70331,,AAL
2025-02-10 02:04:00,17.2,17.27,16.56,16.65,25243114.0,16.727,88762,,AAL
2025-02-11 02:04:00,16.62,16.72,16.1348,16.41,27532633.0,16.3259,83321,,AAL
2025-02-12 02:04:00,16.43,16.6,16.12,16.29,23249482.0,16.3478,76025,,AAL
2025-02-13 02:04:00,16.28,16.5,15.475,15.8,39281130.0,15.8219,128956,,AAL
2025-02-14 02:04:00,15.77,15.98,15.64,15.94,27566726.0,15.7996,80691,,AAL
2025-02-18 02:04:00,16.0,16.32,15.83,16.0798,25817393.0,16.1218,82271,,AAL
2025-02-19 02:04:00,16.07,16.145,15.8,15.8983,22253964.0,15.9909,77343,,AAL
2025-02-20 02:04:00,16.0,16.095,15.57,15.84,31393002.0,15.7175,93977,,AAL
2025-02-21 02:04:00,15.86,16.07,15.09,15.24,53664818.0,15.5246,152800,,AAL
2025-02-24 02:04:00,15.51,15.52,15.21,15.3499,39069163.0,15.3874,108688,,AAL
2025-02-25 02:04:00,15.37,15.4,14.8,15.1499,45600934.0,15.0051,124684,,AAL
2025-02-26 02:04:00,15.3,15.66,15.17,15.24,40498582.0,15.4116,105181,,AAL
2025-02-27 02:04:00,15.27,15.42,14.21,14.5198,54765788.0,14.6621,161985,,AAL
2025-02-28 02:04:00,14.53,14.7499,14.27,14.379,46809030.0,14.4399,112270,,AAL
2025-03-03 02:04:00,14.45,14.555,13.77,13.8715,52543635.0,14.1529,131909,,AAL
2025-03-04 02:04:00,13.85,13.99,13.015,13.47,68644629.0,13.2967,198008,,AAL
2025-03-05 02:04:00,13.52,14.23,13.39,14.0714,51626348.0,13.977,149266,,AAL
2025-03-06 02:04:00,14.02,14.2,13.2001,13.3195,55934530.0,13.5299,163197,,AAL
2025-03-07 02:04:00,13.35,13.4,12.58,13.0102,72653918.0,12.8909,199692,,AAL
2025-03-10 02:04:00,12.94,13.01,11.28,11.52,79978952.0,12.3151,216987,,AAL
2025-03-11 02:04:00,11.58,12.58,11.43,11.5402,105435649.0,11.7976,279333,,AAL
2025-03-12 02:04:00,11.59,11.77,10.88,10.9399,93963066.0,11.0413,255406,,AAL
2025-03-13 02:04:00,10.9,11.12,10.47,10.7199,92578962.0,10.7428,183641,,AAL
2025-03-14 02:04:00,10.73,10.9,10.55,10.86,57431201.0,10.762,133270,,AAL
2025-03-17 02:04:00,10.86,11.47,10.8,11.38,62572367.0,11.2482,128630,,AAL
2025-03-18 02:04:00,11.36,11.5,11.01,11.0899,45572867.0,11.1033,97470,,AAL
2025-03-19 02:04:00,11.12,11.58,11.1,11.53,63059343.0,11.3782,108140,,AAL
2025-03-20 02:04:00,11.56,11.6,11.205,11.251,41104289.0,11.3036,86473,,AAL
2025-03-21 01:04:00,11.26,11.41,10.965,11.3805,42762242.0,11.2091,81896,,AAL
2025-03-24 01:04:00,11.41,11.9,11.41,11.8007,41739029.0,11.7468,97778,,AAL
2025-03-25 01:04:00,11.83,12.07,11.46,11.52,55464695.0,11.5772,98102,,AAL
2025-03-26 01:04:00,11.52,11.5799,11.3,11.35,44602121.0,11.3862,80086,,AAL
2025-03-27 01:04:00,11.45,11.5,11.09,11.17,51831736.0,11.2,85947,,AAL
2025-03-28 01:04:00,11.16,11.18,10.65,10.7001,57787759.0,10.8057,105132,,AAL
2025-03-31 01:04:00,10.45,10.72,10.06,10.53,61614236.0,10.4119,118515,,AAL
2025-04-01 01:04:00,10.55,10.64,9.92,10.3199,72805151.0,10.1807,144519,,AAL
2025-04-02 01:04:00,10.29,10.78,10.07,10.16,62089876.0,10.4972,117408,,AAL
2025-04-03 01:04:00,10.17,10.31,9.49,9.53,74836075.0,9.6771,176640,,AAL
2025-04-04 01:04:00,9.5,9.58,8.5,9.4306,109115044.0,9.0663,234534,,AAL
2025-04-07 01:04:00,8.84,10.22,8.83,9.81,71180713.0,9.5881,185181,,AAL
2025-04-08 01:04:00,9.75,10.1,8.9,8.9099,77892982.0,9.4465,186094,,AAL
2025-04-09 01:04:00,9.08,11.23,8.9,11.0,129058576.0,10.1772,306029,,AAL
2025-04-10 01:04:00,10.9,10.97,9.44,9.5201,82257259.0,9.8084,201065,,AAL
2025-04-11 01:04:00,9.61,9.73,9.3,9.66,51462253.0,9.4955,140720,,AAL
2025-04-14 01:04:00,9.86,10.05,9.43,9.53,60816944.0,9.6205,119024,,AAL
2025-04-15 01:04:00,9.61,10.14,9.52,9.97,63678427.0,9.8502,102232,,AAL
2025-04-16 01:04:00,9.95,10.06,9.27,9.43,69505617.0,9.5771,134132,,AAL
2025-04-17 01:04:00,9.55,9.58,9.29,9.48,51434045.0,9.4226,95420,,AAL
2025-04-21 01:04:00,9.42,9.45,8.96,9.08,58380391.0,9.0763,121805,,AAL
2025-04-22 01:04:00,9.1,9.52,9.04,9.5,60660079.0,9.1832,109431,,AAL
2025-04-23 01:04:00,9.56,10.03,9.3,9.37,100400733.0,9.5586,188229,,AAL
2025-04-24 01:04:00,9.37,9.68,9.13,9.65,67907282.0,9.5027,154455,,AAL
2025-04-25 01:04:00,9.65,9.84,9.495,9.75,62588795.0,9.6833,114201,,AAL
2025-04-28 01:04:00,9.77,10.01,9.68,9.8403,55524668.0,9.8319,97986,,AAL
2025-04-29 01:04:00,9.87,9.99,9.64,9.8699,59504986.0,9.7959,92749,,AAL
2025-04-30 01:04:00,9.9,9.99,9.48,9.9701,66211995.0,9.7606,104542,,AAL
2025-05-01 01:04:00,9.9,10.22,9.9,9.99,50944262.0,10.0885,99292,,AAL
2025-05-02 01:04:00,10.14,10.69,10.08,10.55,72512889.0,10.5279,128659,,AAL
2025-05-05 01:04:00,10.52,10.98,10.35,10.69,79970748.0,10.808,136037,,AAL
2025-05-06 01:04:00,10.65,10.74,10.38,10.54,57969084.0,10.496,89737,,AAL
2025-05-07 01:04:00,10.6,10.68,10.4407,10.5702,40012916.0,10.5747,81528,,AAL
2025-05-08 01:04:00,10.67,11.2,10.6,11.0897,56382143.0,11.0428,117751,,AAL
2025-05-09 01:04:00,11.1,11.23,10.93,11.1,58639659.0,11.0631,96141,,AAL
2025-05-12 01:04:00,11.39,12.1,11.2,11.67,80259304.0,11.7398,160655,,AAL
2025-05-13 01:04:00,11.68,12.385,11.61,12.35,83723099.0,12.191,161627,,AAL
2025-05-14 01:04:00,12.4,12.445,11.82,11.83,70967847.0,12.116,134998,,AAL
2025-05-15 01:04:00,11.81,11.95,11.465,11.76,53958616.0,11.7037,86669,,AAL
2025-05-16 01:04:00,11.8,11.98,11.65,11.6902,45239775.0,11.8487,93302,,AAL
2025-05-19 01:04:00,11.6,11.925,11.5,11.8597,42395105.0,11.8263,90700,,AAL
2025-05-20 01:04:00,11.86,11.96,11.565,11.7,42803517.0,11.7414,75056,,AAL
2025-05-21 01:04:00,11.63,11.67,11.11,11.2399,56157443.0,11.3614,92767,,AAL
2025-05-22 01:04:00,11.28,11.56,11.15,11.4102,48683927.0,11.3672,90221,,AAL
2025-05-23 01:04:00,11.52,11.52,10.97,11.19,44462816.0,11.1643,82393,,AAL
2025-05-27 01:04:00,11.4,11.8,11.35,11.6995,68429725.0,11.6528,115669,,AAL
2025-05-28 01:04:00,11.65,11.74,11.39,11.6901,60184644.0,11.5201,81712,,AAL
2025-05-29 01:04:00,11.8,11.8,11.31,11.4,60257029.0,11.4179,92845,,AAL
2025-05-30 01:04:00,11.43,11.47,11.19,11.38,58636455.0,11.3241,86484,,AAL
2025-06-02 01:04:00,11.3,11.39,11.03,11.3601,48056682.0,11.2524,88867,,AAL
2025-06-03 01:04:00,11.3,11.53,11.21,11.48,44979313.0,11.4147,76425,,AAL
2025-06-04 01:04:00,11.51,11.58,11.32,11.4301,41854268.0,11.4601,69273,,AAL
2025-06-05 01:04:00,11.44,11.51,11.22,11.2701,49554878.0,11.3927,85448,,AAL
2025-06-06 01:04:00,11.32,11.8,11.27,11.77,43764900.0,11.6138,78378,,AAL
2025-06-09 01:04:00,11.8,11.95,11.73,11.79,38061214.0,11.835,72008,,AAL
2025-06-10 01:04:00,11.78,11.9698,11.68,11.84,40341260.0,11.8193,69352,,AAL
2025-06-11 01:04:00,11.9,12.01,10.99,11.0802,70454249.0,11.3279,142489,,AAL
2025-06-12 01:04:00,11.08,11.13,10.68,10.85,52449572.0,10.8169,108110,,AAL
2025-06-13 01:04:00,10.57,10.65,10.27,10.39,68846362.0,10.4385,136069,,AAL
2025-06-16 01:04:00,10.47,10.95,10.43,10.7983,56769797.0,10.8078,115392,,AAL
2025-06-17 01:04:00,10.72,10.9,10.44,10.5,56173925.0,10.6806,104532,,AAL
2025-06-18 01:04:00,10.59,10.77,10.53,10.5899,56051101.0,10.6572,84640,,AAL
2025-06-20 01:04:00,10.58,10.79,10.5,10.62,53826766.0,10.6442,80369,,AAL
2025-06-23 01:04:00,10.54,11.23,10.26,11.122,77004125.0,10.6223,134603,,AAL
2025-06-24 01:04:00,11.19,11.46,11.0705,11.38,61289817.0,11.3467,109568,,AAL
2025-06-25 01:04:00,11.4,11.45,10.95,11.0791,39933180.0,11.0735,76669,,AAL
2025-06-26 01:04:00,11.17,11.28,11.1,11.1201,37775577.0,11.1921,74565,,AAL
2025-06-27 01:04:00,11.19,11.46,11.14,11.26,41770658.0,11.2916,80129,,AAL
2025-06-30 01:04:00,11.34,11.45,11.18,11.22,29476272.0,11.242,66444,,AAL
2025-07-01 01:04:00,11.25,11.71,11.13,11.5201,48491978.0,11.4756,100669,,AAL
2025-07-02 01:04:00,11.52,11.79,11.425,11.6399,38968505.0,11.6388,89479,,AAL
2025-07-03 01:04:00,11.65,11.93,11.64,11.6703,30010951.0,11.7725,60284,,AAL
2025-07-07 01:04:00,11.7,11.97,11.44,11.5501,49357364.0,11.6427,95722,,AAL
2025-07-08 01:04:00,11.6,11.9,11.55,11.6,50333339.0,11.7007,92031,,AAL
2025-07-09 01:04:00,11.62,11.88,11.39,11.5,64406987.0,11.5408,105204,,AAL
2025-07-10 01:04:00,11.5,13.18,11.46,13.0,145103027.0,12.7921,340039,,AAL
2025-07-11 01:04:00,13.0,13.03,12.2,12.2599,81889616.0,12.4236,158793,,AAL
2025-07-14 01:04:00,12.14,12.41,12.09,12.3665,55636621.0,12.2772,102899,,AAL
2025-07-15 01:04:00,12.41,12.5,12.15,12.19,57076250.0,12.2742,93190,,AAL
2025-07-16 01:04:00,12.2,12.34,11.91,12.2,65654045.0,12.1315,100676,,AAL
2025-07-17 01:04:00,12.22,12.95,12.1,12.5,84422338.0,12.5512,137683,,AAL
2025-07-18 01:04:00,12.5,12.59,12.2,12.5098,69029471.0,12.4043,95106,,AAL
2025-07-21 01:04:00,12.51,12.65,12.31,12.3599,49383530.0,12.4164,84022,,AAL
2025-07-22 01:04:00,12.42,12.55,12.18,12.55,52554945.0,12.3953,80813,,AAL
2025-07-23 01:04:00,12.58,12.79,12.51,12.7197,72782585.0,12.6685,120563,,AAL
2025-07-24 01:04:00,12.88,12.88,11.33,11.5397,117303951.0,11.6275,260225,,AAL
2025-07-25 01:04:00,11.5,11.7,11.45,11.5,61200450.0,11.5746,108554,,AAL
2025-07-28 01:04:00,11.5,11.63,11.4,11.5799,68857861.0,11.5258,95465,,AAL
2025-07-29 01:04:00,11.6,11.6497,11.38,11.46,68794322.0,11.5035,92174,,AAL
2025-07-30 01:04:00,11.46,11.63,11.31,11.49,71507144.0,11.4808,92778,,AAL
2025-07-31 01:04:00,11.5,11.64,11.36,11.47,81180627.0,11.4835,91324,,AAL
2025-08-01 01:04:00,11.42,11.5,10.9,11.03,68606317.0,11.0322,130547,,AAL
2025-08-04 01:04:00,11.12,11.305,11.07,11.2899,67780542.0,11.2164,98913,,AAL
2025-08-05 01:04:00,11.28,11.69,11.13,11.6001,62341861.0,11.4273,100392,,AAL
2025-08-06 01:04:00,11.68,11.78,11.48,11.72,58953231.0,11.59,90570,,AAL
2025-08-07 01:04:00,11.74,11.84,11.59,11.72,45903151.0,11.6987,75459,,AAL
2025-08-08 01:04:00,11.74,11.8081,11.56,11.63,40221674.0,11.6777,73825,,AAL
2025-08-11 01:04:00,11.67,11.76,11.55,11.59,49550857.0,11.6351,74407,,AAL
2025-08-12 01:04:00,11.6,13.02,11.57,12.92,112451782.0,12.6525,186229,,AAL
2025-08-13 01:04:00,12.92,13.22,12.74,13.15,59823881.0,13.0227,111878,,AAL
2025-08-14 01:04:00,13.23,13.23,12.66,12.79,56479487.0,12.7558,86080,,AAL
2025-08-15 01:04:00,12.85,13.19,12.82,13.1603,48407271.0,13.0914,76610,,AAL
2025-08-18 01:04:00,13.16,13.33,13.045,13.2,47870227.0,13.2098,70276,,AAL
2025-08-19 01:04:00,13.12,13.3799,13.08,13.17,57027854.0,13.2375,83538,,AAL
2025-08-20 01:04:00,13.16,13.27,12.75,12.83,64914856.0,12.8653,92620,,AAL
2025-08-21 01:04:00,12.8,12.84,12.48,12.58,61563781.0,12.5609,81732,,AAL
2025-08-22 01:04:00,12.57,13.58,12.56,13.55,61353981.0,13.3325,122422,,AAL
2025-08-25 01:04:00,13.4,13.56,12.88,13.02,73945898.0,13.0408,113112,,AAL
2025-08-26 01:04:00,13.0,13.17,12.88,13.15,59792956.0,13.0345,86937,,AAL
2025-08-27 01:04:00,13.14,13.36,13.035,13.1297,51104496.0,13.1425,74947,,AAL
2025-08-28 01:04:00,13.15,13.35,13.06,13.24,65740503.0,13.2343,86807,,AAL
2025-08-29 01:04:00,13.26,14.2,13.14,13.76,67682208.0,13.2787,78931,,AAL
2025-09-02 01:04:00,13.56,13.69,12.94,13.38,92563828.0,13.1873,116048,,AAL
2025-09-03 01:04:00,13.37,14.01,13.34,13.4609,81572983.0,13.5617,114524,,AAL
2025-09-04 01:04:00,13.49,13.66,12.82,12.8898,79272880.0,13.2143,116043,,AAL
2025-09-05 01:04:00,12.9,13.28,12.81,13.08,87587469.0,13.1091,118940,,AAL
2025-09-08 01:04:00,13.14,13.22,12.89,12.9301,88569914.0,12.9957,117101,,AAL
2025-09-09 01:04:00,12.93,12.99,12.64,12.7609,63749277.0,12.7828,92119,,AAL
2025-09-10 01:04:00,12.78,13.1,12.635,12.83,85999888.0,12.8499,95790,,AAL
2025-09-11 01:04:00,12.83,13.15,12.61,12.93,101187555.0,12.8585,165427,,AAL
2025-09-12 01:04:00,12.93,13.23,12.89,12.92,82400310.0,12.9869,105221,,AAL
2025-09-15 01:04:00,12.96,12.99,12.48,12.5798,97951786.0,12.6592,126921,,AAL
2025-09-16 01:04:00,12.63,12.64,12.1636,12.41,88781407.0,12.3393,110501,,AAL
2025-09-17 01:04:00,12.45,12.82,12.36,12.54,105892487.0,12.5996,115517,,AAL
2025-09-18 01:04:00,12.6,12.73,12.47,12.59,105041228.0,12.5568,98406,,AAL
2025-09-19 01:04:00,12.58,12.67,12.31,12.44,76530991.0,12.4532,82822,,AAL
2025-09-22 01:04:00,12.44,12.45,12.0,12.31,90782380.0,12.1839,108638,,AAL
2025-09-23 01:04:00,12.29,12.49,12.19,12.23,71500111.0,12.3504,88853,,AAL
2025-09-24 01:04:00,12.2,12.26,11.9301,11.98,88043451.0,12.0334,95549,,AAL
2025-09-25 01:04:00,11.94,12.0,11.36,11.41,99178757.0,11.5536,127341,,AAL
2025-09-26 01:04:00,11.5,11.65,11.26,11.32,80616815.0,11.3547,100317,,AAL
2025-09-29 01:04:00,11.4,11.51,11.19,11.3799,90911985.0,11.3324,107820,,AAL
2025-09-30 01:04:00,11.37,11.46,11.07,11.2,90845748.0,11.1761,103825,,AAL
2025-10-01 01:04:00,11.1,11.39,10.97,11.27,80010372.0,11.2983,98838,,AAL
2025-10-02 01:04:00,11.34,11.6,11.27,11.45,75715510.0,11.4485,103819,,AAL
2025-10-03 01:04:00,11.49,11.63,11.37,11.57,75355936.0,11.5017,85741,,AAL
2025-10-06 01:04:00,11.68,11.88,11.435,11.85,89560945.0,11.7606,109066,,AAL
2025-10-07 01:04:00,11.91,11.97,11.52,11.65,58477944.0,11.6663,96787,,AAL
2025-10-08 01:04:00,11.68,12.03,11.56,11.87,62895642.0,11.8568,91776,,AAL
2025-10-09 01:04:00,11.87,12.5,11.51,11.64,99917487.0,11.8066,181120,,AAL
2025-10-10 01:04:00,11.69,12.0551,11.3,11.41,70929691.0,11.6528,131490,,AAL
2025-10-13 01:04:00,11.66,11.86,11.6,11.74,41208547.0,11.7342,85030,,AAL
2025-10-14 01:04:00,11.66,12.28,11.52,12.1993,62864582.0,12.0247,115275,,AAL
2025-10-15 01:04:00,12.24,12.6423,12.15,12.3505,49759910.0,12.3588,107298,,AAL
2025-10-16 01:04:00,12.41,12.565,11.72,11.9,61819834.0,12.0075,143517,,AAL
2025-10-17 01:04:00,11.89,12.02,11.62,11.89,33419465.0,11.9009,84577,,AAL
2025-10-20 01:04:00,11.92,12.24,11.87,12.19,37968997.0,12.1251,88916,,AAL
2025-10-21 01:04:00,12.16,12.4,12.08,12.3311,36383672.0,12.3203,91081,,AAL
2025-10-22 01:04:00,12.35,12.38,11.99,12.1401,54123167.0,12.1138,114764,,AAL
2025-10-23 01:04:00,12.21,13.04,12.15,12.74,88561168.0,12.6916,222898,,AAL
2025-10-24 01:04:00,12.77,13.89,12.7,13.75,90267988.0,13.6177,228977,,AAL
2025-10-27 01:04:00,13.89,14.0,13.34,13.4001,51237113.0,13.4946,119047,,AAL
2025-10-28 01:04:00,13.36,13.47,12.65,12.78,51095484.0,12.9549,112490,,AAL
2025-10-29 01:04:00,12.81,13.0,12.64,12.97,41242354.0,12.8739,103742,,AAL
2025-10-30 01:04:00,12.96,13.155,12.7,12.8299,51921010.0,12.9252,105599,,AAL
2025-10-31 01:04:00,12.85,13.14,12.64,13.13,43410748.0,12.9658,80906,,AAL
2025-11-03 01:04:00,13.12,13.5,12.98,13.32,52901669.0,13.3562,95972,,AAL
2025-11-04 01:04:00,13.17,13.3,12.53,12.6,56854616.0,12.8393,105255,,AAL
2025-11-05 01:04:00,12.7,13.54,12.66,13.3808,57365294.0,13.2992,116822,,AAL
2025-11-06 01:04:00,13.26,13.55,12.95,13.17,65169766.0,13.1882,105816,,AAL
2025-11-07 01:04:00,13.115,13.77,12.7501,13.6899,67484931.0,13.3861,133959,,AAL
2025-11-10 01:04:00,13.97,14.05,13.27,13.33,49696979.0,13.5036,127746,,AAL
